### SYSSTAT_FILES
total 3568
-rw-r--r-- 1 root root 170524 Sep  1 18:20 sa01
-rw-r--r-- 1 root root 190324 Sep  3 23:50 sa03
-rw-r--r-- 1 root root  20896 Sep  4 01:20 sa04
-rw-r--r-- 1 root root 223324 Aug 27 23:50 sa27
-rw-r--r-- 1 root root 317896 Aug 28 23:50 sa28
-rw-r--r-- 1 root root  31896 Aug 29 02:10 sa29
-rw-r--r-- 1 root root 309124 Aug 30 23:50 sa30
-rw-r--r-- 1 root root 218896 Aug 31 16:20 sa31
-rw-r--r-- 1 root root 298718 Sep  4 00:07 sar03
-rw-r--r-- 1 root root 483198 Aug 27 00:07 sar26
-rw-r--r-- 1 root root 352166 Aug 28 00:07 sar27
-rw-r--r-- 1 root root 499182 Aug 29 00:07 sar28
-rw-r--r-- 1 root root 485272 Aug 31 00:07 sar30
### SAR_R_SA01
Linux 6.8.0-138-generic (pgain-nuc) 	09/01/26 	_x86_64_	(4 CPU)

05:33:33     LINUX RESTART	(4 CPU)

05:40:12    kbmemfree   kbavail kbmemused  %memused kbbuffers  kbcached  kbcommit   %commit  kbactive   kbinact   kbdirty
05:50:01     22360208  27274584   4988244     15.23     54628   5234656   5392136     14.59   5099016   4966608        12
06:00:02     22321600  27270940   4990092     15.24     55924   5267944   5616628     15.20   5122700   4987400        72
06:10:02     22332524  27283220   4977612     15.20     56836   5268460   5616628     15.20   5122352   4988732        64
06:20:01     22335584  27287444   4973292     15.18     57736   5268800   5616628     15.20   5122508   4989876        12
06:30:24     22339632  27292952   4967592     15.17     58676   5269428   5616628     15.20   5122708   4991316        32
06:40:22     22306064  27262372   4997824     15.26     59600   5271604   5616628     15.20   5124156   4993136         0
06:50:01     22309868  27267304   4992840     15.24     60444   5271948   5616628     15.20   5124272   4994248        12
07:00:12     22318008  27277040   4982940     15.21     61360   5272744   5616632     15.20   5124688   4995688        16
07:10:24     22322380  27282804   4977040     15.20     62280   5273336   5616632     15.20   5124892   4997064         4
07:20:01     22324208  27285808   4973868     15.19     63160   5273696   5616632     15.20   5125008   4998208        12
07:30:02     22331836  27294772   4964740     15.16     64064   5274232   5616632     15.20   5125144   4999528       104
07:40:20     22332960  27297252   4962120     15.15     64992   5274764   5616632     15.20   5125296   5000868        32
07:50:01     22327928  27293404   4965872     15.16     65872   5275124   5616632     15.20   5125388   5002028        68
08:00:17     22333788  27300776   4958304     15.14     66800   5275808   5616632     15.20   5125472   5003520        12
08:10:02     22335848  27304272   4954612     15.13     67688   5276484   5616632     15.20   5125656   5004932        12
08:20:01     21431728  27288300   4967824     15.17     68660   6161780   5616816     15.20   6007036   5011356        88
08:30:12     21429576  27287500   4968496     15.17     69564   6162300   5616816     15.20   6008012   5012676        76
08:40:24     21436948  27296252   4959596     15.14     70492   6162832   5616816     15.20   6008608   5014032        76
08:50:01     21436332  27296812   4958976     15.14     71364   6163172   5616816     15.20   6008540   5015192        88
09:00:24     21427808  27289684   4965996     15.16     72308   6163712   5616816     15.20   6008940   5016560       172
09:10:02     21425632  27288788   4966708     15.16     73196   6164192   5616816     15.20   6009036   5017828        88
09:20:01     21421620  27286012   4969404     15.17     74092   6164544   5616816     15.20   6009092   5019040        20
09:30:24     21419900  27285652   4969624     15.17     75020   6165044   5616816     15.20   6009212   5020380        16
09:40:24     21424384  27291584   4963580     15.16     75908   6165676   5616816     15.20   6009504   5021684        36
09:50:01     21391232  27270456   4978076     15.20     79420   6168252   5616816     15.20   6010212   5027100        36
10:00:24     21396360  27277180   4971216     15.18     80340   6168996   5616816     15.20   6010316   5028676        24
10:10:12     21399928  27282100   4966116     15.16     81244   6169508   5616816     15.20   6010400   5030004        12
10:20:02     21396668  27280040   4968080     15.17     82132   6169856   5616816     15.20   6010468   5031188        12
10:30:02     21400820  27285512   4962440     15.15     83044   6170344   5616816     15.20   6010580   5032484         0
10:40:24     21397204  27283272   4964544     15.16     83988   6170860   5616816     15.20   6010708   5033836         4
10:50:02     21394488  27281660   4966092     15.16     84888   6171116   5616816     15.20   6010788   5034916        72
11:00:24     21389240  27277760   4969912     15.17     85808   6171608   5616816     15.20   6010900   5036248        12
11:10:02     21369692  27264152   4983060     15.21     87168   6175868   5616816     15.20   6011676   5041144        12
11:20:02     21372548  27268276   4978852     15.20     88064   6176268   5616816     15.20   6011840   5042272        56
11:30:12     21375392  27272404   4974620     15.19     88984   6176676   5616816     15.20   6011912   5043536        32
11:40:24     21380692  27279012   4967868     15.17     89896   6177128   5616816     15.20   6012064   5044820        24
11:50:00     21375260  27274692   4972132     15.18     90768   6177412   5616816     15.20   6012112   5045912         0
12:00:24     21377080  27277840   4968856     15.17     91696   6177896   5616816     15.20   6012680   5047220       108
12:10:12     21377032  27279108   4967504     15.17     92592   6178348   5616816     15.20   6012816   5048516        96
12:20:02     21371660  27274868   4971676     15.18     93480   6178600   5616816     15.20   6012852   5049632        12
12:30:12     21367464  27271968   4974456     15.19     94384   6179084   5616816     15.20   6012980   5050912        88
12:40:24     21376028  27281832   4964432     15.16     95304   6179508   5616816     15.20   6013068   5052188        88
12:50:02     21374556  27281544   4964612     15.16     96184   6179852   5616816     15.20   6013140   5053348        96
13:00:24     21378424  27286740   4959304     15.14     97128   6180308   5616816     15.20   6013240   5054660        12
13:10:12     21381180  27290800   4955148     15.13     98008   6180788   5616816     15.20   6013144   5055940         0
13:20:02     21378196  27288900   4956972     15.13     98856   6181052   5616816     15.20   6013188   5057008        28
13:30:02     21380008  27292124   4953628     15.12     99784   6181572   5616816     15.20   6013072   5058404        20
13:40:24     21380116  27293480   4952172     15.12    100696   6181944   5616816     15.20   6013132   5059628        32
13:50:00     21374940  27291616   4954056     15.13    101604   6184332   5616816     15.20   6015148   5060916      3544
14:00:24     21333392  27262308   4983052     15.21    102708   6195404   5616816     15.20   6025820   5062476       912
14:10:22     21341068  27277852   4967260     15.17    103756   6202160   5616816     15.20   6032224   5063864      2252
14:20:00     21331704  27278756   4965944     15.16    104756   6211348   5616816     15.20   6040948   5065068      1964
14:30:12     21327072  27284448   4960016     15.14    105812   6220492   5616816     15.20   6049552   5066520       860
14:40:24     21322436  27289424   4954948     15.13    106868   6228988   5616816     15.20   6057528   5068068      1484
14:50:00     21309328  27281484   4962564     15.15    107984   6232896   5616816     15.20   6061276   5069488      1888
15:00:24     21304060  27287500   4956264     15.13    109072   6243016   5625140     15.23   6071048   5070988      1836
15:10:12     21293392  27285544   4957868     15.14    110128   6250616   5651944     15.30   6087068   5072384        88
15:20:00     21277936  27279360   4963880     15.16    111152   6258768   5651944     15.30   6095544   5073612      3660
15:30:22     21263864  27276472   4966592     15.16    112248   6268748   5651944     15.30   6104348   5075080      2304
15:40:24     21260292  27282460   4960376     15.15    113320   6277184   5651944     15.30   6112556   5076572      4524
15:50:00     20927900  27239916   4998632     15.26    114680   6562532   5688580     15.40   6071916   5406812      1128
16:00:24     20931840  27252860   4985556     15.22    115852   6570172   5652056     15.30   6076464   5408320      2112
16:10:12     20928256  27259860   4978336     15.20    116896   6579644   5652056     15.30   6085600   5409696      3488
16:20:00     20934580  27273684   4964312     15.16    117904   6586020   5652056     15.30   6091324   5410920      4212
16:30:22     20926428  27278824   4958876     15.14    119008   6598196   5652056     15.30   6103100   5412424      1668
16:40:24     20920344  27281500   4956028     15.13    120064   6605852   5652056     15.30   6110056   5413932      5296
16:50:00     20906576  27276404   4960904     15.15    121064   6613416   5652056     15.30   6117424   5415180      1200
17:00:24     20897576  27278796   4958212     15.14    122228   6623528   5652056     15.30   6127368   5416704       420
17:10:22     20888780  27280584   4956148     15.13    123260   6633008   5652056     15.30   6136736   5418072       740
17:20:00     20875368  27274688   4961892     15.15    124260   6639440   5652056     15.30   6142912   5419320      3304
17:30:12     20868068  27278900   4957264     15.14    125328   6649872   5652056     15.30   6152672   5420836       992
17:40:24     20857216  27277880   4958248     15.14    126384   6658500   5652056     15.30   6161196   5422252       532
17:50:00     20846864  27276524   4959348     15.14    127368   6666416   5652056     15.30   6168900   5423456       772
18:00:24     20829020  27267908   4967672     15.17    128524   6674360   5652056     15.30   6176508   5424948      2700
18:10:24     20825840  27276360   4959052     15.14    129564   6684896   5652056     15.30   6186488   5426340      2816
18:20:00     20818720  27276892   4958332     15.14    130556   6691432   5652056     15.30   6192996   5427568       512
Average:     21459085  27280659   4967376     15.17     91932   6099426   5623683     15.22   5869201   5113465       779
### SAR_R_SA03
Linux 6.8.0-138-generic (pgain-nuc) 	09/03/26 	_x86_64_	(4 CPU)

09:37:18     LINUX RESTART	(4 CPU)

09:40:29    kbmemfree   kbavail kbmemused  %memused kbbuffers  kbcached  kbcommit   %commit  kbactive   kbinact   kbdirty
09:50:19     22373392  27280100   4983124     15.21     53700   5228028   5383820     14.57   5095320   4962596        20
10:00:05     22378448  27287108   4975744     15.19     55028   5228640   5383820     14.57   5095528   4964396        40
10:10:29     22377976  27287820   4974928     15.19     55948   5228944   5383820     14.57   5095552   4965560        72
10:20:29     22385484  27296700   4965920     15.16     56864   5229508   5383820     14.57   5095804   4966912         4
10:30:20     22099808  27246628   4997848     15.26     76840   5430904   5479144     14.83   5126684   5168556        12
10:40:29     22098468  27246464   4997948     15.26     77760   5431240   5450792     14.75   5124128   5169732        12
10:50:02     22099392  27248728   4995504     15.25     78648   5431848   5450792     14.75   5124352   5171072        12
11:00:20     22108660  27259352   4984712     15.22     79564   5432412   5450792     14.75   5124720   5172416        16
11:10:29     22112984  27264976   4979008     15.20     80464   5432876   5450792     14.75   5125148   5173636        36
11:20:07     22125112  27278432   4965360     15.16     81324   5433464   5450800     14.75   5125336   5174948         8
11:30:24     22134044  27288856   4954756     15.13     82280   5434116   5450800     14.75   5125488   5176420        20
11:40:04     22137832  27293876   4949656     15.11     83132   5434560   5450800     14.75   5125756   5177512        12
11:50:07     22135108  27292520   4950908     15.12     84036   5435120   5450800     14.75   5125888   5178864        88
12:00:19     22137420  27296188   4947124     15.10     84936   5435656   5450800     14.75   5126008   5180204        80
12:10:29     22134060  27294016   4949172     15.11     85836   5436012   5450800     14.75   5126080   5181372         4
12:20:07     22131472  27292956   4950104     15.11     86748   5436748   5450800     14.75   5126244   5182764        12
12:30:11     22130148  27293252   4949700     15.11     87676   5437544   5450800     14.75   5126216   5184368        80
12:40:19     22124636  27289008   4953848     15.13     88584   5437960   5450800     14.75   5126224   5185620        28
12:50:08     22124720  27290468   4952232     15.12     89496   5438536   5451056     14.75   5126388   5186980         0
13:00:20     22125168  27292296   4950312     15.11     90420   5439068   5451056     14.75   5126460   5188340        92
13:10:29     22118440  27286728   4955820     15.13     91336   5439348   5451056     14.75   5126828   5189488        12
13:20:08     22122312  27291876   4950516     15.12     92196   5439864   5451056     14.75   5126972   5190736         4
13:30:29     22116260  27287240   4954980     15.13     93120   5440440   5451056     14.75   5127104   5192128         8
13:40:11     22118292  27290420   4951724     15.12     94020   5440724   5451056     14.75   5127152   5193264        84
13:50:29     22112720  27286160   4955760     15.13     94936   5441172   5451056     14.75   5127036   5194540        20
14:00:29     22116036  27290764   4951060     15.12     95828   5441632   5451056     14.75   5127132   5195812        16
14:10:29     22109228  27285076   4956724     15.13     96724   5441856   5451056     14.75   5127364   5196916        24
14:20:08     22110772  27287928   4953688     15.12     97600   5442396   5451056     14.75   5127484   5198212         8
14:30:07     22114600  27293072   4948440     15.11     98492   5442912   5451056     14.75   5127444   5199512        36
14:40:29     22088704  27273112   4968284     15.17     99888   5447340   5451056     14.75   5128528   5204428        16
14:50:29     22093532  27283768   4957480     15.14    100868   5452220   5451056     14.75   5132836   5205848       428
15:00:20     22094024  27294976   4945952     15.10    101900   5461876   5451056     14.75   5141956   5207312      1736
15:10:29     22083652  27292592   4948096     15.11    102968   5468748   5451056     14.75   5148840   5208648      1564
15:20:29     22069224  27290300   4950148     15.11    104008   5479784   5451056     14.75   5159436   5210140      4728
15:30:20     22059252  27289188   4950984     15.12    105044   5487572   5451056     14.75   5166732   5211636      4100
15:40:29     22047880  27287436   4952500     15.12    106108   5496028   5451056     14.75   5174780   5212920      5612
15:50:29     22034336  27287576   4952056     15.12    107244   5508496   5467440     14.80   5186512   5214736      3276
16:00:20     22028252  27292284   4947108     15.10    108276   5518204   5467440     14.80   5195948   5216132      2608
16:10:09     22020716  27292268   4947008     15.10    109284   5524608   5467440     14.80   5202048   5217380      3840
16:20:04     22008148  27290992   4947876     15.11    110324   5534800   5467440     14.80   5211968   5218800      4660
16:30:05     21999644  27292156   4946484     15.10    111356   5543400   5467440     14.80   5219964   5220304      5028
16:40:19     21987400  27289396   4949036     15.11    112424   5551732   5467440     14.80   5228264   5221600      1544
16:50:09     21969756  27284984   4953140     15.12    113476   5563852   5467180     14.80   5240196   5223080      2224
17:00:20     21967248  27293196   4944612     15.10    114536   5573420   5467180     14.80   5249380   5224528      1792
17:10:29     21954408  27289240   4948356     15.11    115584   5581216   5467180     14.80   5256624   5225904      2840
17:20:17     21633340  27286116   4949780     15.11    116708   5897004   5471276     14.81   5568140   5232624      1892
17:30:09     21613784  27277616   4958004     15.14    117804   5906916   5471276     14.81   5577704   5234116      1096
17:40:29     21604356  27277860   4957564     15.14    118888   5915376   5471276     14.81   5586244   5235452      2992
17:50:09     21577896  27260612   4974648     15.19    119912   5923520   5471276     14.81   5594232   5236860      4816
18:00:20     21577072  27265664   4969120     15.17    121048   5928132   5471276     14.81   5598292   5238396      2576
18:10:29     21568692  27267924   4966600     15.16    122108   5937660   5471276     14.81   5608112   5239704      3756
18:20:29     21303564  27222472   5008824     15.29    123428   6153636   5507824     14.91   5560564   5507388      1432
18:30:09     21315916  27247276   4983764     15.22    124424   6165084   5471280     14.81   5568940   5508752      1756
18:40:29     21314976  27255920   4974900     15.19    125512   6173500   5471280     14.81   5577380   5510136      3072
18:50:29     21315084  27264272   4966272     15.16    126576   6180616   5471280     14.81   5584104   5511600      4824
19:00:12     21306564  27268848   4961496     15.15    127676   6192528   5471280     14.81   5595336   5513076      2812
19:10:09     21297544  27270556   4959548     15.14    128716   6202140   5471280     14.81   5604728   5514344      3868
19:20:29     21288232  27269188   4960752     15.15    129788   6208972   5471280     14.81   5611380   5515812      1780
19:30:20     21278224  27270624   4958924     15.14    130832   6219304   5471280     14.81   5621408   5517200      3164
19:40:29     21269684  27271300   4958140     15.14    131912   6227344   5471280     14.81   5629188   5518508      4560
19:50:09     21269816  27280592   4948556     15.11    132924   6235432   5471280     14.81   5636880   5519880      5272
20:00:20     21254128  27275032   4953692     15.12    134084   6244292   5471280     14.81   5645620   5521376      3528
20:10:19     21246508  27278740   4949872     15.11    135140   6254500   5471280     14.81   5655588   5522672      4068
20:20:29     21239584  27280148   4948144     15.11    136208   6261656   5471280     14.81   5662368   5524108      3216
20:30:09     21230552  27280812   4947364     15.11    137240   6270256   5471280     14.81   5670640   5525492       624
20:40:29     21216752  27278048   4949956     15.11    138332   6280068   5471280     14.81   5680008   5526824       140
20:50:19     21204464  27274992   4952708     15.12    139364   6288204   5471280     14.81   5687976   5528248      1368
21:00:20     21192384  27275032   4952276     15.12    140472   6299120   5471280     14.81   5698432   5529812       488
21:10:09     21170996  27266164   4959464     15.14    142076   6308536   5471280     14.81   5707628   5531640      1904
21:20:29     21164856  27269616   4955740     15.13    143152   6316984   5471280     14.81   5715488   5533048      2788
21:30:09     21162052  27274300   4950880     15.12    144160   6323376   5471280     14.81   5721800   5534392       968
21:40:26     21145940  27271180   4953736     15.13    145256   6335172   5471280     14.81   5733312   5535756      3660
21:50:19     21142476  27277292   4947416     15.11    146292   6343612   5471280     14.81   5741428   5537132       948
22:00:20     21126184  27270624   4953892     15.13    147356   6352132   5471280     14.81   5749556   5538576      4852
22:10:09     21115352  27268708   4955632     15.13    148468   6359776   5471280     14.81   5756732   5539956      3648
22:20:24     21102092  27266632   4957344     15.14    149536   6369824   5471280     14.81   5766824   5541416      2536
22:30:19     21093880  27266244   4957584     15.14    150588   6376548   5471280     14.81   5772972   5542844      1400
22:40:29     21076728  27258564   4965092     15.16    151608   6384924   5471280     14.81   5781324   5544128      4600
22:50:09     21069956  27261036   4962272     15.15    152612   6393156   5471280     14.81   5788872   5545596      4480
23:00:20     21067640  27268284   4954880     15.13    153672   6401588   5471280     14.81   5797000   5546968      3624
23:10:19     21045944  27255524   4967272     15.17    154776   6409260   5471280     14.81   5804628   5548344      3000
23:20:29     21036892  27258324   4964368     15.16    155864   6419936   5471280     14.81   5814968   5549800      3828
23:30:09     21040740  27269792   4952696     15.12    156860   6426480   5471280     14.81   5821056   5551284      2220
23:40:29     21027664  27268304   4953820     15.13    157924   6436912   5471280     14.81   5830800   5552616      1592
23:50:09     21021084  27270960   4950968     15.12    158920   6445088   5471280     14.81   5838816   5553960      4688
Average:     21702927  27277455   4958702     15.14    113589   5821240   5459855     14.78   5399392   5321954      1890
### SAR_R_SA04
Linux 6.8.0-138-generic (pgain-nuc) 	09/04/26 	_x86_64_	(4 CPU)

00:00:20    kbmemfree   kbavail kbmemused  %memused kbbuffers  kbcached  kbcommit   %commit  kbactive   kbinact   kbdirty
00:10:15     20992916  27262544   4958828     15.14    161080   6462372   5471280     14.81   5857120   5555152      7632
00:20:29     20988008  27268572   4952576     15.12    162152   6472152   5471280     14.81   5866568   5556564      2040
00:30:19     20977380  27266736   4954276     15.13    163184   6479820   5471536     14.81   5873920   5557920      3952
00:40:17     20974592  27271480   4949324     15.11    164220   6486256   5471536     14.81   5880096   5559196      1008
00:50:19     20960196  27269864   4950724     15.12    165284   6497884   5471536     14.81   5891160   5560608      3808
01:00:20     20928580  27247752   4972628     15.18    166316   6506288   5471536     14.81   5899384   5562040      4372
01:10:09     20923056  27245732   4974540     15.19    167248   6508788   5471536     14.81   5901892   5563180        20
01:20:09     20932620  27256552   4963608     15.16    168156   6509168   5471536     14.81   5901936   5564420        12
Average:     20959668  27261154   4959563     15.14    164705   6490341   5471472     14.81   5884010   5559885      2856
### SAR_R_SA27
Linux 6.8.0-138-generic (pgain-nuc) 	08/27/26 	_x86_64_	(4 CPU)

00:00:21    kbmemfree   kbavail kbmemused  %memused kbbuffers  kbcached  kbcommit   %commit  kbactive   kbinact   kbdirty
00:10:21       276036   2196668  29893252     91.27     19332   1345340  30552812     82.70  29847616   1190172       108
00:20:21       262216   2184116  29905776     91.31     20228   1345736  30552812     82.70  29847784   1191356        16
00:30:16       267832   2191060  29898840     91.29     21124   1346224  30552812     82.70  29847884   1192684         0
00:40:21       264052   2188680  29901148     91.30     22044   1346748  30552812     82.70  29847948   1194084        24
00:50:06       254308   2180044  29909764     91.32     22908   1347032  30552812     82.70  29847976   1195192       104
01:00:21       254320   2181404  29908344     91.32     23820   1347540  30552812     82.70  29848056   1196540        16
01:10:21       257552   2185972  29903648     91.30     24732   1348048  30552812     82.70  29848120   1197884        12
01:20:16       256436   2186060  29903532     91.30     25628   1348396  30552812     82.70  29848188   1199080        12
01:30:21       256524   2187492  29902008     91.30     26524   1348948  30552812     82.70  29848304   1200408        16
01:40:07       252372   2184708  29904740     91.31     27420   1349448  30552812     82.70  29848352   1201768        12
01:50:07       271628   2208652  29880784     91.23     28372   1353236  30552812     82.70  29851608   1202996       680
02:00:16       249872   2197860  29891580     91.27     29436   1363192  30552812     82.70  29861512   1204336      6188
02:10:21       353860   2191224  29898212     91.29     30040   1251976  30554440     82.70  29884676   1071672      1448
02:20:07       346808   2195064  29894432     91.28     30988   1261908  30547900     82.68  29892916   1071724      5348
02:30:21       341408   2204532  29884912     91.25     31996   1275800  30552712     82.70  29908628   1073372      5400
02:40:21       325492   2199160  29890192     91.26     33052   1285376  30552812     82.70  29918108   1074732      4328
02:50:07       309152   2199380  29889972     91.26     34188   1300832  30552812     82.70  29933096   1076136      4388
03:00:21       297300   2200148  29889100     91.26     35216   1312444  30552812     82.70  29944828   1077420       832
03:10:21       285460   2200400  29888844     91.26     36200   1323560  30552812     82.70  29955612   1078624      1356
03:20:07       399600   2160276  29904116     91.31     41496   1188328  30552248     82.69  29970336    933196      1916
03:30:21       389048   2159516  29904896     91.31     42552   1196848  30552248     82.69  29978936    934544      2840
03:40:21       388560   2168856  29895500     91.28     43584   1205492  30552248     82.69  29986896    936052      2248
03:50:07       374696   2171652  29892692     91.27     44696   1220620  30552248     82.69  30001796    937396      2860
04:00:21       365712   2176404  29887856     91.26     45708   1233072  30552248     82.69  30013908    938760      1516
04:10:21       351664   2177024  29887208     91.25     46760   1246516  30552248     82.69  30027288    940000      6204
04:20:07       339152   2175304  29888884     91.26     47776   1255992  30552248     82.69  30036480    941420      3592
04:30:21       329268   2174336  29889880     91.26     48848   1263596  30552248     82.69  30043976    942760      1888
04:40:21       313028   2172468  29891624     91.27     49992   1276564  30552248     82.69  30056616    944320      2036
Average:       308334   2185659  29895776     91.28     33381   1296029  30552510     82.69  29919552   1083522      1978

11:50:53     LINUX RESTART	(4 CPU)

12:00:04    kbmemfree   kbavail kbmemused  %memused kbbuffers  kbcached  kbcommit   %commit  kbactive   kbinact   kbdirty
12:10:04     22409372  27286960   4975292     15.19     54584   5197836   5459360     14.78   5076212   4959232        48
12:20:04     22332576  27273472   4988372     15.23     55572   5259992   5459500     14.78   5134168   4964828         4
12:30:04     22339392  27281868   4979728     15.20     56452   5260832   5459500     14.78   5134776   4966248        16
12:40:04     22351288  27295328   4966092     15.16     57356   5261628   5459500     14.78   5134964   4967796        12
12:50:04     22352832  27297972   4963320     15.15     58236   5261948   5459500     14.78   5135076   4968876        12
13:00:04     22364404  27310916   4950228     15.11     59124   5262528   5459500     14.78   5135372   4970208         4
13:10:04     22365652  27313476   4947472     15.11     59996   5263084   5459500     14.78   5135620   4971492        68
13:20:04      3992828  11390240  20856360     63.68     72932   7687120  21307096     57.67  21225068   7198664         4
13:30:03       256468   2766056  29480512     90.01     48924   2823596  29872076     80.85  29435668   2668804       108
13:40:04       393716   1788364  30458028     93.00     49844   1707820  30861332     83.53  30405484   1573700       104
13:50:04       395668   1080972  31165296     95.16     50596    997784  31565284     85.44  31109808    864300       160
14:00:02       388388    683624  31562448     96.37     51488    606928  31954084     86.49  31498808    474004       120
14:10:04       421304    612424  31633592     96.59     52408    501996  32046812     86.74  31594672    369684        12
14:20:04       419928    612088  31633908     96.59     53304    502240  32046812     86.74  31594716    370768        80
14:30:04       412724    606316  31639520     96.60     54168    502964  32046812     86.74  31594984    372084        36
14:40:04       415228    610152  31635488     96.59     55072    503516  32046812     86.74  31595200    373400       116
14:50:04       413220    609284  31636320     96.59     55960    503828  32046812     86.74  31595296    374528        12
15:00:04       412716    610192  31635204     96.59     56856    504508  32046812     86.74  31595492    375928        12
15:10:04       408432    607180  31638088     96.60     57752    504988  32046812     86.74  31595636    377184       124
15:20:04       406060    605956  31639212     96.60     58648    505316  32046812     86.74  31595732    378316        88
15:30:04       411712    612936  31632064     96.58     59528    505892  32046812     86.74  31595876    379628        20
15:40:04       411256    613820  31631016     96.58     60416    506452  32046812     86.74  31596000    380952        56
15:50:04       408176    611968  31632728     96.58     61280    506848  32046812     86.74  31596156    382164         8
16:00:04       414672    619768  31624800     96.56     62208    507296  32046812     86.74  31596264    383444        36
16:10:04       408228    614616  31629740     96.57     63104    507776  32046812     86.74  31596404    384716        92
16:20:04       409736    617316  31627008     96.57     64008    508116  32046812     86.74  31596492    385888        76
16:30:04       260604    595860  31649004     96.63      9868    691160  32172588     87.08  10561800  21563416       400
16:40:04       265740   1505660  30751164     93.89      2748   1591716  32173268     87.08  16314752  15816412        80
16:50:04       248756   1500600  30756260     93.91      3672   1602656  32173268     87.08  16326496  15817836        16
17:00:04       247708   1501444  30755048     93.90      4584   1604008  32173268     87.08  16327572  15819136        24
17:10:04       248608   1504216  30751932     93.89      5476   1605324  32173268     87.08  16328540  15820532       100
17:20:04       237576   1495080  30760820     93.92      6404   1606476  32173268     87.08  16329120  15822200       272
17:30:04       234828   1493888  30761756     93.92      7312   1607472  32173268     87.08  16329800  15823524        16
17:40:04       242692   1503120  30752164     93.89      8200   1608276  32173268     87.08  16330448  15824832       112
17:50:04       237700   1499948  30755168     93.90      9080   1609392  32173268     87.08  16332408  15825948       180
18:00:04       340520   1483316  30771672     93.95     14104   1484884  32173268     87.08  16326260  15712272         0
18:10:02       333152   1477444  30777064     93.97     14936   1485996  32173268     87.08  16327456  15713652        84
18:20:04       334428   1480172  30773944     93.96     15848   1486836  32173268     87.08  16327976  15714996        12
18:30:04       332968   1480268  30773644     93.96     16744   1487684  32173268     87.08  16328176  15716536        36
18:40:04       335996   1485268  30768240     93.94     17664   1489096  32173268     87.08  16329440  15717816        80
18:50:04       333056   1483672  30769600     93.95     18564   1489748  32173268     87.08  16330344  15719140        36
19:00:04       335932   1487900  30765068     93.93     19468   1490464  32173268     87.08  16330716  15720476        12
19:10:04       330376   1483468  30769296     93.95     20332   1490876  32173268     87.08  16330876  15721580        12
19:20:04       379164   1324400  30927768     94.43     19516   1283992  32330028     87.51  16528136  15486876       496
19:30:04       450336   1332440  30918944     94.40     20220   1220148  32477012     87.90  16539028  15367912        12
19:40:04       452380   1335672  30915752     94.39     21124   1220432  32477012     87.90  16539084  15369060        88
19:50:02       467032   1351624  30899684     94.34     22020   1220916  32477012     87.90  16539196  15370320        24
20:00:04       466936   1352876  30898308     94.34     22932   1221432  32477012     87.90  16539300  15371648         0
20:10:04       467192   1354420  30896736     94.34     23820   1221848  32477012     87.90  16539356  15372920         8
20:20:04       471176   1361004  30890064     94.32     24724   1223596  32477000     87.90  16541132  15374220         0
20:30:02       473420   1364536  30886444     94.30     25612   1224056  32477000     87.90  16541196  15375492         0
20:40:04       468912   1361216  30889776     94.31     26500   1224356  32477000     87.90  16541220  15376664        12
20:50:04       470008   1363544  30887348     94.31     27372   1224772  32477000     87.90  16541272  15377880        92
21:00:04       471960   1366804  30883956     94.30     28260   1225252  32477000     87.90  16541348  15379160        12
21:10:02       466924   1362948  30887764     94.31     29148   1225580  32477000     87.90  16541404  15380328        12
21:20:04       471372   1588536  30658256     93.61     32756   1440032  32477120     87.90  16290328  15587516        12
21:30:04       479984   1598496  30648200     93.58     33644   1440548  32477320     87.90  16290384  15588848        12
21:40:04       482516   1602168  30644492     93.57     34548   1440820  32477320     87.90  16290444  15589956        28
21:50:00       475896   1597108  30649356     93.58     35596   1441360  32480524     87.91  16292092  15591412        32
22:00:04       491008   1615360  30631000     93.52     36488   1443676  32477320     87.90  16292496  15592724       100
22:10:02       489784   1615400  30630940     93.52     37376   1444076  32477320     87.90  16292656  15593848         8
22:20:04       491012   1617840  30628488     93.52     38248   1444400  32477320     87.90  16292700  15595044        12
22:30:04       484260   1612432  30633776     93.53     39144   1444904  32477320     87.90  16292784  15596372       112
22:40:04       487036   1616140  30630000     93.52     39832   1445168  32477320     87.90  16292136  15597284         8
22:50:02       488452   1618812  30627236     93.51     40712   1445608  32477320     87.90  16292516  15598524        12
23:00:04       487232   1618692  30627260     93.51     41600   1445832  32477320     87.90  16292632  15599604        24
23:10:04       487248   1619380  30626504     93.51     42096   1446048  32477320     87.90  16292724  15600272        20
23:20:04       484120   1617600  30628200     93.52     42992   1446536  32477320     87.90  16292896  15601540        88
23:30:02       484160   1618744  30626988     93.51     43824   1446820  32477320     87.90  16292960  15602624        84
23:40:04       477400   1613144  30632504     93.53     44712   1447116  32477320     87.90  16293036  15603732         8
23:50:04       473036   1611612  30633996     93.53     45608   1449100  32477320     87.90  16295084  15605048        80
Average:      2617698   3997289  28253006     86.26     36694   1703427  29416813     79.62  19054390  10716253        61
### SAR_R_SA28
Linux 6.8.0-138-generic (pgain-nuc) 	08/28/26 	_x86_64_	(4 CPU)

00:00:04    kbmemfree   kbavail kbmemused  %memused kbbuffers  kbcached  kbcommit   %commit  kbactive   kbinact   kbdirty
00:10:02       467604   1610988  30634488     93.54     47404   1452148  32477320     87.90  16296268  15609012        32
00:20:04       464956   1609360  30635992     93.54     48292   1452308  32477320     87.90  16296352  15610020        24
00:30:04       467772   1613172  30632172     93.53     48972   1452632  32477320     87.90  16296492  15610992        12
00:40:04       469164   1615748  30629500     93.52     49660   1453172  32477320     87.90  16296716  15612036       108
00:50:02       450272   1603212  30641984     93.56     50788   1458388  32477320     87.90  16296892  15618236        84
01:00:04       427044   1581320  30663636     93.62     51692   1458832  32509168     87.99  16324384  15619500       292
01:10:04       440244   1595612  30649324     93.58     52412   1459200  32477320     87.90  16297580  15620432         4
01:20:04       437756   1593912  30650996     93.59     53004   1459408  32477320     87.90  16297356  15621208        88
01:30:02       440784   1598160  30646692     93.57     53764   1459892  32477320     87.90  16297516  15622284         0
01:40:04       438624   1596768  30648044     93.58     54348   1460092  32477320     87.90  16297104  15623044        12
01:50:02       440120   1599200  30645512     93.57     54932   1460540  32477320     87.90  16297668  15623968        24
02:00:04       438144   1598484  30646116     93.57     55820   1460964  32477320     87.90  16297732  15625212        12
02:10:04       441168   1602688  30641820     93.56     56728   1461268  32477320     87.90  16297796  15626368        20
02:20:04       440052   1602872  30641572     93.56     57624   1461704  32477320     87.90  16297848  15627636        92
02:30:02       439592   1603656  30640704     93.55     58528   1462088  32477320     87.90  16297900  15628876        24
02:40:04       433780   1598996  30645296     93.57     59424   1462344  32477320     87.90  16297936  15630012         4
02:50:04       436300   1602864  30641276     93.56     60336   1462864  32477320     87.90  16298036  15631344         8
03:00:04       438360   1606152  30637944     93.55     61208   1463244  32477320     87.90  16298080  15632556         8
03:10:02       437456   1606412  30637632     93.54     62096   1463512  32477320     87.90  16298100  15633696       192
03:20:04       419728   1605412  30638404     93.55     63068   1479232  32477320     87.90  16313444  15635060        12
03:30:04       417472   1604428  30639372     93.55     63956   1479628  32477320     87.90  16313548  15636248        12
03:40:04       414932   1603072  30640652     93.55     64868   1479916  32477320     87.90  16313592  15637408         0
03:50:04       416676   1606044  30637608     93.54     65748   1480296  32477320     87.90  16313648  15638620       152
04:00:04       418516   1609300  30634212     93.53     66668   1480880  32477320     87.90  16313752  15640020         4
04:10:04       416884   1608808  30634668     93.54     67564   1481116  32477320     87.90  16314020  15641144       176
04:20:04       385480   1593356  30644896     93.57     75896   1483736  32477320     87.90  16314676  15651432        32
04:30:04       388256   1603788  30634352     93.53     76896   1490324  32477320     87.90  16320880  15652820      1124
04:40:04       384952   1611000  30626936     93.51     77940   1499732  32477320     87.90  16330024  15654128      1920
04:50:04       379256   1612904  30624820     93.51     78980   1506228  32477320     87.90  16336132  15655556      2500
05:00:04       365596   1611624  30625920     93.51     80040   1517432  32477320     87.90  16347056  15656948      3608
05:10:04       357828   1612628  30624732     93.51     81088   1525096  32477320     87.90  16354432  15658228      5656
05:20:04       348960   1612376  30624756     93.51     82128   1532552  32477320     87.90  16361592  15659612       432
05:30:04       333096   1612864  30623952     93.50     83340   1547456  32485512     87.93  16376240  15661208       340
05:40:04       320892   1611316  30625348     93.51     84408   1556952  32485512     87.93  16385468  15662528      1996
05:50:04       312700   1610772  30625732     93.51     85448   1563476  32485512     87.93  16391428  15663904      3460
06:00:04       287632   1597196  30639000     93.55     86508   1573788  32485672     87.93  16401560  15665404      3768
06:10:04       355612   1802416  30426584     92.90     98056   1693780  32330260     87.51  16461440  15498960      5368
06:20:04       363484   1819524  30409132     92.85     99096   1702024  32330264     87.51  16469104  15500388      2988
06:30:04       367756   1836504  30391932     92.79    100212   1713620  32338456     87.53  16480576  15501944       880
06:40:04       356056   1835032  30393072     92.80    101272   1722752  32346648     87.55  16489536  15503184      2624
06:50:04       345788   1833632  30394080     92.80    102296   1730624  32346648     87.55  16497048  15504616      4048
07:00:04       347044   1844368  30382936     92.77    103324   1739108  32346648     87.55  16505148  15506032      1528
07:10:04       332788   1840932  30386252     92.78    104364   1748828  32346648     87.55  16514676  15507280      3848
07:20:04       318284   1835820  30391076     92.79    105412   1757208  32346648     87.55  16522724  15508620      4792
07:30:04       302744   1829768  30396844     92.81    106444   1765640  32346648     87.55  16530824  15510032      3140
07:40:04       303292   1832360  30394180     92.80    107364   1766768  32346648     87.55  16531752  15511140        32
07:50:04       286820   1832304  30393728     92.80    108468   1782056  32346648     87.55  16543048  15516556      7540
08:00:04       287892   1842484  30383232     92.77    109516   1790160  32346648     87.55  16550812  15517932      3516
08:10:04       271904   1837004  30388492     92.78    110552   1799552  32346648     87.55  16559972  15519208      3508
08:20:04       263420   1836172  30389068     92.79    111592   1806196  32346648     87.55  16566320  15520612      4692
08:30:02       250024   1835268  30389556     92.79    112648   1817644  32346648     87.55  16577436  15522008      3108
08:40:04       241060   1835432  30389204     92.79    113672   1825696  32346648     87.55  16585292  15523220      2404
08:50:04       234180   1836720  30387688     92.78    114736   1832784  32346648     87.55  16592104  15524588      4884
09:00:04       351340   1838036  30386376     92.78    115840   1716176  32346648     87.55  16600276  15400696      2884
09:10:02       341356   1838696  30385484     92.77    116860   1725728  32346648     87.55  16609776  15402000      1472
09:20:04       312984   1818260  30405580     92.84    117936   1732604  32346648     87.55  16616212  15403596      3616
09:30:04       311352   1827776  30395696     92.81    118976   1742768  32346648     87.55  16625840  15405144      4316
09:40:03       308820   1834496  30388764     92.78    120008   1750884  32346648     87.55  16633596  15406544      1740
09:50:02       302212   1837428  30385540     92.78    121056   1759368  32346648     87.55  16641704  15408012      4396
10:00:04       287864   1839988  30382516     92.77    122184   1775040  32346648     87.55  16657004  15409496      2412
10:10:04       277164   1839768  30382508     92.77    123236   1784412  32346648     87.55  16666080  15410860       252
10:20:04       268564   1840276  30381736     92.76    124276   1792464  32346648     87.55  16673712  15412296      3300
10:30:04       257796   1839008  30382816     92.77    125304   1800904  32346648     87.55  16681792  15413716      4576
10:40:04       243272   1835180  30386336     92.78    126328   1810500  32346648     87.55  16691136  15414976      1756
10:50:04       368768   1837392  30384332     92.77    127200   1686808  32346648     87.55  16744044  15239020      4364
11:00:04       361740   1839764  30381956     92.76    128232   1695240  32346648     87.55  16752296  15240468       768
11:10:04       348412   1839012  30382600     92.77    129364   1706780  32346648     87.55  16763568  15241892      1340
11:20:04       336724   1837988  30383448     92.77    130408   1716460  32346648     87.55  16772828  15243324      4384
11:30:04       310632   1820048  30401172     92.82    131488   1723532  32360132     87.59  16789464  15244904      1000
11:40:04       307912   1830176  30390796     92.79    132544   1735228  32346648     87.55  16790832  15246284       788
11:50:04       288084   1819684  30401112     92.82    133600   1743432  32346648     87.55  16798676  15247692       972
12:00:04       289412   1830520  30390036     92.79    134952   1751532  32346648     87.55  16805172  15250668      4076
12:10:04       267812   1826292  30393936     92.80    136184   1767500  32346648     87.55  16820688  15252340      1016
12:20:04       264864   1834092  30385800     92.78    137248   1777124  32346648     87.55  16829652  15253988      1132
12:30:04       258132   1835120  30384632     92.77    138296   1783784  32346648     87.55  16835956  15255472      2736
12:40:04       246176   1834368  30385184     92.77    139344   1793828  32346648     87.55  16845724  15256824      4032
12:50:04       352372   1897072  30322756     92.58    140400   1749876  32346648     87.55  16884964  15099380      4200
13:00:04       361204   1915396  30304260     92.53    141456   1758284  32346648     87.55  16892988  15100804      4296
13:10:04       337644   1904696  30314804     92.56    142580   1769836  32346648     87.55  16904568  15101696      1644
13:20:04       328984   1906508  30313196     92.55    143640   1779200  32346648     87.55  16913716  15103176       656
13:30:04       314536   1900980  30318500     92.57    144696   1787048  32346648     87.55  16921104  15104672      1072
13:40:04       294624   1891148  30328124     92.60    146040   1795664  32359644     87.59  16939300  15106288      1848
13:50:04       287060   1894696  30324308     92.59    147096   1805684  32359644     87.59  16948860  15107768      3452
14:00:04       373528   2003572  30206160     92.23    181492   1785608  32346648     87.55  16913408  15045080      2676
14:10:04       370636   2003096  30206656     92.23    182448   1787136  32346648     87.55  16914936  15046264        84
14:20:02       368604   2002280  30207468     92.23    183320   1787572  32346648     87.55  16915012  15047516        12
14:30:04       366000   2000892  30208808     92.24    184324   1787876  32346648     87.55  16915120  15048744       140
14:40:04       360676   1996916  30212704     92.25    185188   1788400  32346648     87.55  16915252  15049956        28
14:50:04       362220   2000520  30209020     92.24    186116   1789576  32346648     87.55  16916052  15051248      1564
15:00:04       342504   1997904  30211272     92.24    187316   1805332  32346648     87.55  16931252  15053064      2092
15:10:04       332608   1999356  30209664     92.24    188360   1815556  32346648     87.55  16941160  15054356      2344
15:20:04       318036   1992600  30216164     92.26    189400   1822212  32346648     87.55  16947480  15055776      2712
15:30:04       310096   1994648  30213868     92.25    190444   1831124  32346648     87.55  16956016  15057188       412
15:40:04       300388   1995520  30212784     92.25    191508   1840540  32346648     87.55  16965036  15058472      3008
15:50:04       297004   2001516  30206584     92.23    192564   1848816  32346648     87.55  16973116  15059912      2896
16:00:04       288892   2002780  30205124     92.22    193620   1857056  32346648     87.55  16981008  15061348      2668
16:10:04       275976   2002592  30205048     92.22    194756   1868532  32346648     87.55  16992136  15062864      1836
16:20:04       392240   1997712  30209616     92.24    194768   1747356  32355948     87.58  17013252  14928104       480
16:30:04       359616   1972972  30234140     92.31    195880   1754092  32355948     87.58  17019600  14929616      2516
16:40:02       342728   1968816  30238184     92.33    196960   1765616  32355948     87.58  17030912  14930936      2128
16:50:04       334340   1969620  30237200     92.32    198060   1773616  32355948     87.58  17038532  14932440      2804
17:00:04       335308   1978832  30227556     92.29    199132   1780736  32355948     87.58  17045280  14933904        92
17:10:04       317580   1978228  30228084     92.29    200320   1796460  32355948     87.58  17060496  14935424      1672
17:20:04       318100   1989256  30216732     92.26    201400   1805872  32355948     87.58  17069780  14936860      2336
17:30:02       313940   1992912  30212900     92.25    202472   1812552  32355948     87.58  17076100  14938292      1900
17:40:04       294340   1984336  30221324     92.27    203544   1822392  32355948     87.58  17085740  14939584      2384
17:50:04       285340   1984684  30220848     92.27    204616   1830544  32355948     87.58  17093564  14941028      2580
18:00:04       282928   1991792  30213516     92.25    205656   1838956  32355948     87.58  17101572  14942488       544
18:10:02       320680   2120932  30083672     91.85    207916   1927696  32356104     87.58  17189600  14812668      1508
18:20:04       311556   2121888  30082432     91.85    208652   1936968  32356104     87.58  17198504  14813780      1932
18:30:04       304636   2123340  30080792     91.84    209396   1944528  32356104     87.58  17205532  14814856      1988
18:40:04       293784   2121592  30082404     91.85    210060   1952876  32356104     87.58  17213884  14815780      2252
18:50:02       279792   2118144  30085696     91.86    210788   1962632  32356104     87.58  17223244  14816896      1804
19:00:04       266484   2114200  30089360     91.87    211496   1971236  32356104     87.58  17231404  14818084      2168
19:10:04       260320   2116936  30086456     91.86    212228   1979328  32356104     87.58  17239152  14819184       324
19:20:04       249768   2117420  30085764     91.86    212932   1989524  32356104     87.58  17248920  14820100      1684
19:30:02       239296   2116932  30086048     91.86    213620   1998744  32356104     87.58  17258048  14821140      1420
19:40:04       368672   2252080  29950632     91.45    213088   2004840  32356104     87.58  17264376  14689012      2008
19:50:04       465560   2363268  29838844     91.11    214372   2017560  32503192     87.97  17254224  14580960      2448
20:00:04       462552   2367700  29834380     91.09    215024   2024260  32503192     87.97  17260616  14581944      2648
20:10:02       306072   2370516  29830492     91.08    215680   2182244  32510436     87.99  17422716  14583048        12
20:20:04       293904   2366316  29834616     91.09    216436   2189324  32503176     87.97  17424948  14584032       396
20:30:02       295568   2378064  29822648     91.06    217152   2198660  32503176     87.97  17434364  14585164       932
20:40:04       287624   2378652  29821996     91.05    217784   2206492  32503180     87.97  17442008  14586160       428
20:50:04       275116   2375092  29825400     91.06    218484   2214664  32504204     87.98  17449976  14587084       112
21:00:04       262320   2372820  29827408     91.07    219260   2224316  32504204     87.98  17459112  14588176       312
21:10:02       257600   2377372  29822720     91.06    219944   2232812  32504204     87.98  17467436  14589256      2508
21:20:04       243784   2372516  29827408     91.07    220644   2240996  32504204     87.98  17475204  14590184       268
21:30:04       234460   2371636  29828084     91.07    221404   2248556  32504196     87.98  17482664  14591260       520
21:40:04       355080   2451276  29748560     90.83    205212   2223968  32504196     87.98  17097340  14856808        40
21:50:02       322940   2430248  29769560     90.89    206048   2234288  32504196     87.98  17107508  14857888      4256
22:00:04       318148   2437576  29762044     90.87    206740   2245684  32504196     87.98  17118620  14858936         0
22:10:04       310308   2437748  29761808     90.87    207424   2252884  32504196     87.98  17125508  14859972        16
22:20:04       301692   2437764  29761608     90.87    208132   2260756  32504196     87.98  17133008  14861068      6192
22:30:02       300928   2445124  29753904     90.85    208852   2267972  32504196     87.98  17139900  14862136       312
22:40:04       303516   2458056  29740808     90.81    209552   2277560  32504196     87.98  17149164  14863156      3916
22:50:04       290340   2452132  29746584     90.82    210220   2284036  32504196     87.98  17155472  14864028       200
23:00:04       276608   2448980  29749592     90.83    210888   2293904  32504196     87.98  17165012  14865044      3580
23:10:04       275332   2456604  29741776     90.81    211584   2302056  32504196     87.98  17172868  14866056      3972
23:20:04       260156   2450004  29748116     90.83    212300   2309836  32504196     87.98  17180448  14866976      1248
23:30:04       252288   2450180  29747724     90.83    213040   2316972  32504196     87.98  17187264  14868064      1548
23:40:04       248188   2456480  29741196     90.81    213708   2326640  32504196     87.98  17196584  14869092      3796
23:50:04       314156   2461120  29736772     90.79    203712   2275416  32504196     87.98  17797120  14207180      2072
Average:       334873   1929441  30290393     92.48    142201   1795653  32408915     87.72  16789456  15214914      1821
### SAR_R_SA29
Linux 6.8.0-138-generic (pgain-nuc) 	08/29/26 	_x86_64_	(4 CPU)

00:00:04    kbmemfree   kbavail kbmemused  %memused kbbuffers  kbcached  kbcommit   %commit  kbactive   kbinact   kbdirty
00:10:02       301828   2443400  29754364     90.85    195128   2278672  32504196     87.98  18179156  13819852      4456
00:20:04       310812   2461804  29735804     90.79    195868   2287336  32493872     87.95  18178716  13821188      4120
00:30:03       267928   2426288  29771184     90.90    196508   2294016  32497076     87.96  18186636  13822212      3160
00:40:04       309752   2466920  29730304     90.77    193312   2295952  32493872     87.95  19113840  12889428      1456
00:50:02       300044   2467060  29730108     90.77    193996   2305056  32493872     87.95  19122844  12890364      2816
01:00:04       290268   2464724  29732264     90.78    194688   2311716  32493872     87.95  19129364  12891420      2284
01:10:04       281060   2466548  29730344     90.77    195384   2321956  32493872     87.95  19139252  12892476      3048
01:20:04       265492   2459688  29737032     90.80    196160   2329768  32493872     87.95  19146860  12893460      1952
01:30:04       256768   2459752  29736812     90.79    196800   2337808  32493872     87.95  19154564  12894444      1232
01:40:04       246372   2459508  29736620     90.79    197552   2347060  32493872     87.95  19170200  12888808      1388
01:50:04       235424   2458552  29737512     90.80    198216   2356304  32493872     87.95  19179112  12889816      1204
02:00:04       279396   2508780  29687088     90.64    200848   2359900  32493872     87.95  20295956  11736684      2860
02:10:04       266656   2505416  29690368     90.65    201636   2368352  32493872     87.95  20304072  11737852      2336
Average:       277831   2465265  29731523     90.78    196623   2322607  32494913     87.95  19100044  12928308      2486
### SAR_R_SA30
Linux 6.8.0-138-generic (pgain-nuc) 	08/30/26 	_x86_64_	(4 CPU)

00:32:34     LINUX RESTART	(4 CPU)

00:40:05    kbmemfree   kbavail kbmemused  %memused kbbuffers  kbcached  kbcommit   %commit  kbactive   kbinact   kbdirty
00:50:05     22412620  27286376   4975972     15.19     53824   5195472   5455308     14.77   5071684   4960992         0
01:00:05     22320360  27267936   4993136     15.25     56160   5266268   5459568     14.78   5135336   4973060        36
01:10:05     22323384  27272160   4988792     15.23     57048   5266664   5459568     14.78   5135560   4974236        16
01:20:05     22328484  27278720   4982020     15.21     57948   5267356   5459568     14.78   5135836   4975688         8
01:30:05     22325888  27277504   4983024     15.21     58852   5267924   5459568     14.78   5136436   4977024       196
01:40:05     22329180  27282020   4978388     15.20     59764   5268292   5459568     14.78   5136548   4978228         0
01:50:05     22321684  27280724   4979120     15.20     61148   5272884   5459568     14.78   5137484   4983256        24
02:00:05     22333724  27294264   4965348     15.16     62060   5273572   5459568     14.78   5137988   4984732        40
02:10:05     22334780  27296504   4963012     15.15     62964   5273888   5459568     14.78   5138096   4985892        84
02:20:03     22332516  27295608   4963688     15.16     63868   5274488   5459568     14.78   5138396   4987240         8
02:30:05     22121060  27290856   4966048     15.16     71040   5472328   5477640     14.83   5343128   5001976       772
02:40:03     22113748  27285052   4971744     15.18     72120   5472812   5468832     14.80   5335948   5003348       492
02:50:01     22097996  27270844   4985748     15.22     73192   5473396   5468832     14.80   5336588   5004856       168
03:00:05     22093808  27268232   4988032     15.23     74300   5473932   5468832     14.80   5336736   5006400        84
03:10:01     22101388  27277252   4978908     15.20     75404   5474320   5468832     14.80   5337148   5007808        24
03:20:05     22094292  27272020   4983976     15.22     76500   5475160   5468832     14.80   5337224   5009440         0
03:30:00     22087260  27266596   4989064     15.23     77548   5475816   5468832     14.80   5337340   5010888       336
03:40:05     22097856  27278720   4976812     15.20     78652   5476304   5468832     14.80   5337664   5012268        88
03:50:05     22101160  27283676   4971668     15.18     79748   5476948   5468832     14.80   5337848   5013888        36
04:00:05     22081692  27265816   4989372     15.23     80836   5477556   5468832     14.80   5338084   5015348       544
04:10:00     22081524  27271980   4983008     15.21     81916   5482784   5468832     14.80   5343056   5016708      2460
04:20:05     22068352  27269732   4984876     15.22     83036   5492544   5471808     14.81   5353704   5018284       548
04:30:05     22069208  27272384   4982048     15.21     84124   5493308   5468832     14.80   5352696   5019784       184
04:40:05     22056564  27261192   4993140     15.25     85212   5493736   5468832     14.80   5352972   5021152       112
04:50:05     22057092  27263348   4990840     15.24     86284   5494400   5468832     14.80   5353244   5022632       616
05:00:05     22064948  27272856   4981204     15.21     87364   5495036   5468832     14.80   5353480   5024128        44
05:10:05     22054108  27263492   4990284     15.24     88428   5495496   5471808     14.81   5355076   5025444        28
05:20:05     22050964  27262040   4991620     15.24     89540   5496168   5468832     14.80   5354020   5026984        32
05:30:05     22069320  27282084   4971408     15.18     90636   5496880   5468832     14.80   5354180   5028644       180
05:40:05     22047184  27261376   4991904     15.24     91756   5497224   5469088     14.80   5354272   5030052       624
05:50:00     22046060  27262044   4991048     15.24     92836   5497952   5469088     14.80   5354708   5031628       420
06:00:05     21755936  27279756   4972488     15.18     93948   5804392   5475868     14.82   5664564   5033196       132
06:10:00     21363772  27272572   4979076     15.20     95064   6187864   5479072     14.83   6049364   5034604        96
06:20:05     19659780  27267900   4978328     15.20     96700   7881420   5479396     14.83   7422340   5357108        28
06:30:05     19539908  27260968   4985932     15.22     97808   7993160   5469184     14.80   7527708   5358676       632
06:40:05     19555956  27278412   4968396     15.17     98888   7993520   5469184     14.80   7527724   5360064       652
06:50:05     19562752  27286964   4959820     15.14     99980   7994208   5469184     14.80   7527920   5361536         0
07:00:05     19529636  27255444   4991256     15.24    101060   7994768   5469184     14.80   7528328   5362976       104
07:10:05     19518184  27245380   5001220     15.27    102148   7995088   5469184     14.80   7528176   5364348       120
07:20:05     19549932  27278628   4967848     15.17    103228   7995572   5469184     14.80   7528376   5365824       636
07:30:05     19527556  27268780   4971036     15.18    106816   7998576   5469184     14.80   7529296   5371608        44
07:40:05     19500344  27242916   4996908     15.26    107912   7998828   5469184     14.80   7529376   5372940        40
07:50:05     19494460  27238980   5000708     15.27    108976   7999800   5469184     14.80   7529748   5374484       184
08:00:05     19524288  27270300   4969280     15.17    110040   8000276   5470208     14.81   7529980   5375948       136
08:10:05     19500280  27247780   4991684     15.24    111128   8000692   5470208     14.81   7530276   5377292        80
08:20:05     19505568  27254584   4984668     15.22    112216   8001164   5470208     14.81   7530452   5378784       632
08:30:03     19504240  27254304   4984936     15.22    113208   8001200   5470208     14.81   7530508   5379812         0
08:40:05     19509064  27260388   4978704     15.20    114144   8001564   5470208     14.81   7531080   5381048        52
08:50:05     19496960  27249812   4989160     15.23    115200   8002044   5470208     14.81   7531152   5382424       252
09:00:00     19494852  27249052   4989804     15.24    116272   8002344   5473412     14.81   7533044   5383752        84
09:10:04     19504784  27260156   4978760     15.20    117288   8002480   5470208     14.81   7531228   5384908        16
09:20:05     19510424  27267048   4971832     15.18    118328   8002672   5470208     14.81   7531840   5386136       176
09:30:05     19498496  27256688   4982028     15.21    119280   8003340   5470208     14.81   7532384   5387432        88
09:40:05     19478772  27238508   5000076     15.27    120368   8003816   5470208     14.81   7532672   5388828        96
09:50:05     19490948  27252208   4986140     15.22    121488   8004268   5470208     14.81   7532584   5390312       128
10:00:03     19485840  27248800   4989380     15.23    122584   8004932   5473416     14.81   7534392   5391860        44
10:10:03     19496864  27269756   4967968     15.17    123688   8013764   5477564     14.83   7545340   5393268         0
10:20:05     19425880  27272324   4965156     15.16    124784   8086160   5477312     14.83   7617412   5394712        20
10:30:05     19415024  27264368   4972740     15.18    125792   8088024   5483932     14.84   7610816   5396408        12
10:40:05     19382564  27288280   4948928     15.11    126712   8143404   5476568     14.82   7661944   5397568        20
10:50:03     19380648  27287988   4949108     15.11    127616   8144216   5476568     14.82   7662516   5399056       100
11:00:05     19381420  27289732   4947304     15.11    128400   8144432   5476568     14.82   7662188   5400016        16
11:10:05     19374960  27284216   4952776     15.12    129168   8144632   5476568     14.82   7662404   5400948        36
11:20:05     19377484  27287920   4948900     15.11    129976   8145064   5476568     14.82   7662568   5402120       100
11:30:03     19375348  27288808   4947888     15.11    130888   8147204   5476568     14.82   7664364   5403440        24
11:40:05     19369372  27283996   4952624     15.12    131776   8147500   5478196     14.83   7665504   5404580        12
11:50:05     19358868  27274796   4961796     15.15    132664   8147924   5476568     14.82   7664456   5405872       116
12:00:05     19361460  27278644   4958312     15.14    133584   8148296   5476568     14.82   7664448   5407104        16
12:10:03     19362256  27280568   4956424     15.13    134480   8148532   5476568     14.82   7664820   5408208        16
12:20:05     19365092  27284884   4951952     15.12    135384   8149196   5476568     14.82   7664924   5409672        32
12:30:03     19366680  27287744   4949044     15.11    136288   8149588   5476568     14.82   7664972   5410924        40
12:40:05     19353740  27275916   4960832     15.15    137184   8149796   5476700     14.82   7664988   5412024         0
12:50:05     19354892  27278304   4958436     15.14    138072   8150148   5476700     14.82   7665008   5413244        24
13:00:05     19353180  27277912   4958692     15.14    138968   8150628   5476700     14.82   7665116   5414476        32
13:10:03     19347172  27272996   4963592     15.16    139864   8150820   5476700     14.82   7665156   5415552        28
13:20:05     19350956  27278052   4958436     15.14    140768   8151196   5476700     14.82   7665216   5416804        40
13:30:05       368372   9191148  23042976     70.36     52376   9132612  23472692     63.53  22925744   9090036        76
13:40:05       266140   9172692  23054200     70.39     60596   9201940  23480884     63.55  22927472   9165336        24
13:50:03       256612   9164284  23062512     70.42     61504   9202172  23480884     63.55  22927780   9166440       156
14:00:05       259468   9168444  23058312     70.40     62392   9202644  23480884     63.55  22928180   9167736        24
14:10:01       262208   9172396  23054268     70.39     63304   9203012  23484980     63.57  22928676   9168928       108
14:20:05       255708   9167060  23059532     70.41     64200   9203272  23484980     63.57  22928748   9170072        24
14:30:03       258728   9171360  23055196     70.39     65120   9203704  23484980     63.57  22928852   9171336        92
14:40:05       258956   9172820  23053716     70.39     66032   9204056  23484980     63.57  22929316   9172564        24
14:50:05       391020   9176576  23049852     70.38     66024   9075800  23484980     63.57  22908564   9065128       188
15:00:05       291100   2048776  30177508     92.14     32656   2081164  30634440     82.92  29992708   2090688       616
15:10:03       496752   1924992  30303116     92.52     10952   1773552  30736728     83.19  19643240  12203352        20
15:20:00       354156   1999712  30224536     92.28     34624   1963144  30637644     82.93  19734684  12230224       696
15:30:05       385984   2032988  30191192     92.18     35568   1963688  30634440     82.92  19733092  12231672         0
15:40:05       344424   2002256  30221904     92.28     39232   1970924  30634440     82.92  19734300  12241332        84
15:50:05       347980   2009012  30215108     92.25     40592   1972788  30634440     82.92  19735108  12243772        16
16:00:05       358852   2021204  30202916     92.22     41504   1973212  30634440     82.92  19735088  12245092        16
16:10:03       364076   2027732  30196356     92.20     42400   1973668  30636068     82.92  19736244  12246396        28
16:20:05       363548   2028560  30195496     92.19     43304   1974116  30634440     82.92  19735104  12247624         8
16:30:05       368060   2034352  30189628     92.18     44192   1974572  30634440     82.92  19735364  12248904        12
16:40:03       370524   2038132  30185868     92.17     45104   1974964  30634440     82.92  19735144  12250192        28
16:50:03       362256   2031156  30192764     92.19     45992   1975420  30634440     82.92  19735792  12251392        28
17:00:05       370324   2041148  30182712     92.16     46896   1976516  30634440     82.92  19736460  12252784        36
17:10:05       362564   2034648  30189176     92.18     47784   1976916  30634440     82.92  19736504  12254044       192
17:20:05       361068   2034372  30189416     92.18     48688   1977236  30634440     82.92  19736512  12255264        84
17:30:03       356812   2031480  30192284     92.18     49592   1977752  30634440     82.92  19736556  12256596         4
17:40:05       361456   2037516  30186236     92.17     50520   1978236  30634440     82.92  19736604  12257948        96
17:50:05       362972   2040212  30183528     92.16     51408   1978536  30634440     82.92  19736524  12259128       112
18:00:05       366596   2045160  30178564     92.14     52296   1979016  30634440     82.92  19736476  12260452       236
18:10:05       358000   2037828  30185760     92.17     53200   1979424  30634440     82.92  19736524  12261716        96
18:20:05       356724   2037904  30185664     92.16     54128   1979876  30634440     82.92  19736804  12262940        80
18:30:05       356856   2039368  30184148     92.16     55024   1980340  30634440     82.92  19736800  12264272        24
18:40:02       360476   2044272  30179252     92.15     55928   1980748  30634440     82.92  19736664  12265556       108
18:50:05       357008   2041996  30181464     92.15     56808   1981104  30634440     82.92  19736868  12266748        12
19:00:05       351496   2037824  30185568     92.16     57720   1981600  30634440     82.92  19736956  12268088        24
19:10:05       352468   2040016  30183328     92.16     58600   1981976  30634440     82.92  19736800  12269308        24
19:20:05       356504   2045284  30178072     92.14     59464   1982348  30634440     82.92  19736804  12270540        20
19:30:05       358044   2048112  30175108     92.13     60344   1982860  30634440     82.92  19736888  12271828       108
19:40:05       355652   2047048  30176192     92.14     61248   1983300  30634440     82.92  19736816  12273152        16
19:50:05       354560   2047140  30176072     92.14     62160   1983584  30634440     82.92  19737048  12274336        12
20:00:05       294656   2030820  30192360     92.19     63092   2026300  30634440     82.92  19778652  12276376        24
20:10:05       314804   2052352  30170768     92.12     63980   2026816  30634440     82.92  19778816  12277632        24
20:20:05       287068   2025780  30197372     92.20     64884   2027088  30634440     82.92  19778816  12278796        12
20:30:05       290556   2030528  30192584     92.19     65780   2027476  30634440     82.92  19778832  12280056        88
20:40:05       293052   2034240  30188856     92.17     66668   2027816  30634440     82.92  19778852  12281272        80
20:50:05       285016   2027392  30195740     92.20     67564   2028088  30634440     82.92  19778640  12282460        12
21:00:05       295100   2038704  30184396     92.16     68452   2028456  30634440     82.92  19778876  12283688        28
21:10:05       299628   2044476  30178592     92.14     69372   2028812  30634440     82.92  19778912  12284932       176
21:20:05       292852   2038884  30184156     92.16     70268   2029124  30634440     82.92  19778948  12286116        88
21:30:05       290764   2038052  30184964     92.16     71164   2029508  30634440     82.92  19778968  12287372         8
21:40:05       300048   2048560  30174364     92.13     72068   2029880  30634440     82.92  19778788  12288596        84
21:50:05       299468   2049124  30173808     92.13     72972   2030144  30634440     82.92  19779080  12289740        12
22:00:05       290416   2041372  30181576     92.15     73892   2030532  30634440     82.92  19779072  12291040        16
22:10:05       288192   2040396  30182480     92.16     74780   2030896  30634440     82.92  19779188  12292288        12
22:20:05       288704   2042216  30180720     92.15     75676   2031296  30634440     82.92  19779316  12293456       112
22:30:05       291340   2046188  30176640     92.14     76588   2031764  30634440     82.92  19779356  12294776        44
22:40:05       292868   2048976  30173824     92.13     77520   2032100  30634440     82.92  19779452  12296020        16
22:50:05       287440   2044712  30178080     92.14     78400   2032364  30634440     82.92  19779464  12297168        84
23:00:05       287296   2045868  30176852     92.14     79280   2032840  30634440     82.92  19779524  12298452       212
23:10:05       286800   2046612  30176008     92.14     80152   2033212  30634440     82.92  19779552  12299676        24
23:20:05       281800   2042816  30179816     92.15     81040   2033528  30634440     82.92  19779572  12300864        28
23:30:05       277364   2039660  30182928     92.16     81936   2033888  30634440     82.92  19779572  12302128        16
23:40:05       280820   2044408  30178120     92.14     82832   2034316  30634440     82.92  19779588  12303404        28
23:50:05       274212   2039020  30183464     92.16     83736   2034644  30634440     82.92  19779520  12304608       104
Average:     11417623  16295648  15940817     48.67     82344   5157929  16413512     44.43  12839643   8141926       131
### SAR_R_SA31
Linux 6.8.0-138-generic (pgain-nuc) 	08/31/26 	_x86_64_	(4 CPU)

00:00:05    kbmemfree   kbavail kbmemused  %memused kbbuffers  kbcached  kbcommit   %commit  kbactive   kbinact   kbdirty
00:10:05       273148   2043512  30178828     92.14     85644   2038268  30634440     82.92  19780636  12309156        92
00:20:05       270976   2042584  30179780     92.15     86540   2038580  30634440     82.92  19780524  12310340        96
00:30:04       268260   2041120  30181208     92.15     87452   2038936  30634440     82.92  19780712  12311576        16
00:40:05       284884   2014968  30206580     92.23    118060   1965136  30634440     82.92  19785280  12263460        68
00:50:05       293416   2025944  30195592     92.20    120012   1965604  30634440     82.92  19785384  12265792        20
01:00:03       302540   2036380  30185076     92.16    120940   1966016  30634440     82.92  19785416  12267088        16
01:10:05       303744   2038844  30182576     92.16    121840   1966352  30634440     82.92  19785292  12268332       180
01:20:05       302636   2038892  30182532     92.16    122744   1966604  30634440     82.92  19785312  12269472       192
01:30:05       296276   2033820  30187592     92.17    123648   1966992  30634440     82.92  19785452  12270744        24
01:40:03       292748   2031552  30189816     92.18    124552   1967364  30634440     82.92  19785468  12271988       124
01:50:05       292276   2032236  30189092     92.18    125448   1967596  30634440     82.92  19785412  12273128         8
02:00:05       390936   2067492  30153420     92.07    124120   1905372  30781532     83.31  19791500  12137688        20
02:10:05       394352   2072160  30148736     92.05    125024   1905712  30781532     83.31  19791500  12138924        92
02:20:05       395616   2074744  30146124     92.04    125920   1906140  30781532     83.31  19791524  12140104       168
02:30:05       405520   2086332  30134412     92.01    126832   1906936  30781532     83.31  19792216  12141376        16
02:40:03       416444   2098504  30122224     91.97    127720   1907276  30781532     83.31  19792216  12142608        84
02:50:05       419244   2102460  30118264     91.96    128608   1907528  30781532     83.31  19792228  12143748        96
03:00:05       418308   2102872  30117804     91.96    129512   1907980  30781532     83.31  19792256  12145080        96
03:10:01       417252   2103124  30117488     91.96    130392   1908444  30781532     83.31  19792360  12146300       324
03:20:03       414008   2101076  30119532     91.96    131288   1908728  30781532     83.31  19792360  12147480        88
03:30:05       421388   2109860  30110604     91.94    132192   1909268  30781532     83.31  19792492  12148804        16
03:40:05       417676   2107488  30112920     91.94    133096   1909712  30781532     83.31  19792524  12150124        12
03:50:05       412996   2104168  30115992     91.95    134116   1910256  30783280     83.32  19793404  12151252       188
04:00:03       530476   2294540  29925900     91.37     64448   2051432  30781660     83.31  20695024  11111204        84
04:10:05       534004   2299440  29920984     91.36     65344   2051904  30781660     83.31  20695032  11112564        92
04:20:02       537828   2304520  29915880     91.34     66228   2052256  30781660     83.31  20695084  11113756         4
04:30:05       543948   2312032  29908320     91.32     67132   2052740  30781660     83.31  20695072  11115132        92
04:40:03       540596   2309980  29910356     91.32     68028   2053116  30781660     83.31  20695108  11116416       124
04:50:05       498368   2273952  29946228     91.43     71852   2055484  30781660     83.31  20695920  11121800       148
05:00:05       508016   2300004  29917176     91.35     74804   2066164  30781664     83.31  20706076  11125384        88
05:10:05       503592   2297232  29919912     91.35     75748   2066824  30787228     83.33  20708492  11126788         0
05:20:03       476120   2275800  29941308     91.42     76752   2071852  30781664     83.31  20706296  11132780       104
05:30:05       483120   2284136  29933000     91.39     77648   2072284  30781664     83.31  20706124  11134092        96
05:40:03       490020   2292292  29924756     91.37     78536   2072672  30781664     83.31  20706364  11135328        20
05:50:05       488204   2291752  29925244     91.37     79448   2072988  30781664     83.31  20706240  11136584       224
06:00:05       486548   2291612  29925336     91.37     80344   2073608  30781664     83.31  20706544  11137928        24
06:10:05       490620   2297112  29919780     91.35     81240   2074132  30781664     83.31  20706656  11139236        28
06:20:03       492188   2299892  29916968     91.34     82128   2074448  30781664     83.31  20706628  11140432        72
06:30:05       493064   2302276  29914624     91.34     83056   2075012  30781664     83.31  20706684  11141924        20
06:40:05       495184   2305684  29911080     91.33     83960   2075400  30781664     83.31  20706672  11143192        72
06:50:05       487644   2299312  29917448     91.35     84856   2075648  30781664     83.31  20706576  11144340       168
07:00:05       495760   2308760  29907988     91.32     85768   2076064  30781664     83.31  20706724  11145648       108
07:10:05       499264   2313468  29903212     91.30     86648   2076404  30781664     83.31  20706708  11146836        16
07:20:05       495412   2311008  29905632     91.31     87552   2076892  30781664     83.31  20706948  11148024        16
07:30:05       492464   2309424  29907248     91.31     88440   2077340  30781664     83.31  20706964  11149364       224
07:40:05       488616   2308096  29908520     91.32     89344   2079000  30781664     83.31  20708268  11150572        24
07:50:03       486740   2307472  29909172     91.32     90240   2079284  30781664     83.31  20708268  11151808        92
08:00:05       492088   2314156  29902424     91.30     91136   2079716  30781664     83.31  20708320  11153080        88
08:10:05       491940   2315396  29901128     91.30     92032   2080204  30781664     83.31  20708492  11154288        16
08:20:05       488864   2313652  29902860     91.30     92928   2080604  30781664     83.31  20708628  11155468        16
08:30:03       489992   2316080  29900420     91.29     93816   2081004  30781664     83.31  20708628  11156748       100
08:40:05       487380   2314756  29901720     91.30     94704   2081392  30781664     83.31  20708652  11158012        88
08:50:05       480124   2308728  29907704     91.32     95624   2081696  30781664     83.31  20708672  11159220       116
09:00:05       481660   2311716  29904676     91.31     96528   2082224  30781664     83.31  20708816  11160524        24
09:10:05       481908   2313336  29902972     91.30     97432   2082724  30781664     83.31  20708864  11161876       196
09:20:05       360068   2299612  29916844     91.34     99204   2188908  30781668     83.31  20814112  11164460       704
09:30:05       358828   2299908  29916516     91.34    100124   2189516  30781668     83.31  20814360  11165840        84
09:40:05       347828   2290216  29926220     91.37    101028   2189924  30781668     83.31  20814376  11167128        84
09:50:05       353704   2297248  29919080     91.35    101920   2190172  30781668     83.31  20814408  11168268        16
10:00:05       361572   2306432  29909848     91.32    102832   2190568  30781668     83.31  20814428  11169564       312
10:10:05       364160   2310308  29905892     91.31    103736   2190956  30781668     83.31  20814444  11170836        92
10:20:05       362888   2310212  29906020     91.31    104616   2191244  30781668     83.31  20814460  11171996        16
10:30:05       342276   2290892  29925332     91.37    105512   2191648  30781668     83.31  20814448  11173272        88
10:40:05       346164   2296064  29920116     91.35    106408   2192048  30781668     83.31  20814508  11174544         0
10:50:05       347256   2302432  29913640     91.33    108844   2194872  30781668     83.31  20815228  11179068        24
11:00:05       342708   2299172  29916844     91.34    109740   2195268  30781668     83.31  20815232  11180332         0
11:10:05       347248   2305004  29911004     91.33    110644   2195636  30781668     83.31  20815292  11181552        84
11:20:05       349532   2308484  29907436     91.32    111548   2195912  30781668     83.31  20815336  11182724         0
11:30:05       349044   2309316  29906604     91.31    112452   2196320  30781668     83.31  20815348  11184028       116
11:40:00       352004   2313540  29902336     91.30    113380   2196680  30781668     83.31  20815388  11185276        80
11:50:05       347020   2309724  29906144     91.31    114252   2196968  30781668     83.31  20815360  11186428        68
12:00:05       343568   2307736  29908104     91.32    115164   2197520  30781668     83.31  20815540  11187748        16
12:10:05       349724   2315160  29900672     91.29    116068   2197872  30781668     83.31  20815560  11189000        92
12:20:05       345764   2312356  29903416     91.30    116988   2198104  30781668     83.31  20815560  11190140        20
12:30:05       342896   2310764  29904948     91.31    117888   2198480  30781668     83.31  20815552  11191400       172
12:40:05       343392   2312508  29903200     91.30    118792   2198812  30781668     83.31  20815448  11192632       176
12:50:05       340140   2310364  29905340     91.31    119672   2199024  30783296     83.32  20816688  11193728        28
13:00:05       342896   2314444  29901212     91.30    120600   2199420  30781668     83.31  20815480  11195032        24
13:10:05       338828   2311640  29904016     91.30    121504   2199760  30781668     83.31  20815384  11196280       120
13:20:01       279256   2300388  29915200     91.34    122440   2247100  30785076     83.32  20862600  11199052        92
13:30:05       276384   2314776  29816960     91.04    288332   1929500  30781868     83.32  20721716  11088128         0
13:40:05       274776   2314800  29816880     91.04    289228   1930284  30781868     83.32  20721860  11089620        24
13:50:05       351128   2350720  29805556     91.00    240276   1914676  30781868     83.32  20809996  10916920        24
14:00:05       357680   2358644  29797620     90.98    241160   1915192  30781868     83.32  20810036  10918268        88
14:10:05       358516   2360776  29795460     90.97    242056   1915612  30781868     83.32  20810152  10919564        88
14:20:05       353084   2356528  29799744     90.99    242960   1915884  30781868     83.32  20810160  10920748        92
14:30:05       355052   2359780  29796464     90.98    243864   1916280  30781868     83.32  20810172  10922032        88
14:40:05       358324   2364404  29791844     90.96    244760   1916728  30781868     83.32  20810300  10923256       120
14:50:05       358140   2365508  29790740     90.96    245640   1917128  30781868     83.32  20810300  10924528        92
15:00:05       356808   2365460  29790748     90.96    246544   1917508  30781868     83.32  20810300  10925812         4
15:10:05       361132   2371040  29785176     90.94    247448   1917852  30781868     83.32  20810304  10927068        16
15:20:05       354380   2365444  29790712     90.96    248328   1918132  30781868     83.32  20810304  10928224        96
15:30:05       356516   2368816  29787344     90.95    249216   1918496  30781868     83.32  20810312  10929460        20
15:40:05       362320   2375848  29780312     90.93    250136   1918808  30781868     83.32  20810316  10930688        88
15:50:05       355632   2370312  29785900     90.94    251032   1919052  30781868     83.32  20810196  10931840       236
16:00:03       352888   2369204  29786988     90.95    251936   1919788  30781868     83.32  20810468  10933112        96
16:10:05       353052   2370564  29785628     90.94    252816   1920124  30781868     83.32  20810696  10934308       116
16:20:05       351548   2370240  29785952     90.94    253688   1920424  30781868     83.32  20810476  10935488        88
Average:       397373   2258414  29947777     91.44    129941   2045995  30765287     83.27  20535996  11365656        87
### SAR_W_SA01
Linux 6.8.0-138-generic (pgain-nuc) 	09/01/26 	_x86_64_	(4 CPU)

05:33:33     LINUX RESTART	(4 CPU)

05:40:12     pswpin/s pswpout/s
05:50:01         0.00      0.00
06:00:02         0.00      0.00
06:10:02         0.00      0.00
06:20:01         0.00      0.00
06:30:24         0.00      0.00
06:40:22         0.00      0.00
06:50:01         0.00      0.00
07:00:12         0.00      0.00
07:10:24         0.00      0.00
07:20:01         0.00      0.00
07:30:02         0.00      0.00
07:40:20         0.00      0.00
07:50:01         0.00      0.00
08:00:17         0.00      0.00
08:10:02         0.00      0.00
08:20:01         0.00      0.00
08:30:12         0.00      0.00
08:40:24         0.00      0.00
08:50:01         0.00      0.00
09:00:24         0.00      0.00
09:10:02         0.00      0.00
09:20:01         0.00      0.00
09:30:24         0.00      0.00
09:40:24         0.00      0.00
09:50:01         0.00      0.00
10:00:24         0.00      0.00
10:10:12         0.00      0.00
10:20:02         0.00      0.00
10:30:02         0.00      0.00
10:40:24         0.00      0.00
10:50:02         0.00      0.00
11:00:24         0.00      0.00
11:10:02         0.00      0.00
11:20:02         0.00      0.00
11:30:12         0.00      0.00
11:40:24         0.00      0.00
11:50:00         0.00      0.00
12:00:24         0.00      0.00
12:10:12         0.00      0.00
12:20:02         0.00      0.00
12:30:12         0.00      0.00
12:40:24         0.00      0.00
12:50:02         0.00      0.00
13:00:24         0.00      0.00
13:10:12         0.00      0.00
13:20:02         0.00      0.00
13:30:02         0.00      0.00
13:40:24         0.00      0.00
13:50:00         0.00      0.00
14:00:24         0.00      0.00
14:10:22         0.00      0.00
14:20:00         0.00      0.00
14:30:12         0.00      0.00
14:40:24         0.00      0.00
14:50:00         0.00      0.00
15:00:24         0.00      0.00
15:10:12         0.00      0.00
15:20:00         0.00      0.00
15:30:22         0.00      0.00
15:40:24         0.00      0.00
15:50:00         0.00      0.00
16:00:24         0.00      0.00
16:10:12         0.00      0.00
16:20:00         0.00      0.00
16:30:22         0.00      0.00
16:40:24         0.00      0.00
16:50:00         0.00      0.00
17:00:24         0.00      0.00
17:10:22         0.00      0.00
17:20:00         0.00      0.00
17:30:12         0.00      0.00
17:40:24         0.00      0.00
17:50:00         0.00      0.00
18:00:24         0.00      0.00
18:10:24         0.00      0.00
18:20:00         0.00      0.00
Average:         0.00      0.00
### SAR_W_SA03
Linux 6.8.0-138-generic (pgain-nuc) 	09/03/26 	_x86_64_	(4 CPU)

09:37:18     LINUX RESTART	(4 CPU)

09:40:29     pswpin/s pswpout/s
09:50:19         0.00      0.00
10:00:05         0.00      0.00
10:10:29         0.00      0.00
10:20:29         0.00      0.00
10:30:20         0.00      0.00
10:40:29         0.00      0.00
10:50:02         0.00      0.00
11:00:20         0.00      0.00
11:10:29         0.00      0.00
11:20:07         0.00      0.00
11:30:24         0.00      0.00
11:40:04         0.00      0.00
11:50:07         0.00      0.00
12:00:19         0.00      0.00
12:10:29         0.00      0.00
12:20:07         0.00      0.00
12:30:11         0.00      0.00
12:40:19         0.00      0.00
12:50:08         0.00      0.00
13:00:20         0.00      0.00
13:10:29         0.00      0.00
13:20:08         0.00      0.00
13:30:29         0.00      0.00
13:40:11         0.00      0.00
13:50:29         0.00      0.00
14:00:29         0.00      0.00
14:10:29         0.00      0.00
14:20:08         0.00      0.00
14:30:07         0.00      0.00
14:40:29         0.00      0.00
14:50:29         0.00      0.00
15:00:20         0.00      0.00
15:10:29         0.00      0.00
15:20:29         0.00      0.00
15:30:20         0.00      0.00
15:40:29         0.00      0.00
15:50:29         0.00      0.00
16:00:20         0.00      0.00
16:10:09         0.00      0.00
16:20:04         0.00      0.00
16:30:05         0.00      0.00
16:40:19         0.00      0.00
16:50:09         0.00      0.00
17:00:20         0.00      0.00
17:10:29         0.00      0.00
17:20:17         0.00      0.00
17:30:09         0.00      0.00
17:40:29         0.00      0.00
17:50:09         0.00      0.00
18:00:20         0.00      0.00
18:10:29         0.00      0.00
18:20:29         0.00      0.00
18:30:09         0.00      0.00
18:40:29         0.00      0.00
18:50:29         0.00      0.00
19:00:12         0.00      0.00
19:10:09         0.00      0.00
19:20:29         0.00      0.00
19:30:20         0.00      0.00
19:40:29         0.00      0.00
19:50:09         0.00      0.00
20:00:20         0.00      0.00
20:10:19         0.00      0.00
20:20:29         0.00      0.00
20:30:09         0.00      0.00
20:40:29         0.00      0.00
20:50:19         0.00      0.00
21:00:20         0.00      0.00
21:10:09         0.00      0.00
21:20:29         0.00      0.00
21:30:09         0.00      0.00
21:40:26         0.00      0.00
21:50:19         0.00      0.00
22:00:20         0.00      0.00
22:10:09         0.00      0.00
22:20:24         0.00      0.00
22:30:19         0.00      0.00
22:40:29         0.00      0.00
22:50:09         0.00      0.00
23:00:20         0.00      0.00
23:10:19         0.00      0.00
23:20:29         0.00      0.00
23:30:09         0.00      0.00
23:40:29         0.00      0.00
23:50:09         0.00      0.00
Average:         0.00      0.00
### SAR_W_SA04
Linux 6.8.0-138-generic (pgain-nuc) 	09/04/26 	_x86_64_	(4 CPU)

00:00:20     pswpin/s pswpout/s
00:10:15         0.00      0.00
00:20:29         0.00      0.00
00:30:19         0.00      0.00
00:40:17         0.00      0.00
00:50:19         0.00      0.00
01:00:20         0.00      0.00
01:10:09         0.00      0.00
01:20:09         0.00      0.00
Average:         0.00      0.00
### SAR_W_SA27
Linux 6.8.0-138-generic (pgain-nuc) 	08/27/26 	_x86_64_	(4 CPU)

00:00:21     pswpin/s pswpout/s
00:10:21         0.01      0.00
00:20:21         0.00      0.00
00:30:16         0.00      0.00
00:40:21         0.00      0.00
00:50:06         0.01      0.00
01:00:21         0.00      0.00
01:10:21         0.00      0.00
01:20:16         0.00      0.00
01:30:21         0.00      0.00
01:40:07         0.00      0.00
01:50:07         0.00      0.00
02:00:16         0.00      0.00
02:10:21         0.00      0.00
02:20:07         0.06      0.00
02:30:21         0.00      0.00
02:40:21         0.00      0.00
02:50:07         0.00      0.00
03:00:21         0.00      0.00
03:10:21         0.00      0.00
03:20:07         0.00      0.00
03:30:21         0.00      0.00
03:40:21         0.01      0.00
03:50:07         0.00      0.00
04:00:21         0.00      0.00
04:10:21         0.00      0.00
04:20:07         0.01      0.00
04:30:21         0.00      0.00
04:40:21         0.00      0.00
Average:         0.00      0.00

11:50:53     LINUX RESTART	(4 CPU)

12:00:04     pswpin/s pswpout/s
12:10:04         0.00      0.00
12:20:04         0.00      0.00
12:30:04         0.00      0.00
12:40:04         0.00      0.00
12:50:04         0.00      0.00
13:00:04         0.00      0.00
13:10:04         0.00      0.00
13:20:04         0.00      0.00
13:30:03         0.00      0.00
13:40:04         0.00      0.00
13:50:04         0.00      0.00
14:00:02         0.00      0.00
14:10:04         0.00      0.00
14:20:04         0.00      0.00
14:30:04         0.00      0.00
14:40:04         0.00      0.00
14:50:04         0.00      0.00
15:00:04         0.00      0.00
15:10:04         0.00      0.00
15:20:04         0.00      0.00
15:30:04         0.00      0.00
15:40:04         0.00      0.00
15:50:04         0.00      0.00
16:00:04         0.00      0.00
16:10:04         0.00      0.00
16:20:04         0.00      0.00
16:30:04         0.04     40.31
16:40:04        13.78    393.55
16:50:04         0.48      0.00
17:00:04         0.17      0.00
17:10:04         0.15      0.00
17:20:04         0.12      0.00
17:30:04         0.13      0.00
17:40:04         0.21      0.00
17:50:04         0.39      0.00
18:00:04         0.06      0.00
18:10:02         0.23      0.00
18:20:04         0.13      0.00
18:30:04         0.07      0.00
18:40:04         0.19      0.00
18:50:04         0.14      0.00
19:00:04         0.09      0.00
19:10:04         0.05      0.00
19:20:04         5.71      0.00
19:30:04         0.80     19.38
19:40:04         0.01      0.00
19:50:02         0.01      0.00
20:00:04         0.01      0.00
20:10:04         0.00      0.00
20:20:04         0.12      0.00
20:30:02         0.00      0.00
20:40:04         0.00      0.00
20:50:04         0.00      0.00
21:00:04         0.00      0.00
21:10:02         0.00      0.00
21:20:04         0.10    109.03
21:30:04         0.00      0.00
21:40:04         0.01      0.00
21:50:00         0.01      0.00
22:00:04         0.00      0.00
22:10:02         0.00      0.00
22:20:04         0.01      0.00
22:30:04         0.00      0.00
22:40:04         0.00      0.00
22:50:02         0.00      0.00
23:00:04         0.00      0.00
23:10:04         0.01      0.00
23:20:04         0.02      0.00
23:30:02         0.01      0.00
23:40:04         0.00      0.00
23:50:04         0.12      0.00
Average:         0.33      7.92
### SAR_W_SA28
Linux 6.8.0-138-generic (pgain-nuc) 	08/28/26 	_x86_64_	(4 CPU)

00:00:04     pswpin/s pswpout/s
00:10:02         0.00      0.00
00:20:04         0.01      0.00
00:30:04         0.00      0.00
00:40:04         0.01      0.00
00:50:02         0.01      0.00
01:00:04         0.01      0.00
01:10:04         0.04      0.00
01:20:04         0.00      0.00
01:30:02         0.01      0.00
01:40:04         0.00      0.00
01:50:02         0.00      0.00
02:00:04         0.00      0.00
02:10:04         0.01      0.00
02:20:04         0.00      0.00
02:30:02         0.00      0.00
02:40:04         0.01      0.00
02:50:04         0.00      0.00
03:00:04         0.01      0.00
03:10:02         0.01      0.00
03:20:04         0.01      0.00
03:30:04         0.00      0.00
03:40:04         0.00      0.00
03:50:04         0.00      0.00
04:00:04         0.00      0.00
04:10:04         0.00      0.00
04:20:04         0.00      0.00
04:30:04         0.00      0.00
04:40:04         0.01      0.00
04:50:04         0.00      0.00
05:00:04         0.05      0.00
05:10:04         0.00      0.00
05:20:04         0.00      0.00
05:30:04         0.03      0.00
05:40:04         0.00      0.00
05:50:04         0.00      0.00
06:00:04         0.01      0.00
06:10:04         3.52    104.47
06:20:04         0.00      0.00
06:30:04         0.00      0.00
06:40:04         0.00      0.00
06:50:04         0.00      0.00
07:00:04         0.00      0.00
07:10:04         0.00      0.00
07:20:04         0.00      0.00
07:30:04         0.00      0.00
07:40:04         0.00      0.00
07:50:04         0.01      0.00
08:00:04         0.00      0.00
08:10:04         0.00      0.00
08:20:04         0.03      0.00
08:30:02         0.00      0.00
08:40:04         0.00      0.00
08:50:04         0.00      0.00
09:00:04         0.00      0.00
09:10:02         0.00      0.00
09:20:04         0.00      0.00
09:30:04         0.00      0.00
09:40:03         0.00      0.00
09:50:02         0.00      0.00
10:00:04         0.00      0.00
10:10:04         0.00      0.00
10:20:04         0.00      0.00
10:30:04         0.00      0.00
10:40:04         0.00      0.00
10:50:04         0.00      0.00
11:00:04         0.00      0.00
11:10:04         0.00      0.00
11:20:04         0.00      0.00
11:30:04         0.00      0.00
11:40:04         0.00      0.00
11:50:04         0.00      0.00
12:00:04         0.01      0.00
12:10:04         0.00      0.00
12:20:04         0.00      0.00
12:30:04         0.00      0.00
12:40:04         0.00      0.00
12:50:04         0.00     31.43
13:00:04         0.00      0.00
13:10:04         0.00      0.00
13:20:04         0.00      0.00
13:30:04         0.00      0.00
13:40:04         0.00      0.00
13:50:04         0.00      0.00
14:00:04         0.00     42.65
14:10:04         0.00      0.00
14:20:02         0.00      0.00
14:30:04         0.00      0.00
14:40:04         0.00      0.00
14:50:04         0.00      0.00
15:00:04         0.00      0.00
15:10:04         0.00      0.00
15:20:04         0.00      0.00
15:30:04         0.00      0.00
15:40:04         0.00      0.00
15:50:04         0.00      0.00
16:00:04         0.00      0.00
16:10:04         0.01      0.00
16:20:04         0.00      0.46
16:30:04         0.00      0.00
16:40:02         0.00      0.00
16:50:04         0.00      0.00
17:00:04         0.00      0.00
17:10:04         0.00      0.00
17:20:04         0.00      0.00
17:30:02         0.00      0.00
17:40:04         0.00      0.00
17:50:04         0.00      0.00
18:00:04         0.00      0.00
18:10:02         0.03     55.56
18:20:04         0.00      0.00
18:30:04         0.00      0.00
18:40:04         0.00      0.00
18:50:02         0.00      0.00
19:00:04         0.00      0.00
19:10:04         0.00      0.00
19:20:04         0.00      0.00
19:30:02         0.00      0.00
19:40:04         0.00     54.71
19:50:04         0.00     55.05
20:00:04         0.00      0.00
20:10:02         0.00      0.00
20:20:04         0.00      0.00
20:30:02         0.00      0.00
20:40:04         0.00      0.00
20:50:04         0.00      0.00
21:00:04         0.00      0.00
21:10:02         0.00      0.00
21:20:04         0.00      0.00
21:30:04         0.00      0.00
21:40:04         0.00     32.53
21:50:02         0.02      0.00
22:00:04         0.00      0.00
22:10:04         0.00      0.00
22:20:04         0.00      0.00
22:30:02         0.00      0.00
22:40:04         0.00      0.00
22:50:04         0.00      0.00
23:00:04         0.00      0.00
23:10:04         0.00      0.00
23:20:04         0.00      0.00
23:30:04         0.00      0.00
23:40:04         0.00      0.00
23:50:04         0.00      0.00
Average:         0.03      2.64
### SAR_W_SA29
Linux 6.8.0-138-generic (pgain-nuc) 	08/29/26 	_x86_64_	(4 CPU)

00:00:04     pswpin/s pswpout/s
00:10:02         0.00      0.00
00:20:04         0.00      0.00
00:30:03         0.00      0.00
00:40:04         0.00      1.36
00:50:02         0.00      0.00
01:00:04         0.00      0.00
01:10:04         0.00      0.00
01:20:04         0.00      0.00
01:30:04         0.00      0.00
01:40:04         0.00      0.00
01:50:04         0.00      0.00
02:00:04         0.00     17.66
02:10:04         0.00      0.00
Average:         0.00      1.46
### SAR_W_SA30
Linux 6.8.0-138-generic (pgain-nuc) 	08/30/26 	_x86_64_	(4 CPU)

00:32:34     LINUX RESTART	(4 CPU)

00:40:05     pswpin/s pswpout/s
00:50:05         0.00      0.00
01:00:05         0.00      0.00
01:10:05         0.00      0.00
01:20:05         0.00      0.00
01:30:05         0.00      0.00
01:40:05         0.00      0.00
01:50:05         0.00      0.00
02:00:05         0.00      0.00
02:10:05         0.00      0.00
02:20:03         0.00      0.00
02:30:05         0.00      0.00
02:40:03         0.00      0.00
02:50:01         0.00      0.00
03:00:05         0.00      0.00
03:10:01         0.00      0.00
03:20:05         0.00      0.00
03:30:00         0.00      0.00
03:40:05         0.00      0.00
03:50:05         0.00      0.00
04:00:05         0.00      0.00
04:10:00         0.00      0.00
04:20:05         0.00      0.00
04:30:05         0.00      0.00
04:40:05         0.00      0.00
04:50:05         0.00      0.00
05:00:05         0.00      0.00
05:10:05         0.00      0.00
05:20:05         0.00      0.00
05:30:05         0.00      0.00
05:40:05         0.00      0.00
05:50:00         0.00      0.00
06:00:05         0.00      0.00
06:10:00         0.00      0.00
06:20:05         0.00      0.00
06:30:05         0.00      0.00
06:40:05         0.00      0.00
06:50:05         0.00      0.00
07:00:05         0.00      0.00
07:10:05         0.00      0.00
07:20:05         0.00      0.00
07:30:05         0.00      0.00
07:40:05         0.00      0.00
07:50:05         0.00      0.00
08:00:05         0.00      0.00
08:10:05         0.00      0.00
08:20:05         0.00      0.00
08:30:03         0.00      0.00
08:40:05         0.00      0.00
08:50:05         0.00      0.00
09:00:00         0.00      0.00
09:10:04         0.00      0.00
09:20:05         0.00      0.00
09:30:05         0.00      0.00
09:40:05         0.00      0.00
09:50:05         0.00      0.00
10:00:03         0.00      0.00
10:10:03         0.00      0.00
10:20:05         0.00      0.00
10:30:05         0.00      0.00
10:40:05         0.00      0.00
10:50:03         0.00      0.00
11:00:05         0.00      0.00
11:10:05         0.00      0.00
11:20:05         0.00      0.00
11:30:03         0.00      0.00
11:40:05         0.00      0.00
11:50:05         0.00      0.00
12:00:05         0.00      0.00
12:10:03         0.00      0.00
12:20:05         0.00      0.00
12:30:03         0.00      0.00
12:40:05         0.00      0.00
12:50:05         0.00      0.00
13:00:05         0.00      0.00
13:10:03         0.00      0.00
13:20:05         0.00      0.00
13:30:05         0.00      0.00
13:40:05         0.00      0.00
13:50:03         0.00      0.00
14:00:05         0.00      0.00
14:10:01         0.00      0.00
14:20:05         0.00      0.00
14:30:03         0.00      0.00
14:40:05         0.00      0.00
14:50:05         0.00      0.00
15:00:05         0.00      0.00
15:10:03         0.09      2.78
15:20:00         0.00      0.00
15:30:05         0.00      0.00
15:40:05         0.00      0.00
15:50:05         0.00      0.00
16:00:05         0.00      0.00
16:10:03         0.00      0.00
16:20:05         0.00      0.00
16:30:05         0.00      0.00
16:40:03         0.00      0.00
16:50:03         0.00      0.00
17:00:05         0.03      0.00
17:10:05         0.00      0.00
17:20:05         0.00      0.00
17:30:03         0.00      0.00
17:40:05         0.00      0.00
17:50:05         0.00      0.00
18:00:05         0.00      0.00
18:10:05         0.00      0.00
18:20:05         0.00      0.00
18:30:05         0.00      0.00
18:40:02         0.00      0.00
18:50:05         0.00      0.00
19:00:05         0.00      0.00
19:10:05         0.00      0.00
19:20:05         0.00      0.00
19:30:05         0.00      0.00
19:40:05         0.00      0.00
19:50:05         0.00      0.00
20:00:05         0.00      0.00
20:10:05         0.00      0.00
20:20:05         0.00      0.00
20:30:05         0.00      0.00
20:40:05         0.00      0.00
20:50:05         0.00      0.00
21:00:05         0.00      0.00
21:10:05         0.00      0.00
21:20:05         0.00      0.00
21:30:05         0.00      0.00
21:40:05         0.00      0.00
21:50:05         0.00      0.00
22:00:05         0.00      0.00
22:10:05         0.00      0.00
22:20:05         0.00      0.00
22:30:05         0.00      0.00
22:40:05         0.00      0.00
22:50:05         0.00      0.00
23:00:05         0.00      0.00
23:10:05         0.00      0.00
23:20:05         0.00      0.00
23:30:05         0.00      0.00
23:40:05         0.00      0.00
23:50:05         0.00      0.00
Average:         0.00      0.02
### SAR_W_SA31
Linux 6.8.0-138-generic (pgain-nuc) 	08/31/26 	_x86_64_	(4 CPU)

00:00:05     pswpin/s pswpout/s
00:10:05         0.00      0.00
00:20:05         0.00      0.00
00:30:04         0.00      0.00
00:40:05         0.00      0.14
00:50:05         0.01      0.00
01:00:03         0.00      0.00
01:10:05         0.00      0.00
01:20:05         0.00      0.00
01:30:05         0.00      0.00
01:40:03         0.00      0.00
01:50:05         0.00      0.00
02:00:05         0.00     27.54
02:10:05         0.00      0.00
02:20:05         0.00      0.00
02:30:05         0.00      0.00
02:40:03         0.00      0.00
02:50:05         0.00      0.00
03:00:05         0.00      0.00
03:10:01         0.00      0.00
03:20:03         0.00      0.00
03:30:05         0.00      0.00
03:40:05         0.00      0.00
03:50:05         0.00      0.00
04:00:03         0.00     89.88
04:10:05         0.00      0.00
04:20:02         0.00      0.00
04:30:05         0.00      0.00
04:40:03         0.00      0.00
04:50:05         0.02      0.00
05:00:05         0.00      0.00
05:10:05         0.00      0.00
05:20:03         0.00      0.00
05:30:05         0.00      0.00
05:40:03         0.00      0.00
05:50:05         0.00      0.00
06:00:05         0.00      0.00
06:10:05         0.00      0.00
06:20:03         0.00      0.00
06:30:05         0.01      0.00
06:40:05         0.00      0.00
06:50:05         0.00      0.00
07:00:05         0.00      0.00
07:10:05         0.00      0.00
07:20:05         0.00      0.00
07:30:05         0.00      0.00
07:40:05         0.00      0.00
07:50:03         0.00      0.00
08:00:05         0.00      0.00
08:10:05         0.00      0.00
08:20:05         0.00      0.00
08:30:03         0.00      0.00
08:40:05         0.00      0.00
08:50:05         0.00      0.00
09:00:05         0.00      0.00
09:10:05         0.00      0.00
09:20:05         0.00      0.00
09:30:05         0.00      0.00
09:40:05         0.00      0.00
09:50:05         0.00      0.00
10:00:05         0.00      0.00
10:10:05         0.00      0.00
10:20:05         0.00      0.00
10:30:05         0.00      0.00
10:40:05         0.00      0.00
10:50:05         0.00      0.00
11:00:05         0.00      0.00
11:10:05         0.00      0.00
11:20:05         0.00      0.00
11:30:05         0.00      0.00
11:40:00         0.00      0.00
11:50:05         0.00      0.00
12:00:05         0.00      0.00
12:10:05         0.00      0.00
12:20:05         0.00      0.00
12:30:05         0.00      0.00
12:40:05         0.00      0.00
12:50:05         0.00      0.00
13:00:05         0.00      0.00
13:10:05         0.00      0.00
13:20:01         0.00      0.00
13:30:05         0.00     39.93
13:40:05         0.00      0.00
13:50:05         0.01      8.29
14:00:05         0.00      0.00
14:10:05         0.00      0.00
14:20:05         0.00      0.00
14:30:05         0.00      0.00
14:40:05         0.00      0.00
14:50:05         0.00      0.00
15:00:05         0.00      0.00
15:10:05         0.00      0.00
15:20:05         0.00      0.00
15:30:05         0.00      0.00
15:40:05         0.00      0.00
15:50:05         0.00      0.00
16:00:03         0.00      0.00
16:10:05         0.00      0.00
16:20:05         0.00      0.00
Average:         0.00      1.69
### SAR_B_SA01
Linux 6.8.0-138-generic (pgain-nuc) 	09/01/26 	_x86_64_	(4 CPU)

05:33:33     LINUX RESTART	(4 CPU)

05:40:12     pgpgin/s pgpgout/s   fault/s  majflt/s  pgfree/s pgscank/s pgscand/s pgsteal/s    %vmeff
05:50:01       120.50     18.39     89.39      0.10     64.19      0.00      0.00      0.00      0.00
06:00:02        55.03     45.72    126.86      0.27    116.38      0.00      0.00      0.00      0.00
06:10:02         0.16     15.25     32.56      0.00     21.97      0.00      0.00      0.00      0.00
06:20:01         0.11     15.17     31.77      0.00     21.19      0.00      0.00      0.00      0.00
06:30:24         0.29     15.30     34.77      0.00     23.27      0.00      0.00      0.00      0.00
06:40:22         2.82     16.27     99.50      0.03     66.89      0.00      0.00      0.00      0.00
06:50:01         0.11     15.83     30.55      0.00     20.34      0.00      0.00      0.00      0.00
07:00:12         0.36     16.00     37.30      0.00     24.67      0.00      0.00      0.00      0.00
07:10:24         0.18     15.28     31.91      0.00     21.41      0.00      0.00      0.00      0.00
07:20:01         0.14     15.78     31.71      0.00     21.10      0.00      0.00      0.00      0.00
07:30:02         0.17     15.75     35.54      0.00     23.62      0.00      0.00      0.00      0.00
07:40:20         0.18     15.32     32.93      0.00     21.95      0.00      0.00      0.00      0.00
07:50:01         0.17     15.85     30.45      0.00     20.29      0.00      0.00      0.00      0.00
08:00:17         0.43     16.35     33.06      0.00     22.01      0.00      0.00      0.00      0.00
08:10:02         0.41     15.71     32.19      0.00     21.44      0.00      0.00      0.00      0.00
08:20:01      1454.90     23.79    440.33     12.44    363.11      0.00      0.00      0.00      0.00
08:30:12         0.21     15.01     33.61      0.00     22.20      0.00      0.00      0.00      0.00
08:40:24         0.18     15.58     35.12      0.00     23.16      0.00      0.00      0.00      0.00
08:50:01         0.11     15.68     30.70      0.00     20.40      0.00      0.00      0.00      0.00
09:00:24         0.18     15.25     32.63      0.00     21.88      0.00      0.00      0.00      0.00
09:10:02         0.18     15.53     35.55      0.00     23.71      0.00      0.00      0.00      0.00
09:20:01         0.11     15.50     31.77      0.00     21.18      0.00      0.00      0.00      0.00
09:30:24         0.21     15.88     32.73      0.00     21.81      0.00      0.00      0.00      0.00
09:40:24         0.19     15.82     32.75      0.00     21.81      0.00      0.00      0.00      0.00
09:50:01         8.22     20.97     35.49      0.01     24.56      0.00      0.00      0.00      0.00
10:00:24         0.54     15.08     32.70      0.00     21.88      0.00      0.00      0.00      0.00
10:10:12         0.18     15.58     33.35      0.00     22.26      0.00      0.00      0.00      0.00
10:20:02         0.15     15.27     31.13      0.00     20.63      0.00      0.00      0.00      0.00
10:30:02         0.15     15.54     32.65      0.00     21.65      0.00      0.00      0.00      0.00
10:40:24         0.15     15.63     32.84      0.00     21.84      0.00      0.00      0.00      0.00
10:50:02         0.08     15.37     30.65      0.00     20.39      0.00      0.00      0.00      0.00
11:00:24         0.18     15.95     35.62      0.00     23.60      0.00      0.00      0.00      0.00
11:10:02         7.67     16.07     53.73      0.01     39.95      0.00      0.00      0.00      0.00
11:20:02         0.07     16.17     34.85      0.00     23.08      0.00      0.00      0.00      0.00
11:30:12         0.09     16.01     32.08      0.00     21.40      0.00      0.00      0.00      0.00
11:40:24         0.14     15.43     33.30      0.00     22.15      0.00      0.00      0.00      0.00
11:50:00         0.08     15.49     30.73      0.00     20.46      0.00      0.00      0.00      0.00
12:00:24         0.14     15.54     33.05      0.00     21.78      0.00      0.00      0.00      0.00
12:10:12         0.16     15.30     31.99      0.00     21.36      0.00      0.00      0.00      0.00
12:20:02         0.05     16.05     32.38      0.00     21.49      0.00      0.00      0.00      0.00
12:30:12         0.17     15.59     32.11      0.00     21.41      0.00      0.00      0.00      0.00
12:40:24         0.12     15.13     33.20      0.00     22.16      0.00      0.00      0.00      0.00
12:50:02         0.15     16.14     30.69      0.00     20.41      0.00      0.00      0.00      0.00
13:00:24         0.12     16.55     35.64      0.00     23.63      0.00      0.00      0.00      0.00
13:10:12         0.20     15.13     32.00      0.00     21.49      0.00      0.00      0.00      0.00
13:20:02         0.07     15.94     35.43      0.00     23.38      0.00      0.00      0.00      0.00
13:30:02         0.25     16.08     32.69      0.00     21.97      0.00      0.00      0.00      0.00
13:40:24         0.05     15.48     32.73      0.00     21.78      0.00      0.00      0.00      0.00
13:50:00         0.31     39.96     38.14      0.01     20.60      0.00      0.00      0.00      0.00
14:00:24         0.20    162.97    173.46      0.04    107.04      0.00      0.00      0.00      0.00
14:10:22         0.05    169.44    102.00      0.00     47.37      0.00      0.00      0.00      0.00
14:20:00         0.01    194.43     79.03      0.02     23.39      0.00      0.00      0.00      0.00
14:30:12         0.10    202.92     77.99      0.00     22.07      0.00      0.00      0.00      0.00
14:40:24         0.30    214.68     83.03      0.00     22.61      0.00      0.00      0.00      0.00
14:50:00         0.25    224.92     82.86      0.00     25.93      0.00      0.00      0.00      0.00
15:00:24         0.06    147.74     65.36      0.04     22.01      0.00      0.00      0.00      0.00
15:10:12         0.08    165.52     80.20      0.00     34.83      0.00      0.00      0.00      0.00
15:20:00         0.01    178.68     75.02      0.02     22.02      0.00      0.00      0.00      0.00
15:30:22         0.13    200.13     78.38      0.00     22.40      0.00      0.00      0.00      0.00
15:40:24         0.19    201.58     79.77      0.00     21.70      0.00      0.00      0.00      0.00
15:50:00       387.60    724.15    481.93      0.08    444.42      0.00      0.00      0.00      0.00
16:00:24         0.04    175.88     75.75      0.03     28.80      0.00      0.00      0.00      0.00
16:10:12         0.03    154.50     67.00      0.02     21.50      0.00      0.00      0.00      0.00
16:20:00         0.03    178.56     73.37      0.00     22.18      0.00      0.00      0.00      0.00
16:30:22         0.09    199.48     79.05      0.02     23.42      0.00      0.00      0.00      0.00
16:40:24         0.16    201.90     81.76      0.00     22.72      0.00      0.00      0.00      0.00
16:50:00         0.10    227.28     81.57      0.00     20.81      0.00      0.00      0.00      0.00
17:00:24         0.08    184.88     74.35      0.03     25.42      0.00      0.00      0.00      0.00
17:10:22         0.05    154.82     66.10      0.02     21.61      0.00      0.00      0.00      0.00
17:20:00         0.07    167.80     71.65      0.00     22.13      0.00      0.00      0.00      0.00
17:30:12         0.18    190.66     74.55      0.02     21.70      0.00      0.00      0.00      0.00
17:40:24         0.01    206.19     79.09      0.00     21.76      0.00      0.00      0.00      0.00
17:50:00         0.01    212.00     80.96      0.00     22.16      0.00      0.00      0.00      0.00
18:00:24         0.04    207.15     82.45      0.01     26.83      0.00      0.00      0.00      0.00
18:10:24         0.08    154.67     66.99      0.04     23.35      0.00      0.00      0.00      0.00
18:20:00         0.03    173.32     71.13      0.00     22.62      0.00      0.00      0.00      0.00
Average:        26.68     84.09     63.63      0.17     36.36      0.00      0.00      0.00      0.00
### SAR_B_SA03
Linux 6.8.0-138-generic (pgain-nuc) 	09/03/26 	_x86_64_	(4 CPU)

09:37:18     LINUX RESTART	(4 CPU)

09:40:29     pgpgin/s pgpgout/s   fault/s  majflt/s  pgfree/s pgscank/s pgscand/s pgsteal/s    %vmeff
09:50:19         2.59     16.93     43.14      0.00     29.99      0.00      0.00      0.00      0.00
10:00:05         1.04     16.54     34.31      0.00     22.87      0.00      0.00      0.00      0.00
10:10:29         0.10     14.90     30.94      0.00     20.89      0.00      0.00      0.00      0.00
10:20:29         0.22     15.85     33.88      0.00     22.73      0.00      0.00      0.00      0.00
10:30:20       311.18    532.25   3816.04      0.42   2810.42      0.00      0.00      0.00      0.00
10:40:29         0.11     15.88     31.13      0.00     22.10      0.00      0.00      0.00      0.00
10:50:02         0.24     16.02     33.04      0.00     22.14      0.00      0.00      0.00      0.00
11:00:20         0.21     15.59     33.14      0.00     22.23      0.00      0.00      0.00      0.00
11:10:29         0.13     15.86     30.69      0.00     20.31      0.00      0.00      0.00      0.00
11:20:07         0.25     16.59     37.29      0.00     24.44      0.00      0.00      0.00      0.00
11:30:24         0.38     16.87     33.25      0.00     22.31      0.00      0.00      0.00      0.00
11:40:04         0.10     15.98     30.78      0.00     20.59      0.00      0.00      0.00      0.00
11:50:07         0.21     15.66     32.71      0.00     21.63      0.00      0.00      0.00      0.00
12:00:19         0.20     15.93     33.48      0.00     22.18      0.00      0.00      0.00      0.00
12:10:29         0.13     15.92     30.43      0.00     20.18      0.00      0.00      0.00      0.00
12:20:07         0.25     16.73     33.93      0.00     22.61      0.00      0.00      0.00      0.00
12:30:11         0.53     16.50     32.70      0.00     21.85      0.00      0.00      0.00      0.00
12:40:19         0.25     16.21     31.92      0.00     21.26      0.00      0.00      0.00      0.00
12:50:08         0.26     15.95     32.19      0.00     21.52      0.00      0.00      0.00      0.00
13:00:20         0.16     16.75     36.54      0.00     24.24      0.00      0.00      0.00      0.00
13:10:29         0.04     15.99     30.68      0.00     20.44      0.00      0.00      0.00      0.00
13:20:08         0.12     16.47     33.91      0.00     22.46      0.00      0.00      0.00      0.00
13:30:29         0.23     15.64     33.00      0.00     22.18      0.00      0.00      0.00      0.00
13:40:11         0.04     15.20     30.57      0.00     20.48      0.00      0.00      0.00      0.00
13:50:29         0.14     15.67     36.27      0.00     24.10      0.00      0.00      0.00      0.00
14:00:29         0.12     15.84     32.83      0.00     21.78      0.00      0.00      0.00      0.00
14:10:29         0.03     15.49     31.11      0.00     20.54      0.00      0.00      0.00      0.00
14:20:08         0.15     16.39     33.86      0.00     22.33      0.00      0.00      0.00      0.00
14:30:07         0.19     15.74     32.88      0.00     21.79      0.00      0.00      0.00      0.00
14:40:29         7.34     16.42     51.10      0.01     37.77      0.00      0.00      0.00      0.00
14:50:29         0.21     81.20     52.30      0.02     23.81      0.00      0.00      0.00      0.00
15:00:20         0.18    159.18     69.50      0.02     22.51      0.00      0.00      0.00      0.00
15:10:29         0.11    176.99     70.49      0.00     20.46      0.00      0.00      0.00      0.00
15:20:29         0.23    187.63     81.04      0.02     24.45      0.00      0.00      0.00      0.00
15:30:20         0.27    203.71     79.75      0.00     22.65      0.00      0.00      0.00      0.00
15:40:29         0.05    211.23     79.67      0.00     20.64      0.00      0.00      0.00      0.00
15:50:29         0.44    185.95     73.83      0.03     22.90      0.00      0.00      0.00      0.00
16:00:20         0.08    152.75     65.71      0.03     21.68      0.00      0.00      0.00      0.00
16:10:09         0.01    170.07     73.51      0.00     23.14      0.00      0.00      0.00      0.00
16:20:04         0.11    185.97     76.79      0.02     22.98      0.00      0.00      0.00      0.00
16:30:05         0.21    198.33     78.30      0.00     22.10      0.00      0.00      0.00      0.00
16:40:19         0.03    211.29     77.55      0.00     20.36      0.00      0.00      0.00      0.00
16:50:09         0.24    207.36     81.39      0.01     22.74      0.00      0.00      0.00      0.00
17:00:20         0.10    154.43     66.35      0.04     22.26      0.00      0.00      0.00      0.00
17:10:29         0.19    167.38     69.77      0.00     21.73      0.00      0.00      0.00      0.00
17:20:17       495.35    192.90    328.65      4.01    232.07      0.00      0.00      0.00      0.00
17:30:09         0.26    193.36    125.55      0.00     59.87      0.00      0.00      0.00      0.00
17:40:29         0.05    201.73     78.44      0.00     20.86      0.00      0.00      0.00      0.00
17:50:09         0.15    220.87    111.81      0.00     44.71      0.00      0.00      0.00      0.00
18:00:20         0.21    161.94     67.31      0.03     26.76      0.00      0.00      0.00      0.00
18:10:29         0.09    161.02     68.35      0.02     21.79      0.00      0.00      0.00      0.00
18:20:29       236.64    695.58    464.27      0.04    432.28      0.00      0.00      0.00      0.00
18:30:09         0.14    195.81     77.93      0.02     23.58      0.00      0.00      0.00      0.00
18:40:29         0.14    200.58     78.05      0.00     21.20      0.00      0.00      0.00      0.00
18:50:29         0.08    212.10     82.46      0.00     22.18      0.00      0.00      0.00      0.00
19:00:12         0.11    187.26     77.18      0.03     26.59      0.00      0.00      0.00      0.00
19:10:09         0.07    155.77     66.21      0.02     20.85      0.00      0.00      0.00      0.00
19:20:29         0.14    170.61     71.79      0.00     22.77      0.00      0.00      0.00      0.00
19:30:20         0.08    189.08     75.63      0.02     21.81      0.00      0.00      0.00      0.00
19:40:29         0.01    197.33     77.52      0.00     21.27      0.00      0.00      0.00      0.00
19:50:09         0.08    207.60     80.63      0.00     22.81      0.00      0.00      0.00      0.00
20:00:20         0.09    207.29     81.97      0.01     27.09      0.00      0.00      0.00      0.00
20:10:19         0.04    147.53     63.93      0.04     20.98      0.00      0.00      0.00      0.00
20:20:29         0.09    174.75     76.63      0.00     25.05      0.00      0.00      0.00      0.00
20:30:09         0.08    188.56     74.32      0.02     21.81      0.00      0.00      0.00      0.00
20:40:29         0.04    197.39     76.03      0.00     21.34      0.00      0.00      0.00      0.00
20:50:19         0.09    207.98     80.52      0.00     21.62      0.00      0.00      0.00      0.00
21:00:20         0.25    226.03     84.43      0.00     25.14      0.00      0.00      0.00      0.00
21:10:09         0.58    145.94     67.90      0.05     25.52      0.00      0.00      0.00      0.00
21:20:29         0.08    165.10     71.38      0.00     22.85      0.00      0.00      0.00      0.00
21:30:09         0.01    182.82     73.08      0.00     21.99      0.00      0.00      0.00      0.00
21:40:26         0.10    192.24     78.32      0.02     22.42      0.00      0.00      0.00      0.00
21:50:19         0.04    224.98     84.07      0.00     22.99      0.00      0.00      0.00      0.00
22:00:20         0.11    212.85     83.35      0.00     22.28      0.00      0.00      0.00      0.00
22:10:09         0.11    171.65     69.34      0.03     25.25      0.00      0.00      0.00      0.00
22:20:24         0.13    161.86     69.03      0.02     22.21      0.00      0.00      0.00      0.00
22:30:19         0.05    176.07     72.31      0.00     22.50      0.00      0.00      0.00      0.00
22:40:29         0.09    135.51     64.67      0.02     22.56      0.00      0.00      0.00      0.00
22:50:09         0.17    202.08     80.10      0.00     22.93      0.00      0.00      0.00      0.00
23:00:20         0.03    214.18     80.95      0.00     21.71      0.00      0.00      0.00      0.00
23:10:19         0.11    207.48     77.93      0.01     25.20      0.00      0.00      0.00      0.00
23:20:29         0.00    148.14     66.16      0.04     22.88      0.00      0.00      0.00      0.00
23:30:09         0.32    169.22     71.14      0.00     23.18      0.00      0.00      0.00      0.00
23:40:29         0.00    186.66     75.14      0.02     22.33      0.00      0.00      0.00      0.00
23:50:09         0.08    194.91     79.67      0.00     22.88      0.00      0.00      0.00      0.00
Average:        12.37    136.74    112.54      0.06     63.00      0.00      0.00      0.00      0.00
### SAR_B_SA04
Linux 6.8.0-138-generic (pgain-nuc) 	09/04/26 	_x86_64_	(4 CPU)

00:00:20     pgpgin/s pgpgout/s   fault/s  majflt/s  pgfree/s pgscank/s pgscand/s pgsteal/s    %vmeff
00:10:15         0.09    226.49    100.49      0.01     36.93      0.00      0.00      0.00      0.00
00:20:29         0.05    147.37     63.38      0.05     22.18      0.00      0.00      0.00      0.00
00:30:19         0.03    165.88     71.30      0.00     22.27      0.00      0.00      0.00      0.00
00:40:17         0.07    182.38     71.21      0.00     20.71      0.00      0.00      0.00      0.00
00:50:19         0.08    182.64     75.41      0.02     21.88      0.00      0.00      0.00      0.00
01:00:20         0.11    202.50    102.95      0.00     41.25      0.00      0.00      0.00      0.00
01:10:09         0.00     98.65     50.53      0.00     21.21      0.00      0.00      0.00      0.00
01:20:09         0.05     15.53     36.97      0.00     24.18      0.00      0.00      0.00      0.00
Average:         0.06    152.68     71.53      0.01     26.33      0.00      0.00      0.00      0.00
### SAR_B_SA27
Linux 6.8.0-138-generic (pgain-nuc) 	08/27/26 	_x86_64_	(4 CPU)

00:00:21     pgpgin/s pgpgout/s   fault/s  majflt/s  pgfree/s pgscank/s pgscand/s pgsteal/s    %vmeff
00:10:21         8.11     13.29     68.81      0.06     40.92      0.00      0.00      0.00      0.00
00:20:21         0.18     15.56     52.74      0.00     39.15      0.00      0.00      0.00      0.00
00:30:16         0.09     15.57     54.32      0.00     32.77      0.00      0.00      0.00      0.00
00:40:21         0.09     15.76     56.76      0.00     34.76      0.00      0.00      0.00      0.00
00:50:06         0.05     14.97     52.93      0.00     31.91      0.00      0.00      0.00      0.00
01:00:21         0.12     15.60     52.54      0.00     30.93      0.00      0.00      0.00      0.00
01:10:21         0.11     15.75     57.17      0.00     35.72      0.00      0.00      0.00      0.00
01:20:16         0.07     15.84     53.17      0.00     32.61      0.00      0.00      0.00      0.00
01:30:21         0.20     15.50     53.44      0.00     32.87      0.00      0.00      0.00      0.00
01:40:07         0.08     15.87     55.16      0.00     32.99      0.00      0.00      0.00      0.00
01:50:07         0.11    106.21     74.43      0.00     33.87      0.00      0.00      0.00      0.00
02:00:16         0.33    236.78    108.76      0.01     32.79      0.00      0.00      0.00      0.00
02:10:21         0.05    188.79     92.38      0.05    125.91     55.10      0.00    110.06    199.77
02:20:07         0.79    205.12    103.40      0.05     30.22      0.00      0.00      0.00      0.00
02:30:21         0.18    219.79    108.09      0.03     30.84      0.00      0.00      0.00      0.00
02:40:21         0.06    233.48    105.93      0.00     28.95      0.00      0.00      0.00      0.00
02:50:07         0.23    231.03    105.78      0.03     30.40      0.00      0.00      0.00      0.00
03:00:21         0.18    175.62     91.33      0.03     29.08      0.00      0.00      0.00      0.00
03:10:21         0.03    206.14    104.73      0.03     30.89      0.00      0.00      0.00      0.00
03:20:07        23.87    154.01    344.69      0.09    352.50     65.54      0.00    131.08    199.99
03:30:21         0.04    205.60     99.56      0.00     29.40      0.00      0.00      0.00      0.00
03:40:21         0.20    224.76    105.46      0.01     30.58      0.00      0.00      0.00      0.00
03:50:07         0.09    167.78     89.30      0.03     30.12      0.00      0.00      0.00      0.00
04:00:21         0.09    186.27     97.22      0.02     29.74      0.00      0.00      0.00      0.00
04:10:21         0.07    204.16    101.15      0.02     28.66      0.00      0.00      0.00      0.00
04:20:07         0.09    229.18    110.32      0.01     32.56      0.00      0.00      0.00      0.00
04:30:21         0.08    230.45    104.82      0.00     29.73      0.00      0.00      0.00      0.00
04:40:21         0.10    178.85     93.95      0.04     32.82      0.00      0.00      0.00      0.00
Average:         1.25    133.69     92.63      0.02     46.67      4.27      0.00      8.54    199.89

11:50:53     LINUX RESTART	(4 CPU)

12:00:04     pgpgin/s pgpgout/s   fault/s  majflt/s  pgfree/s pgscank/s pgscand/s pgsteal/s    %vmeff
12:10:04         1.13     15.52     34.85      0.00     23.13      0.00      0.00      0.00      0.00
12:20:04       103.29     16.67    101.48      0.06     68.05      0.00      0.00      0.00      0.00
12:30:04         0.43     15.58     32.86      0.00     21.88      0.00      0.00      0.00      0.00
12:40:04         0.59     15.63     32.65      0.00     21.85      0.00      0.00      0.00      0.00
12:50:04         0.09     15.61     30.75      0.00     20.69      0.00      0.00      0.00      0.00
13:00:04         0.24     15.71     35.65      0.00     23.91      0.00      0.00      0.00      0.00
13:10:04         0.19     16.74     32.86      0.00     22.00      0.00      0.00      0.00      0.00
13:20:04     16915.72     23.68   6820.88      2.87   3374.70      0.00      0.00      0.00      0.00
13:30:03      7479.44     17.95   3710.05      0.00   4024.68     37.28      0.00   2276.71   6107.46
13:40:04       881.90     17.05    479.25      0.00    739.86     55.47      0.00    548.51    988.80
13:50:04       708.96     16.57    359.96      0.00    527.45      0.00      0.00    336.05      0.00
14:00:02       428.34     16.62    216.27      0.00    311.73      0.00      0.00    192.65      0.00
14:10:04       143.75     18.09     85.57      0.00    113.76      0.00      0.00     54.22      0.00
14:20:04         0.04     15.60     32.00      0.00     21.27      0.00      0.00      0.00      0.00
14:30:04         0.27     15.25     35.78      0.00     23.81      0.00      0.00      0.00      0.00
14:40:04         0.25     14.56     32.68      0.00     21.88      0.00      0.00      0.00      0.00
14:50:04         0.09     14.94     30.88      0.00     20.81      0.00      0.00      0.00      0.00
15:00:04         0.35     16.31     32.84      0.00     21.94      0.00      0.00      0.00      0.00
15:10:04         0.15     15.25     32.66      0.00     22.08      0.00      0.00      0.00      0.00
15:20:04         0.11     16.04     30.69      0.00     20.60      0.00      0.00      0.00      0.00
15:30:04         0.23     16.03     32.81      0.00     21.96      0.00      0.00      0.00      0.00
15:40:04         0.25     15.59     32.63      0.00     22.02      0.00      0.00      0.00      0.00
15:50:04         0.25     15.41     33.67      0.00     22.62      0.00      0.00      0.00      0.00
16:00:04         0.13     15.75     32.65      0.00     22.12      0.00      0.00      0.00      0.00
16:10:04         0.15     15.81     32.68      0.00     22.10      0.00      0.00      0.00      0.00
16:20:04         0.13     16.09     31.87      0.00     21.45      0.00      0.00      0.00      0.00
16:30:04       895.93    185.15    288.69      1.61    387.44    357.00      0.00    381.71    106.92
16:40:04      2291.95   1598.72    297.65      7.38    766.76   9320.59      0.00   1136.32     12.19
16:50:04        19.17     16.79     41.02      0.39     20.83      0.00      0.00      0.00      0.00
17:00:04         1.79     15.61     42.64      0.05     22.03      0.00      0.00      0.00      0.00
17:10:04         1.58     15.63     42.51      0.05     22.07      0.00      0.00      0.00      0.00
17:20:04         1.46     16.35     44.26      0.04     23.32      0.00      0.00      0.00      0.00
17:30:04         1.13     16.33     42.65      0.04     21.96      0.00      0.00      0.00      0.00
17:40:04         1.07     15.95     42.66      0.07     22.03      0.00      0.00      0.00      0.00
17:50:04         2.83     11.07     40.02      0.13     20.33      0.00      0.00      0.00      0.00
18:00:04        22.01      7.67     57.68      0.05     91.96     55.43      0.00    110.86    200.00
18:10:02         1.33     14.36     43.38      0.05     22.41      0.00      0.00      0.00      0.00
18:20:04         0.80     16.86     45.20      0.03     23.28      0.00      0.00      0.00      0.00
18:30:04         0.95     15.87     43.20      0.01     22.43      0.00      0.00      0.00      0.00
18:40:04         1.99     16.03     41.18      0.06     21.16      0.00      0.00      0.00      0.00
18:50:04         0.64     13.79     42.58      0.03     21.81      0.00      0.00      0.00      0.00
19:00:04         0.51     15.81     42.54      0.02     21.86      0.00      0.00      0.00      0.00
19:10:04         0.27     15.46     40.05      0.01     20.67      0.00      0.00      0.00      0.00
19:20:04       234.56     19.21    198.47      1.56    230.36    110.90      0.00    221.80    200.00
19:30:04        14.49    123.36    123.18      0.39    159.07     74.55      0.00    110.84    148.67
19:40:04         0.09     14.23     39.86      0.00     20.71      0.00      0.00      0.00      0.00
19:50:02         0.15     14.71     42.46      0.00     21.91      0.00      0.00      0.00      0.00
20:00:04         0.19     14.89     42.17      0.00     21.76      0.00      0.00      0.00      0.00
20:10:04         0.14     14.97     39.97      0.00     20.66      0.00      0.00      0.00      0.00
20:20:04         2.77     15.53     46.77      0.12     24.43      0.00      0.00      0.00      0.00
20:30:02         0.13     14.93     42.41      0.00     21.98      0.00      0.00      0.00      0.00
20:40:04         0.03     15.16     39.90      0.00     20.58      0.00      0.00      0.00      0.00
20:50:04         0.09     14.60     42.35      0.00     21.84      0.00      0.00      0.00      0.00
21:00:04         0.12     14.93     42.35      0.00     21.93      0.00      0.00      0.00      0.00
21:10:02         0.09     15.02     40.09      0.00     20.71      0.00      0.00      0.00      0.00
21:20:04       484.22    950.49    434.70      0.28    597.06    272.80      0.00    331.56    121.54
21:30:04         0.21     15.65     45.43      0.00     23.75      0.00      0.00      0.00      0.00
21:40:04         0.10     15.07     39.98      0.01     20.61      0.00      0.00      0.00      0.00
21:50:00         0.54     15.95     78.53      0.01     49.88      0.00      0.00      0.00      0.00
22:00:04         2.10     14.90     55.55      0.02     32.74      0.00      0.00      0.00      0.00
22:10:02         0.02     14.91     40.09      0.00     20.69      0.00      0.00      0.00      0.00
22:20:04         0.07     15.02     43.27      0.00     22.35      0.00      0.00      0.00      0.00
22:30:04         0.19     15.12     42.37      0.00     21.88      0.00      0.00      0.00      0.00
22:40:04         0.06     10.99     39.69      0.00     20.61      0.00      0.00      0.00      0.00
22:50:02         0.15     14.85     42.56      0.00     21.92      0.00      0.00      0.00      0.00
23:00:04         0.04     12.78     42.64      0.00     22.33      0.00      0.00      0.00      0.00
23:10:04         0.09      7.62     42.47      0.00     22.02      0.00      0.00      0.00      0.00
23:20:04         0.27     15.84     43.52      0.01     22.61      0.00      0.00      0.00      0.00
23:30:02         0.19      9.68     39.64      0.00     20.42      0.00      0.00      0.00      0.00
23:40:04         0.16     12.07     39.56      0.00     20.36      0.00      0.00      0.00      0.00
23:50:04         3.06     13.86     45.02      0.09     23.10      0.00      0.00      0.00      0.00
Average:       431.61     54.66    218.09      0.22    178.78    144.86      0.00     80.26     55.41
### SAR_B_SA28
Linux 6.8.0-138-generic (pgain-nuc) 	08/28/26 	_x86_64_	(4 CPU)

00:00:04     pgpgin/s pgpgout/s   fault/s  majflt/s  pgfree/s pgscank/s pgscand/s pgsteal/s    %vmeff
00:10:02         4.42     11.19     44.95      0.03     24.20      0.00      0.00      0.00      0.00
00:20:04         0.05     10.14     43.57      0.01     22.75      0.00      0.00      0.00      0.00
00:30:04         0.15     11.36     39.93      0.00     20.37      0.00      0.00      0.00      0.00
00:40:04         0.15     11.73     42.30      0.00     21.71      0.00      0.00      0.00      0.00
00:50:02         8.92     10.37     60.18      0.01     38.04      0.00      0.00      0.00      0.00
01:00:04         0.19     18.54    239.58      0.02    182.27      0.00      0.00      0.00      0.00
01:10:04         0.24     14.77    143.36      0.02    121.07      0.00      0.00      0.00      0.00
01:20:04         0.04      9.49     40.72      0.00     20.94      0.00      0.00      0.00      0.00
01:30:02         0.09     12.11     42.29      0.00     21.79      0.00      0.00      0.00      0.00
01:40:04         0.04      9.45     39.48      0.00     20.19      0.00      0.00      0.00      0.00
01:50:02         0.12     10.40     45.45      0.00     23.58      0.00      0.00      0.00      0.00
02:00:04         0.10     16.04     42.34      0.00     22.01      0.00      0.00      0.00      0.00
02:10:04         0.10     14.71     39.97      0.01     20.72      0.00      0.00      0.00      0.00
02:20:04         0.13     15.13     43.45      0.00     22.59      0.00      0.00      0.00      0.00
02:30:02         0.09     15.56     42.57      0.00     21.98      0.00      0.00      0.00      0.00
02:40:04         0.05     15.58     42.89      0.01     22.56      0.00      0.00      0.00      0.00
02:50:04         0.21     16.07     42.53      0.00     21.96      0.00      0.00      0.00      0.00
03:00:04         0.10     15.59     42.42      0.00     22.01      0.00      0.00      0.00      0.00
03:10:02         0.03     15.88     41.21      0.00     21.21      0.00      0.00      0.00      0.00
03:20:04        25.68     21.23    165.00      0.21    117.12      0.00      0.00      0.00      0.00
03:30:04         0.16     15.66     42.48      0.00     22.02      0.00      0.00      0.00      0.00
03:40:04         0.11     15.15     40.10      0.00     20.75      0.00      0.00      0.00      0.00
03:50:04         0.05     14.91     42.48      0.00     22.00      0.00      0.00      0.00      0.00
04:00:04         0.36     15.84     42.60      0.00     22.12      0.00      0.00      0.00      0.00
04:10:04         0.03     15.09     40.24      0.00     20.70      0.00      0.00      0.00      0.00
04:20:04        15.87     21.74     48.33      0.01     26.81      0.00      0.00      0.00      0.00
04:30:04         0.24    113.99     67.50      0.01     22.07      0.00      0.00      0.00      0.00
04:40:04         0.32    159.56     79.47      0.03     22.98      0.00      0.00      0.00      0.00
04:50:04         0.13    172.73     81.94      0.00     22.32      0.00      0.00      0.00      0.00
05:00:04         0.26    185.68     85.35      0.04     22.21      0.00      0.00      0.00      0.00
05:10:04         0.00    202.75     87.57      0.00     21.17      0.00      0.00      0.00      0.00
05:20:04         0.11    224.54     96.54      0.00     24.70      0.00      0.00      0.00      0.00
05:30:04         0.32    182.97     83.87      0.04     22.91      0.00      0.00      0.00      0.00
05:40:04         0.09    157.68     76.14      0.02     21.19      0.00      0.00      0.00      0.00
05:50:04         0.07    166.85     80.71      0.00     22.01      0.00      0.00      0.00      0.00
06:00:04         0.44    181.48    173.17      0.03     91.98      0.00      0.00      0.00      0.00
06:10:04       547.79   1190.89   1731.69      2.05   1479.62    321.71      0.00    442.24    137.47
06:20:04         0.10    210.37     84.61      0.00     24.93      0.00      0.00      0.00      0.00
06:30:04         0.23    211.94     82.64      0.01     24.67      0.00      0.00      0.00      0.00
06:40:04         0.00    146.42     64.08      0.04     21.02      0.00      0.00      0.00      0.00
06:50:04         0.15    163.80     70.19      0.00     22.41      0.00      0.00      0.00      0.00
07:00:04         0.14    182.72     73.21      0.02     22.48      0.00      0.00      0.00      0.00
07:10:04         0.03    186.24     74.29      0.00     21.31      0.00      0.00      0.00      0.00
07:20:04         0.06    201.32     80.52      0.00     23.04      0.00      0.00      0.00      0.00
07:30:04         0.06    222.80     83.75      0.00     22.23      0.00      0.00      0.00      0.00
07:40:04         0.01     53.06     38.90      0.00     20.77      0.00      0.00      0.00      0.00
07:50:04         6.91     33.95    124.43      0.01     89.20      0.00      0.00      0.00      0.00
08:00:04         0.05    146.81    113.27      0.02     60.69      0.00      0.00      0.00      0.00
08:10:04         0.07    167.91     68.77      0.02     21.20      0.00      0.00      0.00      0.00
08:20:04         0.20    173.98     73.72      0.02     23.18      0.00      0.00      0.00      0.00
08:30:02         0.08    197.66     77.33      0.02     22.38      0.00      0.00      0.00      0.00
08:40:04         0.00    205.99     77.90      0.00     20.95      0.00      0.00      0.00      0.00
08:50:04         0.03    212.41     82.82      0.00     22.10      0.00      0.00      0.00      0.00
09:00:04         0.58    185.10     76.76      0.03     80.99     55.78      0.00    110.97    198.93
09:10:02         0.11    154.35     67.97      0.02     23.02      0.00      0.00      0.00      0.00
09:20:04         0.41    167.47    251.99      0.00    158.92      0.00      0.00      0.00      0.00
09:30:04         0.43    181.58     74.51      0.02     22.23      0.00      0.00      0.00      0.00
09:40:03         0.20    200.41     75.93      0.00     21.26      0.00      0.00      0.00      0.00
09:50:02         0.16    207.80     81.82      0.00     22.24      0.00      0.00      0.00      0.00
10:00:04         0.13    211.90     80.56      0.01     22.92      0.00      0.00      0.00      0.00
10:10:04         0.09    142.36     64.44      0.04     22.98      0.00      0.00      0.00      0.00
10:20:04         0.16    163.80     71.75      0.00     23.40      0.00      0.00      0.00      0.00
10:30:04         0.12    175.53     73.18      0.02     22.30      0.00      0.00      0.00      0.00
10:40:04         0.06    196.66     74.83      0.00     21.02      0.00      0.00      0.00      0.00
10:50:04         0.11    207.51     81.52      0.00     77.88     55.12      0.00    110.24    200.00
11:00:04         0.12    224.74     83.44      0.00     22.22      0.00      0.00      0.00      0.00
11:10:04         0.09    151.96     64.60      0.03     23.23      0.00      0.00      0.00      0.00
11:20:04         0.12    153.59     69.11      0.02     23.03      0.00      0.00      0.00      0.00
11:30:04         0.32    187.08    183.18      0.00     98.77      0.00      0.00      0.00      0.00
11:40:04         0.09    193.98    125.37      0.02     63.98      0.00      0.00      0.00      0.00
11:50:04         0.09    195.56    102.52      0.00     43.55      0.00      0.00      0.00      0.00
12:00:04         2.63    205.45     90.83      0.01     30.30      0.00      0.00      0.00      0.00
12:10:04         0.61    189.05     74.36      0.03     22.97      0.00      0.00      0.00      0.00
12:20:04         0.46    153.24     67.84      0.02     23.37      0.00      0.00      0.00      0.00
12:30:04         0.15    169.60     71.47      0.00     22.41      0.00      0.00      0.00      0.00
12:40:04         0.07    184.03     73.37      0.02     21.24      0.00      0.00      0.00      0.00
12:50:04         6.93    325.25     98.94      0.00     95.62     91.85      0.00    109.75    119.49
13:00:04         0.12    214.02     85.09      0.00     24.17      0.00      0.00      0.00      0.00
13:10:04         0.01    212.12     78.42      0.01     23.42      0.00      0.00      0.00      0.00
13:20:04         0.16    149.09     69.50      0.04     25.62      0.00      0.00      0.00      0.00
13:30:04         0.20    160.15     68.56      0.00     22.40      0.00      0.00      0.00      0.00
13:40:04         0.53    189.35    191.88      0.03    107.75      0.00      0.00      0.00      0.00
13:50:04         0.19    196.68     78.23      0.00     22.25      0.00      0.00      0.00      0.00
14:00:04        57.47    397.79    154.10      0.00    136.75     94.48      0.00    110.29    116.73
14:10:04         0.05     61.31     41.27      0.00     21.20      0.00      0.00      0.00      0.00
14:20:02         0.08     15.66     34.04      0.00     22.88      0.00      0.00      0.00      0.00
14:30:04         0.36     14.07     32.56      0.00     22.25      0.00      0.00      0.00      0.00
14:40:04         0.07     16.16     33.97      0.00     22.75      0.00      0.00      0.00      0.00
14:50:04         0.11     44.78     40.65      0.00     22.17      0.00      0.00      0.00      0.00
15:00:04         0.58    202.48     79.17      0.01     22.93      0.00      0.00      0.00      0.00
15:10:04         0.05    147.65     63.71      0.04     21.28      0.00      0.00      0.00      0.00
15:20:04         0.16    164.23     71.07      0.00     23.19      0.00      0.00      0.00      0.00
15:30:04         0.11    183.43     76.52      0.02     24.32      0.00      0.00      0.00      0.00
15:40:04         0.04    191.77     75.65      0.00     21.26      0.00      0.00      0.00      0.00
15:50:04         0.13    207.47     80.47      0.00     22.37      0.00      0.00      0.00      0.00
16:00:04         0.15    219.41     81.91      0.00     21.88      0.00      0.00      0.00      0.00
16:10:04         0.31    149.19     66.48      0.03     25.18      0.00      0.00      0.00      0.00
16:20:04         1.83    170.86    272.97      0.07    231.05     55.88      0.00    110.79    198.28
16:30:04         0.15    175.43     99.37      0.00     44.35      0.00      0.00      0.00      0.00
16:40:02         0.03    195.11     75.46      0.02     21.86      0.00      0.00      0.00      0.00
16:50:04         0.17    203.46     79.36      0.00     22.88      0.00      0.00      0.00      0.00
17:00:04         0.13    219.59     82.08      0.00     22.30      0.00      0.00      0.00      0.00
17:10:04         0.14    171.17     69.66      0.03     21.85      0.00      0.00      0.00      0.00
17:20:04         0.09    152.16     67.54      0.02     23.29      0.00      0.00      0.00      0.00
17:30:02         0.07    169.40     70.64      0.00     22.70      0.00      0.00      0.00      0.00
17:40:04         0.03    184.59     72.76      0.02     21.07      0.00      0.00      0.00      0.00
17:50:04         0.01    206.52     83.17      0.00     24.46      0.00      0.00      0.00      0.00
18:00:04         0.14    212.81     80.56      0.00     22.65      0.00      0.00      0.00      0.00
18:10:02       125.70    434.78    334.70      0.57    271.30    109.36      0.00    111.17    101.66
18:20:04         0.13    149.40     66.71      0.04     23.04      0.00      0.00      0.00      0.00
18:30:04         0.07    162.89     69.07      0.00     22.21      0.00      0.00      0.00      0.00
18:40:04         0.05    176.96     70.89      0.02     21.13      0.00      0.00      0.00      0.00
18:50:02         0.11    192.84     79.57      0.00     24.38      0.00      0.00      0.00      0.00
19:00:04         0.29    205.82     79.83      0.00     22.44      0.00      0.00      0.00      0.00
19:10:04         0.09    214.40     81.37      0.00     22.65      0.00      0.00      0.00      0.00
19:20:04         0.03    164.97     69.27      0.03     24.13      0.00      0.00      0.00      0.00
19:30:02         0.07    155.03     67.16      0.03     22.90      0.00      0.00      0.00      0.00
19:40:04         0.03    385.26     70.36      0.00     77.52    105.53      0.00    110.52    104.72
19:50:04         4.93    436.27    153.07      0.02    164.67    106.89      0.00    110.87    103.73
20:00:04         0.03    200.11     78.78      0.00     22.18      0.00      0.00      0.00      0.00
20:10:02       244.45    185.53    258.52      2.06    160.01      0.00      0.00      0.00      0.00
20:20:04         0.02    217.41    134.07      0.01     72.32      0.00      0.00      0.00      0.00
20:30:02         0.16    145.59     65.32      0.04     22.55      0.00      0.00      0.00      0.00
20:40:04         0.06    169.38     73.53      0.00     24.35      0.00      0.00      0.00      0.00
20:50:04         0.04    175.15     70.27      0.02     20.98      0.00      0.00      0.00      0.00
21:00:04         0.00    198.97     78.24      0.00     22.19      0.00      0.00      0.00      0.00
21:10:02         0.12    204.88     83.67      0.00     24.41      0.00      0.00      0.00      0.00
21:20:04         0.03    220.36     81.69      0.00     21.56      0.00      0.00      0.00      0.00
21:30:04         0.01    165.10     69.43      0.03     26.10      0.00      0.00      0.00      0.00
21:40:04         0.29    288.06     67.75      0.04     76.73    169.50      0.00    108.43     63.97
21:50:02         6.43    169.56    185.60      0.09    113.86      0.00      0.00      0.00      0.00
22:00:04         0.05    198.13     76.21      0.02     22.75      0.00      0.00      0.00      0.00
22:10:04         0.01    202.81     79.14      0.00     22.31      0.00      0.00      0.00      0.00
22:20:04         0.28    213.87     83.60      0.00     21.54      0.00      0.00      0.00      0.00
22:30:02         0.41    201.14     79.31      0.03     28.78      0.00      0.00      0.00      0.00
22:40:04         0.01    148.42     66.80      0.02     22.43      0.00      0.00      0.00      0.00
22:50:04         0.00    177.25     69.25      0.00     21.20      0.00      0.00      0.00      0.00
23:00:04         0.07    182.06     75.50      0.02     22.32      0.00      0.00      0.00      0.00
23:10:04         0.01    192.15     76.62      0.00     22.37      0.00      0.00      0.00      0.00
23:20:04         0.00    209.15     78.79      0.00     22.01      0.00      0.00      0.00      0.00
23:30:04         0.05    217.90     82.94      0.01     26.96      0.00      0.00      0.00      0.00
23:40:04         0.04    146.52     68.88      0.04     24.33      0.00      0.00      0.00      0.00
23:50:04         0.11    167.43    203.40      0.01    161.00    351.24      0.00     58.21     16.57
Average:         7.53    161.06     95.25      0.05     49.27     10.61      0.00     10.44     98.43
### SAR_B_SA29
Linux 6.8.0-138-generic (pgain-nuc) 	08/29/26 	_x86_64_	(4 CPU)

00:00:04     pgpgin/s pgpgout/s   fault/s  majflt/s  pgfree/s pgscank/s pgscand/s pgsteal/s    %vmeff
00:10:02         4.93    196.95    350.26      0.03    250.06      0.00      0.00      0.00      0.00
00:20:04         0.00    209.20    337.85      0.00    242.84      0.00      0.00      0.00      0.00
00:30:03         0.11    215.73    316.21      0.01    217.98      0.00      0.00      0.00      0.00
00:40:04         1.06    182.23    324.53      0.03    243.13    299.91      0.00     12.75      4.25
00:50:02         0.06    146.31     64.24      0.02     21.29      0.00      0.00      0.00      0.00
01:00:04         0.05    169.91     73.75      0.00     24.04      0.00      0.00      0.00      0.00
01:10:04         0.05    186.16     75.68      0.02     22.25      0.00      0.00      0.00      0.00
01:20:04         0.00    201.25     77.99      0.00     21.75      0.00      0.00      0.00      0.00
01:30:04         0.00    213.06     81.59      0.00     22.40      0.00      0.00      0.00      0.00
01:40:04         0.09    208.03     80.41      0.01     26.01      0.00      0.00      0.00      0.00
01:50:04         0.21    152.82     64.88      0.04     21.10      0.00      0.00      0.00      0.00
02:00:04        12.37    230.23     92.57      0.00     63.71   1318.17      0.00     43.37      3.29
02:10:04         0.06    181.20     73.79      0.02     22.77      0.00      0.00      0.00      0.00
Average:         1.46    191.78    154.90      0.01     92.26    124.51      0.00      4.32      3.47
### SAR_B_SA30
Linux 6.8.0-138-generic (pgain-nuc) 	08/30/26 	_x86_64_	(4 CPU)

00:32:34     LINUX RESTART	(4 CPU)

00:40:05     pgpgin/s pgpgout/s   fault/s  majflt/s  pgfree/s pgscank/s pgscand/s pgsteal/s    %vmeff
00:50:05         1.07     16.22     34.93      0.00     23.38      0.00      0.00      0.00      0.00
01:00:05       119.31     19.54    156.06      0.13    109.43      0.00      0.00      0.00      0.00
01:10:05         0.20     15.29     30.91      0.00     20.80      0.00      0.00      0.00      0.00
01:20:05         0.41     16.38     32.70      0.00     21.88      0.00      0.00      0.00      0.00
01:30:05         0.21     15.46     32.97      0.00     22.10      0.00      0.00      0.00      0.00
01:40:05         0.11     16.03     30.90      0.00     20.91      0.00      0.00      0.00      0.00
01:50:05         7.75     16.01     53.23      0.01     39.68      0.00      0.00      0.00      0.00
02:00:05         0.43     15.81     38.85      0.00     26.82      0.00      0.00      0.00      0.00
02:10:05         0.09     14.75     30.77      0.00     20.81      0.00      0.00      0.00      0.00
02:20:03         0.24     16.35     39.99      0.00     27.73      0.00      0.00      0.00      0.00
02:30:05       319.15     27.12    338.21      2.60    256.66      0.00      0.00      0.00      0.00
02:40:03         0.11     25.76    312.65      0.00    256.72      0.00      0.00      0.00      0.00
02:50:01         0.20     25.77    276.98      0.00    224.85      0.00      0.00      0.00      0.00
03:00:05         0.16     25.73    288.66      0.00    236.39      0.00      0.00      0.00      0.00
03:10:01         0.11     26.34    291.10      0.00    238.54      0.00      0.00      0.00      0.00
03:20:05         0.36     25.68    296.58      0.00    242.18      0.00      0.00      0.00      0.00
03:30:00         0.15     25.13    300.80      0.00    245.80      0.00      0.00      0.00      0.00
03:40:05         0.15     24.70    261.07      0.00    213.49      0.00      0.00      0.00      0.00
03:50:05         0.27     25.89    290.26      0.00    237.60      0.00      0.00      0.00      0.00
04:00:05         0.12     25.53    290.24      0.00    237.61      0.00      0.00      0.00      0.00
04:10:00         0.09     98.27    309.32      0.01    238.61      0.00      0.00      0.00      0.00
04:20:05         0.21    173.08    301.11      0.02    215.76      0.00      0.00      0.00      0.00
04:30:05         0.15     31.11    303.97      0.00    248.09      0.00      0.00      0.00      0.00
04:40:05         0.11     26.73    288.52      0.00    236.10      0.00      0.00      0.00      0.00
04:50:05         0.17     24.94    290.38      0.00    237.59      0.00      0.00      0.00      0.00
05:00:05         0.17     27.17    290.53      0.00    237.58      0.00      0.00      0.00      0.00
05:10:05         0.08     25.81    264.20      0.00    214.72      0.00      0.00      0.00      0.00
05:20:05         0.17     27.42    290.55      0.00    238.08      0.00      0.00      0.00      0.00
05:30:05         0.43     27.35    298.89      0.00    243.46      0.00      0.00      0.00      0.00
05:40:05         0.11     26.44    288.58      0.00    235.91      0.00      0.00      0.00      0.00
05:50:00         0.32     30.01    362.85      0.00    292.00      0.00      0.00      0.00      0.00
06:00:05       501.37     30.57    369.98      0.19    281.36      0.00      0.00      0.00      0.00
06:10:00       638.41     29.38    359.75      0.21    273.00      0.00      0.00      0.00      0.00
06:20:05      2733.45    469.27    808.68      1.15    682.77      0.00      0.00      0.00      0.00
06:30:05       183.66     31.01    366.98      0.06    295.14      0.00      0.00      0.00      0.00
06:40:05         0.15     27.17    320.45      0.00    256.09      0.00      0.00      0.00      0.00
06:50:05         0.09     28.00    265.95      0.00    216.52      0.00      0.00      0.00      0.00
07:00:05         0.09     27.83    290.81      0.00    237.48      0.00      0.00      0.00      0.00
07:10:05         0.09     27.86    288.82      0.00    235.94      0.00      0.00      0.00      0.00
07:20:05         0.17     25.87    291.59      0.00    237.84      0.00      0.00      0.00      0.00
07:30:05         7.94     33.64    303.37      0.01    247.73      0.00      0.00      0.00      0.00
07:40:05         0.04     25.93    262.85      0.00    214.47      0.00      0.00      0.00      0.00
07:50:05         0.29     29.36    290.90      0.00    237.29      0.00      0.00      0.00      0.00
08:00:05         0.15     29.21    297.07      0.00    242.25      0.00      0.00      0.00      0.00
08:10:05         0.08     28.73    287.69      0.00    235.20      0.00      0.00      0.00      0.00
08:20:05         0.17     26.78    291.72      0.00    237.78      0.00      0.00      0.00      0.00
08:30:03         0.00     15.66    114.38      0.00     90.17      0.00      0.00      0.00      0.00
08:40:05         0.12     14.88    115.64      0.00     91.02      0.00      0.00      0.00      0.00
08:50:05         0.03     28.17    290.90      0.00    237.30      0.00      0.00      0.00      0.00
09:00:00         0.09     26.33    266.49      0.00    216.27      0.00      0.00      0.00      0.00
09:10:04         0.00     12.56     80.30      0.00     63.14      0.00      0.00      0.00      0.00
09:20:05         0.01     17.33    134.75      0.00    106.98      0.00      0.00      0.00      0.00
09:30:05         0.13     19.05    195.41      0.00    157.13      0.00      0.00      0.00      0.00
09:40:05         0.12     31.05    295.54      0.00    240.82      0.00      0.00      0.00      0.00
09:50:05         0.11     28.35    290.75      0.00    237.28      0.00      0.00      0.00      0.00
10:00:03         0.24     25.83    267.16      0.00    216.62      0.00      0.00      0.00      0.00
10:10:03        12.03     40.85    722.00      0.04    542.09      0.00      0.00      0.00      0.00
10:20:05       117.18     28.98    343.24      0.08    261.13      0.00      0.00      0.00      0.00
10:30:05         1.82     26.89    299.67      0.01    228.76      0.00      0.00      0.00      0.00
10:40:05        90.81     17.23     58.26      0.03     39.27      0.00      0.00      0.00      0.00
10:50:03         0.48     15.83     33.11      0.00     21.97      0.00      0.00      0.00      0.00
11:00:05         0.03     13.49     31.02      0.00     20.75      0.00      0.00      0.00      0.00
11:10:05         0.04      9.97     31.57      0.00     20.87      0.00      0.00      0.00      0.00
11:20:05         0.13     13.91     33.91      0.00     22.51      0.00      0.00      0.00      0.00
11:30:03         0.17     61.95     44.32      0.00     22.11      0.00      0.00      0.00      0.00
11:40:05         0.09     16.72     31.88      0.00     20.77      0.00      0.00      0.00      0.00
11:50:05         0.16     16.13     37.68      0.00     26.93      0.00      0.00      0.00      0.00
12:00:05         0.05     16.59     32.86      0.00     22.15      0.00      0.00      0.00      0.00
12:10:03         0.01     16.58     31.37      0.00     20.99      0.00      0.00      0.00      0.00
12:20:05         0.47     17.52     33.95      0.00     22.73      0.00      0.00      0.00      0.00
12:30:03         0.07     16.22     32.96      0.00     22.16      0.00      0.00      0.00      0.00
12:40:05         0.03     16.84     36.92      0.00     25.68      0.00      0.00      0.00      0.00
12:50:05         0.08     16.63     32.91      0.00     22.04      0.00      0.00      0.00      0.00
13:00:05         0.07     16.58     32.97      0.00     21.98      0.00      0.00      0.00      0.00
13:10:03         0.00     16.62     29.97      0.00     20.13      0.00      0.00      0.00      0.00
13:20:05         0.05     17.48     39.86      0.00     27.27      0.00      0.00      0.00      0.00
13:30:05     18655.82     19.67   7623.89      0.05   4377.28    649.51      0.00   1297.55    199.77
13:40:05         0.90    166.69    128.62      0.00    165.73      0.00      0.00      0.00      0.00
13:50:03         0.05     16.22     31.13      0.00     20.92      0.00      0.00      0.00      0.00
14:00:05         0.15     16.56     32.99      0.00     22.00      0.00      0.00      0.00      0.00
14:10:01         0.04     16.01     33.38      0.00     22.16      0.00      0.00      0.00      0.00
14:20:05         0.04     16.92     32.00      0.00     21.15      0.00      0.00      0.00      0.00
14:30:03         0.11     16.75     33.19      0.00     22.18      0.00      0.00      0.00      0.00
14:40:05         0.04     16.38     33.06      0.00     21.84      0.00      0.00      0.00      0.00
14:50:05         6.01     19.31     97.43      0.07    130.95     55.44      0.00    110.88    200.00
15:00:05      6274.59     24.62   3178.55      0.64   4655.02   3105.98      0.00   6211.80    199.99
15:10:03      2136.99     33.92   1010.56      4.20   1528.64    685.14      0.00   1361.24    198.68
15:20:00       350.59     29.15    341.06      0.47    302.87      0.00      0.00      0.00      0.00
15:30:05         0.07     21.35     85.96      0.00     61.23      0.00      0.00      0.00      0.00
15:40:05        15.99     17.23     56.61      0.01     39.66      0.00      0.00      0.00      0.00
15:50:05         3.41     17.03     40.20      0.03     25.68      0.00      0.00      0.00      0.00
16:00:05         0.01     16.22     36.14      0.00     22.12      0.00      0.00      0.00      0.00
16:10:03         0.09     16.06     37.18      0.00     22.17      0.00      0.00      0.00      0.00
16:20:05         0.01     16.83     40.03      0.00     26.07      0.00      0.00      0.00      0.00
16:30:05         0.07     15.97     36.11      0.00     21.97      0.00      0.00      0.00      0.00
16:40:03         0.06     16.60     36.32      0.00     22.13      0.00      0.00      0.00      0.00
16:50:03         0.23     16.23     34.22      0.00     20.91      0.00      0.00      0.00      0.00
17:00:05         1.17     16.94     36.13      0.01     22.06      0.00      0.00      0.00      0.00
17:10:05         0.05     16.22     36.17      0.00     22.12      0.00      0.00      0.00      0.00
17:20:05         0.01     16.39     35.17      0.00     21.42      0.00      0.00      0.00      0.00
17:30:03         0.13     17.25     42.35      0.00     26.92      0.00      0.00      0.00      0.00
17:40:05         0.16     15.94     36.08      0.00     22.03      0.00      0.00      0.00      0.00
17:50:05         0.01     15.47     34.10      0.00     20.87      0.00      0.00      0.00      0.00
18:00:05         0.07     16.29     36.24      0.00     22.06      0.00      0.00      0.00      0.00
18:10:05         0.08     16.01     42.20      0.00     26.83      0.00      0.00      0.00      0.00
18:20:05         0.04     16.34     35.16      0.00     21.45      0.00      0.00      0.00      0.00
18:30:05         0.04     15.73     36.13      0.00     22.08      0.00      0.00      0.00      0.00
18:40:02         0.05     15.56     34.70      0.00     21.19      0.00      0.00      0.00      0.00
18:50:05         0.07     15.37     35.55      0.00     21.60      0.00      0.00      0.00      0.00
19:00:05         0.11     16.26     36.15      0.00     22.05      0.00      0.00      0.00      0.00
19:10:05         0.00     15.93     42.12      0.00     26.99      0.00      0.00      0.00      0.00
19:20:05         0.05     16.29     35.19      0.00     21.45      0.00      0.00      0.00      0.00
19:30:05         0.16     15.76     36.20      0.00     22.11      0.00      0.00      0.00      0.00
19:40:05         0.12     15.85     36.22      0.00     22.09      0.00      0.00      0.00      0.00
19:50:05         0.01     15.74     32.57      0.00     19.87      0.00      0.00      0.00      0.00
20:00:05        70.42     25.86    243.01      0.64    181.97      0.00      0.00      0.00      0.00
20:10:05         0.05     20.41    136.16      0.00     95.77      0.00      0.00      0.00      0.00
20:20:05         0.00     17.47     71.87      0.00     50.41      0.00      0.00      0.00      0.00
20:30:05         0.04     15.76     36.10      0.00     21.98      0.00      0.00      0.00      0.00
20:40:05         0.03     15.75     36.20      0.00     22.05      0.00      0.00      0.00      0.00
20:50:05         0.00     17.58     40.37      0.00     25.63      0.00      0.00      0.00      0.00
21:00:05         0.03     16.01     36.17      0.00     22.06      0.00      0.00      0.00      0.00
21:10:05         0.04     15.70     36.18      0.00     21.85      0.00      0.00      0.00      0.00
21:20:05         0.07     16.02     35.23      0.00     21.39      0.00      0.00      0.00      0.00
21:30:05         0.01     15.65     36.07      0.00     21.92      0.00      0.00      0.00      0.00
21:40:05         0.05     14.79     36.03      0.00     22.05      0.00      0.00      0.00      0.00
21:50:05         0.04     16.05     34.22      0.00     20.84      0.00      0.00      0.00      0.00
22:00:05         0.05     16.69     42.18      0.00     27.29      0.00      0.00      0.00      0.00
22:10:05         0.04     16.02     36.30      0.00     22.03      0.00      0.00      0.00      0.00
22:20:05         0.00     15.32     35.09      0.00     21.37      0.00      0.00      0.00      0.00
22:30:05         0.07     16.30     36.23      0.00     21.95      0.00      0.00      0.00      0.00
22:40:05         0.08     15.62     36.15      0.00     22.01      0.00      0.00      0.00      0.00
22:50:05         0.01     16.11     34.20      0.00     20.77      0.00      0.00      0.00      0.00
23:00:05         0.08     16.12     42.08      0.00     26.89      0.00      0.00      0.00      0.00
23:10:05         0.05     16.13     36.27      0.00     22.08      0.00      0.00      0.00      0.00
23:20:05         0.04     16.21     35.21      0.00     21.44      0.00      0.00      0.00      0.00
23:30:05         0.00     15.03     36.03      0.00     22.00      0.00      0.00      0.00      0.00
23:40:05         0.11     16.00     36.27      0.00     21.96      0.00      0.00      0.00      0.00
23:50:05         0.07     15.61     40.05      0.00     25.45      0.00      0.00      0.00      0.00
Average:       232.21     26.46    220.83      0.08    182.30     32.33      0.00     64.59    199.76
### SAR_B_SA31
Linux 6.8.0-138-generic (pgain-nuc) 	08/31/26 	_x86_64_	(4 CPU)

00:00:05     pgpgin/s pgpgout/s   fault/s  majflt/s  pgfree/s pgscank/s pgscand/s pgsteal/s    %vmeff
00:10:05         2.32     23.03    180.02      0.04    128.48      0.00      0.00      0.00      0.00
00:20:05         0.11     18.97     98.71      0.00     68.98      0.00      0.00      0.00      0.00
00:30:04         0.03     16.25     36.21      0.00     22.04      0.00      0.00      0.00      0.00
00:40:05        36.40     22.93     87.00      0.01    140.46     55.60      0.00    110.77    199.23
00:50:05         2.18     16.27     36.09      0.00     21.89      0.00      0.00      0.00      0.00
01:00:03         0.09     15.78     36.24      0.00     22.10      0.00      0.00      0.00      0.00
01:10:05         0.00     15.39     36.00      0.00     22.00      0.00      0.00      0.00      0.00
01:20:05         0.03     16.39     35.23      0.00     21.48      0.00      0.00      0.00      0.00
01:30:05         0.03     16.11     34.94      0.00     21.33      0.00      0.00      0.00      0.00
01:40:03         0.08     15.59     36.26      0.00     22.06      0.00      0.00      0.00      0.00
01:50:05         0.01     15.47     33.96      0.00     20.69      0.00      0.00      0.00      0.00
02:00:05         4.17    156.64    115.97      0.01    165.62     80.60      0.00    110.88    137.56
02:10:05         0.00     15.21     36.04      0.00     21.99      0.00      0.00      0.00      0.00
02:20:05         0.03     16.46     35.26      0.00     21.46      0.00      0.00      0.00      0.00
02:30:05         0.75     15.80     39.18      0.01     24.03      0.00      0.00      0.00      0.00
02:40:03         0.00     15.38     36.22      0.00     22.10      0.00      0.00      0.00      0.00
02:50:05         0.01     15.48     34.02      0.00     20.73      0.00      0.00      0.00      0.00
03:00:05         0.09     16.39     36.23      0.00     21.97      0.00      0.00      0.00      0.00
03:10:01         0.17     16.11     37.41      0.00     22.74      0.00      0.00      0.00      0.00
03:20:03         0.00     15.74     34.97      0.00     21.31      0.00      0.00      0.00      0.00
03:30:05         0.21     16.31     36.08      0.00     21.85      0.00      0.00      0.00      0.00
03:40:05         0.11     15.74     36.17      0.00     21.96      0.00      0.00      0.00      0.00
03:50:05         1.22     16.63     35.96      0.01     21.30      0.00      0.00      0.00      0.00
04:00:03       554.76    777.84    402.04      0.28    603.89   1207.00      0.00    401.70     33.28
04:10:05         0.02     15.78     36.11      0.00     21.88      0.00      0.00      0.00      0.00
04:20:02         0.09     16.10     35.38      0.00     21.18      0.00      0.00      0.00      0.00
04:30:05         0.03     15.77     38.98      0.00     23.53      0.00      0.00      0.00      0.00
04:40:03         0.00     15.12     36.17      0.00     21.82      0.00      0.00      0.00      0.00
04:50:05         8.06     18.47    113.98      0.05     80.02      0.00      0.00      0.00      0.00
05:00:05        20.09     22.87    183.59      0.20    131.98      0.00      0.00      0.00      0.00
05:10:05         0.45     22.46    202.11      0.02    149.51      0.00      0.00      0.00      0.00
05:20:03         8.06     16.35     52.55      0.01     37.76      0.00      0.00      0.00      0.00
05:30:05         0.03     15.18     35.94      0.00     21.64      0.00      0.00      0.00      0.00
05:40:03         0.03     15.45     36.26      0.00     21.71      0.00      0.00      0.00      0.00
05:50:05         0.00     15.83     34.04      0.00     20.37      0.00      0.00      0.00      0.00
06:00:05         0.29     16.02     39.20      0.00     23.67      0.00      0.00      0.00      0.00
06:10:05         0.19     15.67     36.18      0.00     21.70      0.00      0.00      0.00      0.00
06:20:03         0.00     15.80     35.29      0.00     21.14      0.00      0.00      0.00      0.00
06:30:05         0.27     17.05    104.70      0.00     67.91      0.00      0.00      0.00      0.00
06:40:05         0.01     15.33     36.07      0.00     21.71      0.00      0.00      0.00      0.00
06:50:05         0.00     15.85     34.13      0.00     20.50      0.00      0.00      0.00      0.00
07:00:05         0.04     15.99     39.22      0.00     23.70      0.00      0.00      0.00      0.00
07:10:05         0.01     15.04     36.12      0.00     21.76      0.00      0.00      0.00      0.00
07:20:05         0.24     16.38     35.30      0.01     21.08      0.00      0.00      0.00      0.00
07:30:05         0.01     15.54     36.17      0.00     21.87      0.00      0.00      0.00      0.00
07:40:05         2.07     17.05     36.53      0.03     21.98      0.00      0.00      0.00      0.00
07:50:03         0.00     16.86     37.56      0.00     22.64      0.00      0.00      0.00      0.00
08:00:05         0.07     15.18     35.92      0.00     21.94      0.00      0.00      0.00      0.00
08:10:05         0.28     15.33     36.12      0.00     21.92      0.00      0.00      0.00      0.00
08:20:05         0.00     16.04     35.23      0.00     21.32      0.00      0.00      0.00      0.00
08:30:03         0.00     16.48     36.44      0.00     22.02      0.00      0.00      0.00      0.00
08:40:05         0.04     15.35     36.08      0.00     21.85      0.00      0.00      0.00      0.00
08:50:05         0.01     16.52     37.35      0.00     22.60      0.00      0.00      0.00      0.00
09:00:05         0.01     16.93     36.36      0.00     21.93      0.00      0.00      0.00      0.00
09:10:05         0.09     16.21     39.35      0.00     23.96      0.00      0.00      0.00      0.00
09:20:05       177.71     29.61    829.54      1.58    573.01      0.00      0.00      0.00      0.00
09:30:05         0.05     17.80     67.00      0.00     46.83      0.00      0.00      0.00      0.00
09:40:05         0.01     17.04     72.60      0.00     50.54      0.00      0.00      0.00      0.00
09:50:05         0.01     17.55     94.05      0.00     67.90      0.00      0.00      0.00      0.00
10:00:05         0.00     15.49     36.12      0.00     21.79      0.00      0.00      0.00      0.00
10:10:05         0.00     15.00     36.04      0.00     21.70      0.00      0.00      0.00      0.00
10:20:05         0.03     16.99     35.41      0.00     21.19      0.00      0.00      0.00      0.00
10:30:05         0.01     16.67     75.20      0.00     49.80      0.00      0.00      0.00      0.00
10:40:05         0.08     15.43     36.21      0.00     22.03      0.00      0.00      0.00      0.00
10:50:05         6.21     22.43     42.00      0.01     26.89      0.00      0.00      0.00      0.00
11:00:05         0.03     15.79     36.19      0.00     22.04      0.00      0.00      0.00      0.00
11:10:05         0.10     15.31     36.17      0.00     22.01      0.00      0.00      0.00      0.00
11:20:05         0.03     16.27     35.32      0.00     21.43      0.00      0.00      0.00      0.00
11:30:05         0.00     15.89     36.20      0.00     21.99      0.00      0.00      0.00      0.00
11:40:00         0.07     14.82     34.77      0.00     21.18      0.00      0.00      0.00      0.00
11:50:05         0.00     16.22     38.60      0.00     23.35      0.00      0.00      0.00      0.00
12:00:05         0.04     16.29     36.26      0.00     21.86      0.00      0.00      0.00      0.00
12:10:05         0.01     15.51     36.22      0.00     21.70      0.00      0.00      0.00      0.00
12:20:05         0.01     16.22     35.26      0.00     21.11      0.00      0.00      0.00      0.00
12:30:05         0.02     15.19     36.10      0.00     21.68      0.00      0.00      0.00      0.00
12:40:05         0.01     15.04     36.08      0.00     21.73      0.00      0.00      0.00      0.00
12:50:05         0.00     15.31     34.95      0.00     20.44      0.00      0.00      0.00      0.00
13:00:05         0.03     16.22     38.18      0.00     23.63      0.00      0.00      0.00      0.00
13:10:05         0.00     15.16     36.11      0.00     21.86      0.00      0.00      0.00      0.00
13:20:01        78.92     23.18    221.28      0.75    164.75      0.00      0.00      0.00      0.00
13:30:05       310.41    248.89     63.83      0.00    328.04    218.51      0.00    364.05    166.61
13:40:05         0.39     16.22     37.86      0.00     22.77      0.00      0.00      0.00      0.00
13:50:05         4.23     50.65     70.53      0.01     86.17     43.82      0.00     73.52    167.78
14:00:05         0.01     15.98     36.16      0.00     21.72      0.00      0.00      0.00      0.00
14:10:05         0.04     15.37     34.77      0.00     20.82      0.00      0.00      0.00      0.00
14:20:05         0.00     15.90     35.21      0.00     21.09      0.00      0.00      0.00      0.00
14:30:05         0.01     15.45     36.07      0.00     21.68      0.00      0.00      0.00      0.00
14:40:05         0.00     15.85     36.17      0.00     21.77      0.00      0.00      0.00      0.00
14:50:05         0.19     15.80     37.19      0.00     22.35      0.00      0.00      0.00      0.00
15:00:05         0.00     15.76     36.12      0.00     21.74      0.00      0.00      0.00      0.00
15:10:05         0.00     15.88     39.21      0.00     23.64      0.00      0.00      0.00      0.00
15:20:05         0.00     15.49     35.15      0.00     21.12      0.00      0.00      0.00      0.00
15:30:05         0.00     16.13     36.21      0.00     21.79      0.00      0.00      0.00      0.00
15:40:05         0.00     15.59     36.12      0.00     21.74      0.00      0.00      0.00      0.00
15:50:05         0.00     15.64     34.13      0.00     20.47      0.00      0.00      0.00      0.00
16:00:03         0.30     15.98     36.23      0.01     21.89      0.00      0.00      0.00      0.00
16:10:05         0.01     15.07     35.98      0.00     21.69      0.00      0.00      0.00      0.00
16:20:05         0.00     15.63     35.14      0.00     21.09      0.00      0.00      0.00      0.00
Average:        12.47     28.46     60.54      0.03     47.91     16.36      0.00     10.84     66.23
### SAR_U_SA01
Linux 6.8.0-138-generic (pgain-nuc) 	09/01/26 	_x86_64_	(4 CPU)

05:33:33     LINUX RESTART	(4 CPU)

05:40:12        CPU     %user     %nice   %system   %iowait    %steal     %idle
05:50:01        all      0.12      0.00      0.12      0.05      0.00     99.71
06:00:02        all      0.18      0.00      0.13      0.05      0.00     99.63
06:10:02        all      0.09      0.00      0.11      0.05      0.00     99.75
06:20:01        all      0.09      0.00      0.11      0.05      0.00     99.75
06:30:24        all      0.09      0.00      0.11      0.05      0.00     99.75
06:40:22        all      0.13      0.04      0.12      0.05      0.00     99.66
06:50:01        all      0.08      0.00      0.11      0.05      0.00     99.76
07:00:12        all      0.09      0.00      0.12      0.05      0.00     99.74
07:10:24        all      0.08      0.00      0.11      0.05      0.00     99.76
07:20:01        all      0.09      0.00      0.12      0.05      0.00     99.75
07:30:02        all      0.09      0.00      0.11      0.05      0.00     99.75
07:40:20        all      0.09      0.00      0.12      0.05      0.00     99.75
07:50:01        all      0.08      0.00      0.11      0.05      0.00     99.75
08:00:17        all      0.08      0.00      0.11      0.05      0.00     99.75
08:10:02        all      0.08      0.00      0.12      0.05      0.00     99.75
08:20:01        all      0.49      0.00      0.44      0.13      0.00     98.94
08:30:12        all      0.09      0.00      0.11      0.05      0.00     99.75
08:40:24        all      0.08      0.00      0.12      0.05      0.00     99.75
08:50:01        all      0.08      0.00      0.11      0.05      0.00     99.76
09:00:24        all      0.09      0.00      0.12      0.05      0.00     99.75
09:10:02        all      0.09      0.00      0.11      0.05      0.00     99.75
09:20:01        all      0.09      0.00      0.11      0.05      0.00     99.75
09:30:24        all      0.09      0.00      0.11      0.05      0.00     99.75
09:40:24        all      0.09      0.00      0.11      0.05      0.00     99.75
09:50:01        all      0.09      0.00      0.11      0.05      0.00     99.75
10:00:24        all      0.09      0.00      0.11      0.05      0.00     99.75
10:10:12        all      0.09      0.00      0.11      0.05      0.00     99.75
10:20:02        all      0.08      0.00      0.11      0.05      0.00     99.76
10:30:02        all      0.08      0.00      0.12      0.05      0.00     99.75
10:40:24        all      0.09      0.00      0.11      0.05      0.00     99.75
10:50:02        all      0.09      0.00      0.11      0.05      0.00     99.75
11:00:24        all      0.09      0.00      0.12      0.05      0.00     99.75
11:10:02        all      0.10      0.00      0.12      0.05      0.00     99.73
11:20:02        all      0.09      0.00      0.12      0.05      0.00     99.75
11:30:12        all      0.09      0.00      0.11      0.05      0.00     99.75
11:40:24        all      0.09      0.00      0.11      0.05      0.00     99.75
11:50:00        all      0.08      0.00      0.11      0.05      0.00     99.76
12:00:24        all      0.09      0.00      0.11      0.05      0.00     99.75
12:10:12        all      0.09      0.00      0.12      0.05      0.00     99.74
12:20:02        all      0.08      0.00      0.11      0.05      0.00     99.76
12:30:12        all      0.09      0.00      0.11      0.05      0.00     99.75
12:40:24        all      0.09      0.00      0.11      0.05      0.00     99.75
12:50:02        all      0.08      0.00      0.11      0.05      0.00     99.76
13:00:24        all      0.09      0.00      0.11      0.05      0.00     99.75
13:10:12        all      0.09      0.00      0.11      0.05      0.00     99.75
13:20:02        all      0.09      0.00      0.11      0.05      0.00     99.75
13:30:02        all      0.08      0.00      0.12      0.05      0.00     99.75
13:40:24        all      0.09      0.00      0.11      0.05      0.00     99.75
13:50:00        all      0.17      0.00      0.26      0.05      0.00     99.53
14:00:24        all      0.47      0.00      0.71      0.05      0.00     98.77
14:10:22        all      0.41      0.00      0.68      0.05      0.00     98.86
14:20:00        all      0.41      0.00      0.71      0.05      0.00     98.83
14:30:12        all      0.39      0.00      0.68      0.05      0.00     98.88
14:40:24        all      0.39      0.00      0.68      0.05      0.00     98.87
14:50:00        all      0.41      0.00      0.70      0.05      0.00     98.84
15:00:24        all      0.39      0.00      0.69      0.05      0.00     98.87
15:10:12        all      0.53      0.00      0.67      0.05      0.00     98.75
15:20:00        all      0.39      0.00      0.66      0.05      0.00     98.90
15:30:22        all      0.40      0.00      0.69      0.05      0.00     98.86
15:40:24        all      0.39      0.00      0.67      0.05      0.00     98.88
15:50:00        all      0.81      0.42      0.79      0.05      0.00     97.93
16:00:24        all      0.40      0.00      0.70      0.05      0.00     98.84
16:10:12        all      0.39      0.00      0.68      0.05      0.00     98.88
16:20:00        all      0.41      0.00      0.71      0.05      0.00     98.83
16:30:22        all      0.40      0.00      0.68      0.05      0.00     98.87
16:40:24        all      0.40      0.00      0.69      0.05      0.00     98.87
16:50:00        all      0.40      0.00      0.70      0.05      0.00     98.85
17:00:24        all      0.40      0.00      0.68      0.05      0.00     98.88
17:10:22        all      0.40      0.00      0.68      0.05      0.00     98.88
17:20:00        all      0.40      0.00      0.70      0.05      0.00     98.85
17:30:12        all      0.40      0.00      0.69      0.05      0.00     98.86
17:40:24        all      0.41      0.00      0.72      0.05      0.00     98.82
17:50:00        all      0.40      0.00      0.68      0.05      0.00     98.88
18:00:24        all      0.42      0.00      0.70      0.05      0.00     98.83
18:10:24        all      0.40      0.00      0.69      0.05      0.00     98.86
18:20:00        all      0.39      0.00      0.70      0.05      0.00     98.86
Average:        all      0.21      0.01      0.32      0.05      0.00     99.41
### SAR_U_SA03
Linux 6.8.0-138-generic (pgain-nuc) 	09/03/26 	_x86_64_	(4 CPU)

09:37:18     LINUX RESTART	(4 CPU)

09:40:29        CPU     %user     %nice   %system   %iowait    %steal     %idle
09:50:19        all      0.09      0.00      0.12      0.05      0.00     99.74
10:00:05        all      0.09      0.00      0.11      0.05      0.00     99.75
10:10:29        all      0.09      0.00      0.11      0.05      0.00     99.76
10:20:29        all      0.09      0.00      0.11      0.05      0.00     99.76
10:30:20        all      1.66      0.81      0.65      0.11      0.00     96.76
10:40:29        all      0.08      0.00      0.11      0.05      0.00     99.76
10:50:02        all      0.09      0.00      0.11      0.05      0.00     99.75
11:00:20        all      0.09      0.00      0.11      0.05      0.00     99.75
11:10:29        all      0.09      0.00      0.11      0.05      0.00     99.76
11:20:07        all      0.09      0.00      0.12      0.05      0.00     99.74
11:30:24        all      0.09      0.00      0.11      0.05      0.00     99.75
11:40:04        all      0.09      0.00      0.11      0.05      0.00     99.76
11:50:07        all      0.09      0.00      0.12      0.05      0.00     99.75
12:00:19        all      0.09      0.00      0.11      0.05      0.00     99.75
12:10:29        all      0.09      0.00      0.11      0.05      0.00     99.75
12:20:07        all      0.08      0.00      0.11      0.05      0.00     99.75
12:30:11        all      0.09      0.00      0.11      0.05      0.00     99.75
12:40:19        all      0.08      0.00      0.11      0.05      0.00     99.76
12:50:08        all      0.09      0.00      0.11      0.05      0.00     99.75
13:00:20        all      0.09      0.00      0.11      0.05      0.00     99.75
13:10:29        all      0.08      0.00      0.11      0.05      0.00     99.76
13:20:08        all      0.09      0.00      0.11      0.05      0.00     99.75
13:30:29        all      0.09      0.00      0.11      0.05      0.00     99.75
13:40:11        all      0.09      0.00      0.11      0.05      0.00     99.76
13:50:29        all      0.09      0.00      0.11      0.05      0.00     99.75
14:00:29        all      0.09      0.00      0.12      0.05      0.00     99.74
14:10:29        all      0.08      0.00      0.11      0.05      0.00     99.76
14:20:08        all      0.09      0.00      0.12      0.05      0.00     99.74
14:30:07        all      0.09      0.00      0.12      0.05      0.00     99.75
14:40:29        all      0.10      0.00      0.12      0.05      0.00     99.74
14:50:29        all      0.24      0.00      0.41      0.05      0.00     99.30
15:00:20        all      0.38      0.00      0.68      0.05      0.00     98.89
15:10:29        all      0.39      0.00      0.70      0.05      0.00     98.85
15:20:29        all      0.39      0.00      0.70      0.05      0.00     98.86
15:30:20        all      0.39      0.00      0.69      0.05      0.00     98.87
15:40:29        all      0.40      0.00      0.69      0.05      0.00     98.86
15:50:29        all      0.40      0.00      0.70      0.05      0.00     98.86
16:00:20        all      0.38      0.00      0.68      0.05      0.00     98.89
16:10:09        all      0.38      0.00      0.69      0.05      0.00     98.88
16:20:04        all      0.40      0.00      0.69      0.05      0.00     98.85
16:30:05        all      0.40      0.00      0.69      0.05      0.00     98.86
16:40:19        all      0.39      0.00      0.68      0.05      0.00     98.88
16:50:09        all      0.41      0.00      0.72      0.05      0.00     98.82
17:00:20        all      0.38      0.00      0.68      0.05      0.00     98.89
17:10:29        all      0.39      0.00      0.67      0.05      0.00     98.89
17:20:17        all      0.55      0.00      0.83      0.08      0.00     98.54
17:30:09        all      0.42      0.00      0.71      0.05      0.00     98.82
17:40:29        all      0.39      0.00      0.69      0.05      0.00     98.86
17:50:09        all      0.42      0.00      0.70      0.05      0.00     98.84
18:00:20        all      0.40      0.00      0.69      0.05      0.00     98.86
18:10:29        all      0.38      0.00      0.67      0.05      0.00     98.90
18:20:29        all      0.71      0.26      0.79      0.05      0.00     98.18
18:30:09        all      0.39      0.00      0.68      0.05      0.00     98.89
18:40:29        all      0.39      0.00      0.68      0.05      0.00     98.89
18:50:29        all      0.39      0.00      0.69      0.05      0.00     98.87
19:00:12        all      0.40      0.00      0.69      0.05      0.00     98.87
19:10:09        all      0.39      0.00      0.70      0.05      0.00     98.86
19:20:29        all      0.39      0.00      0.68      0.05      0.00     98.88
19:30:20        all      0.39      0.00      0.68      0.05      0.00     98.88
19:40:29        all      0.39      0.00      0.68      0.05      0.00     98.88
19:50:09        all      0.39      0.00      0.68      0.05      0.00     98.88
20:00:20        all      0.40      0.00      0.71      0.05      0.00     98.84
20:10:19        all      0.39      0.00      0.68      0.05      0.00     98.88
20:20:29        all      0.40      0.00      0.69      0.05      0.00     98.86
20:30:09        all      0.40      0.00      0.71      0.05      0.00     98.85
20:40:29        all      0.39      0.00      0.69      0.05      0.00     98.87
20:50:19        all      0.41      0.00      0.69      0.05      0.00     98.85
21:00:20        all      0.39      0.00      0.69      0.05      0.00     98.86
21:10:09        all      0.39      0.00      0.69      0.05      0.00     98.86
21:20:29        all      0.41      0.00      0.71      0.05      0.00     98.83
21:30:09        all      0.39      0.00      0.68      0.05      0.00     98.88
21:40:26        all      0.39      0.00      0.70      0.05      0.00     98.86
21:50:19        all      0.40      0.00      0.71      0.05      0.00     98.85
22:00:20        all      0.39      0.00      0.69      0.05      0.00     98.87
22:10:09        all      0.40      0.00      0.72      0.05      0.00     98.83
22:20:24        all      0.39      0.00      0.68      0.05      0.00     98.88
22:30:19        all      0.39      0.00      0.69      0.05      0.00     98.87
22:40:29        all      0.31      0.00      0.53      0.05      0.00     99.12
22:50:09        all      0.39      0.00      0.69      0.05      0.00     98.86
23:00:20        all      0.40      0.00      0.69      0.05      0.00     98.86
23:10:19        all      0.42      0.00      0.72      0.05      0.00     98.81
23:20:29        all      0.39      0.00      0.69      0.05      0.00     98.87
23:30:09        all      0.39      0.00      0.69      0.05      0.00     98.87
23:40:29        all      0.40      0.00      0.69      0.05      0.00     98.86
23:50:09        all      0.39      0.00      0.70      0.05      0.00     98.86
Average:        all      0.31      0.01      0.49      0.05      0.00     99.14
### SAR_U_SA04
Linux 6.8.0-138-generic (pgain-nuc) 	09/04/26 	_x86_64_	(4 CPU)

00:00:20        CPU     %user     %nice   %system   %iowait    %steal     %idle
00:10:15        all      0.40      0.00      0.71      0.05      0.00     98.84
00:20:29        all      0.38      0.00      0.68      0.05      0.00     98.89
00:30:19        all      0.39      0.00      0.68      0.05      0.00     98.88
00:40:17        all      0.38      0.00      0.67      0.05      0.00     98.90
00:50:19        all      0.39      0.00      0.68      0.05      0.00     98.88
01:00:20        all      0.41      0.00      0.71      0.05      0.00     98.83
01:10:09        all      0.20      0.00      0.34      0.05      0.00     99.41
01:20:09        all      0.09      0.00      0.12      0.05      0.00     99.75
Average:        all      0.33      0.00      0.57      0.05      0.00     99.05
### SAR_U_SA27
Linux 6.8.0-138-generic (pgain-nuc) 	08/27/26 	_x86_64_	(4 CPU)

00:00:21        CPU     %user     %nice   %system   %iowait    %steal     %idle
00:10:21        all      0.04      0.00      0.06      0.03      0.00     99.87
00:20:21        all      0.08      0.00      0.12      0.05      0.00     99.74
00:30:16        all      0.09      0.00      0.12      0.05      0.00     99.74
00:40:21        all      0.09      0.00      0.12      0.05      0.00     99.74
00:50:06        all      0.08      0.00      0.12      0.05      0.00     99.75
01:00:21        all      0.09      0.00      0.12      0.05      0.00     99.74
01:10:21        all      0.09      0.00      0.12      0.05      0.00     99.74
01:20:16        all      0.09      0.00      0.12      0.05      0.00     99.74
01:30:21        all      0.09      0.00      0.12      0.05      0.00     99.74
01:40:07        all      0.09      0.00      0.12      0.05      0.00     99.74
01:50:07        all      0.22      0.00      0.39      0.05      0.00     99.34
02:00:16        all      0.42      0.00      0.75      0.04      0.00     98.78
02:10:21        all      0.49      0.00      0.90      0.04      0.00     98.57
02:20:07        all      0.49      0.00      0.88      0.03      0.00     98.59
02:30:21        all      0.44      0.00      0.76      0.04      0.00     98.75
02:40:21        all      0.42      0.00      0.72      0.05      0.00     98.81
02:50:07        all      0.47      0.00      0.83      0.04      0.00     98.65
03:00:21        all      0.44      0.00      0.76      0.04      0.00     98.76
03:10:21        all      0.47      0.00      0.84      0.04      0.00     98.65
03:20:07        all     17.96      0.01      0.66      0.05      0.00     81.33
03:30:21        all      0.40      0.00      0.68      0.05      0.00     98.87
03:40:21        all      0.40      0.00      0.69      0.05      0.00     98.86
03:50:07        all      0.42      0.00      0.74      0.05      0.00     98.79
04:00:21        all      0.46      0.00      0.81      0.04      0.00     98.70
04:10:21        all      0.45      0.00      0.79      0.04      0.00     98.72
04:20:07        all      0.42      0.00      0.76      0.05      0.00     98.78
04:30:21        all      0.41      0.00      0.72      0.05      0.00     98.83
04:40:21        all      0.43      0.00      0.74      0.05      0.00     98.79
Average:        all      0.91      0.00      0.52      0.05      0.00     98.52

11:50:53     LINUX RESTART	(4 CPU)

12:00:04        CPU     %user     %nice   %system   %iowait    %steal     %idle
12:10:04        all      0.08      0.00      0.11      0.05      0.00     99.76
12:20:04        all      0.12      0.04      0.11      0.05      0.00     99.68
12:30:04        all      0.08      0.00      0.11      0.05      0.00     99.76
12:40:04        all      0.08      0.00      0.11      0.05      0.00     99.76
12:50:04        all      0.08      0.00      0.10      0.05      0.00     99.76
13:00:04        all      0.09      0.00      0.11      0.05      0.00     99.76
13:10:04        all      0.08      0.00      0.12      0.05      0.00     99.75
13:20:04        all      6.98      0.00      0.57      0.21      0.00     92.23
13:30:03        all     49.17      0.00      0.43      0.14      0.00     50.26
13:40:04        all     49.83      0.00      0.22      0.06      0.00     49.89
13:50:04        all     49.86      0.00      0.20      0.06      0.00     49.88
14:00:02        all     49.90      0.00      0.19      0.05      0.00     49.86
14:10:04        all     15.62      0.00      0.13      0.05      0.00     84.20
14:20:04        all      0.07      0.00      0.10      0.05      0.00     99.78
14:30:04        all      0.08      0.00      0.10      0.05      0.00     99.78
14:40:04        all      0.07      0.00      0.10      0.05      0.00     99.78
14:50:04        all      0.08      0.00      0.10      0.05      0.00     99.78
15:00:04        all      0.08      0.00      0.11      0.05      0.00     99.76
15:10:04        all      0.08      0.00      0.11      0.05      0.00     99.76
15:20:04        all      0.08      0.00      0.11      0.05      0.00     99.77
15:30:04        all      0.08      0.00      0.11      0.05      0.00     99.76
15:40:04        all      0.09      0.00      0.11      0.05      0.00     99.75
15:50:04        all      0.08      0.00      0.10      0.05      0.00     99.77
16:00:04        all      0.09      0.00      0.12      0.05      0.00     99.75
16:10:04        all      0.09      0.00      0.12      0.05      0.00     99.75
16:20:04        all      0.08      0.00      0.11      0.05      0.00     99.76
16:30:04        all     10.91      0.00      3.41      0.05      0.00     85.63
16:40:04        all     39.81      0.00     10.25      0.04      0.00     49.90
16:50:04        all      0.09      0.00      0.12      0.05      0.00     99.74
17:00:04        all      0.09      0.00      0.11      0.05      0.00     99.75
17:10:04        all      0.09      0.00      0.12      0.05      0.00     99.75
17:20:04        all      0.09      0.00      0.11      0.05      0.00     99.75
17:30:04        all      0.09      0.00      0.12      0.05      0.00     99.74
17:40:04        all      0.09      0.00      0.12      0.05      0.00     99.75
17:50:04        all      0.05      0.00      0.08      0.04      0.00     99.82
18:00:04        all      0.03      0.00      0.04      0.02      0.00     99.91
18:10:02        all      0.09      0.00      0.11      0.05      0.00     99.75
18:20:04        all      0.08      0.00      0.12      0.05      0.00     99.75
18:30:04        all      0.09      0.00      0.11      0.05      0.00     99.75
18:40:04        all      0.09      0.00      0.12      0.05      0.00     99.74
18:50:04        all      0.07      0.00      0.09      0.04      0.00     99.80
19:00:04        all      0.08      0.00      0.11      0.05      0.00     99.76
19:10:04        all      0.08      0.00      0.11      0.05      0.00     99.77
19:20:04        all     15.87      0.00      0.17      0.06      0.00     83.90
19:30:04        all      0.15      0.00      0.12      0.05      0.00     99.68
19:40:04        all      0.08      0.00      0.11      0.05      0.00     99.76
19:50:02        all      0.08      0.00      0.11      0.05      0.00     99.76
20:00:04        all      0.08      0.00      0.11      0.05      0.00     99.76
20:10:04        all      0.08      0.00      0.10      0.05      0.00     99.76
20:20:04        all      0.08      0.00      0.11      0.05      0.00     99.75
20:30:02        all      0.08      0.00      0.11      0.05      0.00     99.76
20:40:04        all      0.08      0.00      0.11      0.05      0.00     99.76
20:50:04        all      0.08      0.00      0.10      0.05      0.00     99.76
21:00:04        all      0.09      0.00      0.11      0.05      0.00     99.76
21:10:02        all      0.08      0.00      0.11      0.05      0.00     99.76
21:20:04        all      0.38      0.22      0.25      0.06      0.00     99.09
21:30:04        all      0.08      0.00      0.11      0.05      0.00     99.75
21:40:04        all      0.08      0.00      0.11      0.05      0.00     99.76
21:50:00        all      0.10      0.00      0.12      0.05      0.00     99.73
22:00:04        all      0.09      0.00      0.12      0.05      0.00     99.75
22:10:02        all      0.08      0.00      0.11      0.05      0.00     99.77
22:20:04        all      0.08      0.00      0.11      0.05      0.00     99.76
22:30:04        all      0.08      0.00      0.11      0.05      0.00     99.76
22:40:04        all      0.06      0.00      0.08      0.04      0.00     99.83
22:50:02        all      0.08      0.00      0.11      0.05      0.00     99.76
23:00:04        all      0.07      0.00      0.09      0.04      0.00     99.80
23:10:04        all      0.04      0.00      0.05      0.03      0.00     99.88
23:20:04        all      0.09      0.00      0.11      0.05      0.00     99.75
23:30:02        all      0.05      0.00      0.07      0.04      0.00     99.83
23:40:04        all      0.06      0.00      0.08      0.04      0.00     99.81
23:50:04        all      0.07      0.00      0.10      0.05      0.00     99.78
Average:        all      4.13      0.00      0.31      0.05      0.00     95.50
### SAR_U_SA28
Linux 6.8.0-138-generic (pgain-nuc) 	08/28/26 	_x86_64_	(4 CPU)

00:00:04        CPU     %user     %nice   %system   %iowait    %steal     %idle
00:10:02        all      0.05      0.00      0.07      0.03      0.00     99.86
00:20:04        all      0.05      0.00      0.07      0.05      0.00     99.84
00:30:04        all      0.06      0.00      0.07      0.03      0.00     99.84
00:40:04        all      0.06      0.00      0.09      0.04      0.00     99.81
00:50:02        all      0.06      0.00      0.07      0.05      0.00     99.82
01:00:04        all     19.78      0.00      0.18      0.05      0.00     79.99
01:10:04        all     11.93      0.00      0.10      0.03      0.00     87.94
01:20:04        all      0.05      0.00      0.06      0.03      0.00     99.86
01:30:02        all      0.07      0.00      0.09      0.04      0.00     99.81
01:40:04        all      0.04      0.00      0.06      0.03      0.00     99.87
01:50:02        all      0.05      0.00      0.07      0.03      0.00     99.85
02:00:04        all      0.09      0.00      0.12      0.05      0.00     99.75
02:10:04        all      0.08      0.00      0.11      0.05      0.00     99.76
02:20:04        all      0.08      0.00      0.11      0.05      0.00     99.75
02:30:02        all      0.08      0.00      0.11      0.05      0.00     99.75
02:40:04        all      0.09      0.00      0.11      0.05      0.00     99.75
02:50:04        all      0.09      0.00      0.12      0.05      0.00     99.75
03:00:04        all      0.09      0.00      0.11      0.05      0.00     99.75
03:10:02        all      0.08      0.00      0.11      0.05      0.00     99.76
03:20:04        all      0.14      0.00      0.15      0.05      0.00     99.66
03:30:04        all      0.09      0.00      0.11      0.05      0.00     99.75
03:40:04        all      0.08      0.00      0.11      0.05      0.00     99.77
03:50:04        all      0.08      0.00      0.11      0.05      0.00     99.76
04:00:04        all      0.08      0.00      0.11      0.05      0.00     99.77
04:10:04        all      0.08      0.00      0.11      0.05      0.00     99.76
04:20:04        all      0.08      0.00      0.11      0.05      0.00     99.75
04:30:04        all      0.31      0.00      0.52      0.05      0.00     99.13
04:40:04        all      0.37      0.00      0.64      0.05      0.00     98.94
04:50:04        all      0.37      0.00      0.65      0.05      0.00     98.93
05:00:04        all      0.38      0.00      0.67      0.05      0.00     98.90
05:10:04        all      0.39      0.00      0.66      0.05      0.00     98.90
05:20:04        all      0.37      0.00      0.65      0.05      0.00     98.93
05:30:04        all      0.37      0.00      0.66      0.05      0.00     98.92
05:40:04        all      0.38      0.00      0.66      0.04      0.00     98.92
05:50:04        all      0.37      0.00      0.66      0.05      0.00     98.92
06:00:04        all      0.42      0.00      0.67      0.05      0.00     98.87
06:10:04        all      1.05      0.39      0.90      0.10      0.00     97.56
06:20:04        all      0.37      0.00      0.65      0.05      0.00     98.93
06:30:04        all      0.39      0.00      0.67      0.05      0.00     98.89
06:40:04        all      0.37      0.00      0.65      0.05      0.00     98.93
06:50:04        all      0.38      0.00      0.66      0.05      0.00     98.91
07:00:04        all      0.36      0.00      0.65      0.04      0.00     98.95
07:10:04        all      0.38      0.00      0.67      0.05      0.00     98.91
07:20:04        all      0.38      0.00      0.67      0.05      0.00     98.91
07:30:04        all      0.37      0.00      0.66      0.05      0.00     98.93
07:40:04        all      0.12      0.00      0.18      0.05      0.00     99.64
07:50:04        all      0.15      0.00      0.19      0.05      0.00     99.61
08:00:04        all      0.41      0.00      0.68      0.05      0.00     98.86
08:10:04        all      0.38      0.00      0.67      0.05      0.00     98.90
08:20:04        all      0.37      0.00      0.64      0.05      0.00     98.95
08:30:02        all      0.37      0.00      0.66      0.05      0.00     98.92
08:40:04        all      0.38      0.00      0.66      0.05      0.00     98.92
08:50:04        all      0.38      0.00      0.67      0.05      0.00     98.90
09:00:04        all      0.39      0.00      0.69      0.05      0.00     98.87
09:10:02        all      0.37      0.00      0.65      0.05      0.00     98.93
09:20:04        all      0.45      0.00      0.72      0.05      0.00     98.78
09:30:04        all      0.37      0.00      0.66      0.05      0.00     98.92
09:40:03        all      0.36      0.00      0.66      0.04      0.00     98.93
09:50:02        all      0.37      0.00      0.67      0.05      0.00     98.91
10:00:04        all      0.38      0.00      0.67      0.05      0.00     98.91
10:10:04        all      0.38      0.00      0.65      0.04      0.00     98.93
10:20:04        all      0.38      0.00      0.68      0.05      0.00     98.89
10:30:04        all      0.37      0.00      0.64      0.04      0.00     98.94
10:40:04        all      0.37      0.00      0.66      0.05      0.00     98.92
10:50:04        all      0.38      0.00      0.67      0.05      0.00     98.90
11:00:04        all      0.38      0.00      0.68      0.05      0.00     98.90
11:10:04        all      0.38      0.00      0.67      0.05      0.00     98.90
11:20:04        all      0.40      0.00      0.71      0.05      0.00     98.84
11:30:04        all      0.44      0.00      0.71      0.05      0.00     98.80
11:40:04        all      0.42      0.00      0.70      0.05      0.00     98.83
11:50:04        all      0.39      0.00      0.67      0.05      0.00     98.89
12:00:04        all      0.39      0.00      0.66      0.05      0.00     98.90
12:10:04        all      0.37      0.00      0.66      0.05      0.00     98.92
12:20:04        all      0.37      0.00      0.66      0.05      0.00     98.93
12:30:04        all      0.37      0.00      0.65      0.05      0.00     98.93
12:40:04        all      0.38      0.00      0.69      0.05      0.00     98.88
12:50:04        all      0.39      0.00      0.69      0.05      0.00     98.87
13:00:04        all      0.40      0.00      0.69      0.05      0.00     98.86
13:10:04        all      0.39      0.00      0.68      0.05      0.00     98.88
13:20:04        all      0.37      0.00      0.66      0.05      0.00     98.92
13:30:04        all      0.38      0.00      0.66      0.05      0.00     98.91
13:40:04        all      0.45      0.00      0.73      0.05      0.00     98.77
13:50:04        all      0.39      0.00      0.70      0.05      0.00     98.86
14:00:04        all      0.44      0.00      0.73      0.06      0.00     98.76
14:10:04        all      0.15      0.00      0.23      0.05      0.00     99.58
14:20:02        all      0.08      0.00      0.11      0.05      0.00     99.77
14:30:04        all      0.08      0.00      0.11      0.05      0.00     99.77
14:40:04        all      0.08      0.00      0.11      0.05      0.00     99.76
14:50:04        all      0.12      0.00      0.18      0.05      0.00     99.65
15:00:04        all      0.39      0.00      0.68      0.05      0.00     98.89
15:10:04        all      0.38      0.00      0.67      0.05      0.00     98.91
15:20:04        all      0.37      0.00      0.67      0.05      0.00     98.91
15:30:04        all      0.39      0.00      0.67      0.05      0.00     98.89
15:40:04        all      0.39      0.00      0.68      0.05      0.00     98.89
15:50:04        all      0.40      0.00      0.68      0.05      0.00     98.88
16:00:04        all      0.37      0.00      0.67      0.05      0.00     98.92
16:10:04        all      0.40      0.00      0.69      0.05      0.00     98.86
16:20:04        all      0.50      0.00      0.75      0.05      0.00     98.70
16:30:04        all      0.41      0.00      0.68      0.05      0.00     98.86
16:40:02        all      0.39      0.00      0.69      0.05      0.00     98.88
16:50:04        all      0.37      0.00      0.67      0.05      0.00     98.91
17:00:04        all      0.38      0.00      0.68      0.05      0.00     98.90
17:10:04        all      0.38      0.00      0.67      0.05      0.00     98.90
17:20:04        all      0.37      0.00      0.66      0.05      0.00     98.92
17:30:02        all      0.38      0.00      0.67      0.05      0.00     98.90
17:40:04        all      0.40      0.00      0.68      0.05      0.00     98.88
17:50:04        all      0.37      0.00      0.66      0.05      0.00     98.92
18:00:04        all      0.39      0.00      0.68      0.05      0.00     98.88
18:10:02        all      0.55      0.00      0.80      0.05      0.00     98.60
18:20:04        all      0.38      0.00      0.66      0.05      0.00     98.91
18:30:04        all      0.38      0.00      0.65      0.05      0.00     98.92
18:40:04        all      0.37      0.00      0.67      0.05      0.00     98.91
18:50:02        all      0.38      0.00      0.68      0.05      0.00     98.89
19:00:04        all      0.39      0.00      0.68      0.05      0.00     98.89
19:10:04        all      0.37      0.00      0.65      0.05      0.00     98.93
19:20:04        all      0.38      0.00      0.67      0.04      0.00     98.91
19:30:02        all      0.37      0.00      0.65      0.05      0.00     98.94
19:40:04        all      0.37      0.00      0.65      0.04      0.00     98.93
19:50:04        all      0.44      0.00      0.65      0.05      0.00     98.86
20:00:04        all      0.37      0.00      0.67      0.05      0.00     98.91
20:10:02        all      3.15      0.00      2.96      0.06      0.00     93.83
20:20:04        all      0.53      0.00      0.81      0.05      0.00     98.61
20:30:02        all      0.38      0.00      0.67      0.05      0.00     98.90
20:40:04        all      0.38      0.00      0.66      0.04      0.00     98.91
20:50:04        all      0.37      0.00      0.66      0.05      0.00     98.92
21:00:04        all      0.38      0.00      0.66      0.05      0.00     98.91
21:10:02        all      0.39      0.00      0.67      0.05      0.00     98.89
21:20:04        all      0.38      0.00      0.68      0.05      0.00     98.90
21:30:04        all      0.39      0.00      0.68      0.05      0.00     98.89
21:40:04        all      0.38      0.00      0.67      0.05      0.00     98.90
21:50:02        all      0.45      0.00      0.70      0.05      0.00     98.80
22:00:04        all      0.38      0.00      0.68      0.05      0.00     98.90
22:10:04        all      0.38      0.00      0.67      0.05      0.00     98.90
22:20:04        all      0.38      0.00      0.67      0.05      0.00     98.90
22:30:02        all      0.39      0.00      0.69      0.05      0.00     98.86
22:40:04        all      0.38      0.00      0.67      0.05      0.00     98.90
22:50:04        all      0.39      0.00      0.68      0.05      0.00     98.88
23:00:04        all      0.37      0.00      0.65      0.04      0.00     98.94
23:10:04        all      0.37      0.00      0.65      0.05      0.00     98.93
23:20:04        all      0.37      0.00      0.65      0.05      0.00     98.93
23:30:04        all      0.37      0.00      0.66      0.05      0.00     98.92
23:40:04        all      0.39      0.00      0.68      0.05      0.00     98.88
23:50:04        all      0.48      0.00      0.73      0.05      0.00     98.75
Average:        all      0.57      0.00      0.56      0.05      0.00     98.83
### SAR_U_SA29
Linux 6.8.0-138-generic (pgain-nuc) 	08/29/26 	_x86_64_	(4 CPU)

00:00:04        CPU     %user     %nice   %system   %iowait    %steal     %idle
00:10:02        all      0.54      0.00      0.72      0.05      0.00     98.69
00:20:04        all      0.58      0.00      0.76      0.05      0.00     98.61
00:30:03        all      0.53      0.00      0.71      0.05      0.00     98.71
00:40:04        all      0.54      0.00      0.73      0.05      0.00     98.69
00:50:02        all      0.37      0.00      0.66      0.05      0.00     98.92
01:00:04        all      0.38      0.00      0.67      0.05      0.00     98.90
01:10:04        all      0.38      0.00      0.67      0.05      0.00     98.91
01:20:04        all      0.38      0.00      0.67      0.05      0.00     98.90
01:30:04        all      0.37      0.00      0.65      0.05      0.00     98.93
01:40:04        all      0.39      0.00      0.69      0.05      0.00     98.87
01:50:04        all      0.38      0.00      0.67      0.05      0.00     98.91
02:00:04        all      0.40      0.00      0.69      0.05      0.00     98.86
02:10:04        all      0.39      0.00      0.66      0.05      0.00     98.90
Average:        all      0.43      0.00      0.69      0.05      0.00     98.83
### SAR_U_SA30
Linux 6.8.0-138-generic (pgain-nuc) 	08/30/26 	_x86_64_	(4 CPU)

00:32:34     LINUX RESTART	(4 CPU)

00:40:05        CPU     %user     %nice   %system   %iowait    %steal     %idle
00:50:05        all      0.08      0.00      0.11      0.05      0.00     99.76
01:00:05        all      0.15      0.04      0.13      0.05      0.00     99.62
01:10:05        all      0.08      0.00      0.11      0.05      0.00     99.75
01:20:05        all      0.09      0.00      0.11      0.05      0.00     99.75
01:30:05        all      0.09      0.00      0.11      0.05      0.00     99.75
01:40:05        all      0.08      0.00      0.11      0.05      0.00     99.76
01:50:05        all      0.10      0.00      0.11      0.05      0.00     99.74
02:00:05        all      0.09      0.00      0.11      0.05      0.00     99.75
02:10:05        all      0.08      0.00      0.11      0.05      0.00     99.76
02:20:03        all      0.09      0.00      0.11      0.05      0.00     99.75
02:30:05        all      0.23      0.00      0.22      0.07      0.00     99.48
02:40:03        all      0.25      0.00      0.18      0.05      0.00     99.51
02:50:01        all      0.23      0.00      0.17      0.06      0.00     99.54
03:00:05        all      0.24      0.00      0.17      0.05      0.00     99.54
03:10:01        all      0.24      0.00      0.17      0.05      0.00     99.54
03:20:05        all      0.25      0.00      0.17      0.05      0.00     99.52
03:30:00        all      0.24      0.00      0.18      0.06      0.00     99.52
03:40:05        all      0.22      0.00      0.16      0.05      0.00     99.56
03:50:05        all      0.24      0.00      0.17      0.05      0.00     99.54
04:00:05        all      0.24      0.00      0.17      0.05      0.00     99.53
04:10:00        all      0.43      0.00      0.50      0.05      0.00     99.01
04:20:05        all      0.54      0.00      0.73      0.05      0.00     98.68
04:30:05        all      0.25      0.00      0.18      0.05      0.00     99.52
04:40:05        all      0.24      0.00      0.17      0.05      0.00     99.53
04:50:05        all      0.24      0.00      0.17      0.05      0.00     99.53
05:00:05        all      0.24      0.00      0.17      0.05      0.00     99.53
05:10:05        all      0.22      0.00      0.17      0.05      0.00     99.55
05:20:05        all      0.24      0.00      0.17      0.06      0.00     99.54
05:30:05        all      0.24      0.00      0.17      0.05      0.00     99.53
05:40:05        all      0.24      0.00      0.17      0.06      0.00     99.53
05:50:00        all      0.48      0.00      0.38      0.05      0.00     99.09
06:00:05        all      9.58      0.00      7.54      0.04      0.00     82.84
06:10:00        all     14.23      0.00     11.14      0.03      0.00     74.60
06:20:05        all     28.09      0.26     22.56      0.02      0.00     49.07
06:30:05        all      4.48      0.00      3.61      0.05      0.00     91.86
06:40:05        all      0.26      0.00      0.17      0.06      0.00     99.52
06:50:05        all      0.23      0.00      0.16      0.05      0.00     99.55
07:00:05        all      0.24      0.00      0.17      0.06      0.00     99.53
07:10:05        all      0.24      0.00      0.17      0.06      0.00     99.53
07:20:05        all      0.24      0.00      0.17      0.06      0.00     99.53
07:30:05        all      0.24      0.00      0.18      0.06      0.00     99.52
07:40:05        all      0.22      0.00      0.16      0.05      0.00     99.56
07:50:05        all      0.24      0.00      0.18      0.06      0.00     99.52
08:00:05        all      0.25      0.00      0.18      0.05      0.00     99.52
08:10:05        all      0.24      0.00      0.17      0.06      0.00     99.53
08:20:05        all      0.24      0.00      0.18      0.06      0.00     99.53
08:30:03        all      0.10      0.00      0.08      0.04      0.00     99.78
08:40:05        all      0.10      0.00      0.08      0.04      0.00     99.78
08:50:05        all      0.23      0.00      0.16      0.06      0.00     99.55
09:00:00        all      0.22      0.00      0.16      0.05      0.00     99.57
09:10:04        all      0.07      0.00      0.06      0.04      0.00     99.84
09:20:05        all      0.11      0.00      0.09      0.04      0.00     99.76
09:30:05        all      0.15      0.00      0.11      0.04      0.00     99.69
09:40:05        all      0.24      0.00      0.17      0.05      0.00     99.53
09:50:05        all      0.24      0.00      0.16      0.06      0.00     99.54
10:00:03        all      0.22      0.00      0.16      0.05      0.00     99.56
10:10:03        all      3.99      0.00      3.30      0.05      0.00     92.65
10:20:05        all     14.02      0.00     11.33      0.05      0.00     74.60
10:30:05        all     14.11      0.00     11.22      0.04      0.00     74.63
10:40:05        all     11.78      0.00      9.44      0.04      0.00     78.74
10:50:03        all      0.08      0.00      0.10      0.05      0.00     99.76
11:00:05        all      0.06      0.00      0.08      0.04      0.00     99.81
11:10:05        all      0.04      0.00      0.06      0.04      0.00     99.86
11:20:05        all      0.07      0.00      0.09      0.04      0.00     99.80
11:30:03        all      0.18      0.00      0.27      0.05      0.00     99.50
11:40:05        all      0.09      0.00      0.11      0.05      0.00     99.75
11:50:05        all      0.09      0.00      0.11      0.05      0.00     99.75
12:00:05        all      0.09      0.00      0.11      0.05      0.00     99.75
12:10:03        all      0.09      0.00      0.11      0.05      0.00     99.75
12:20:05        all      0.09      0.00      0.12      0.05      0.00     99.75
12:30:03        all      0.09      0.00      0.11      0.05      0.00     99.75
12:40:05        all      0.09      0.00      0.11      0.05      0.00     99.75
12:50:05        all      0.09      0.00      0.12      0.05      0.00     99.74
13:00:05        all      0.09      0.00      0.11      0.05      0.00     99.75
13:10:03        all      0.09      0.00      0.11      0.05      0.00     99.75
13:20:05        all      0.10      0.00      0.11      0.05      0.00     99.74
13:30:05        all      8.03      0.00      0.62      0.22      0.00     91.13
13:40:05        all      0.28      0.00      0.35      0.05      0.00     99.32
13:50:03        all      0.09      0.00      0.11      0.05      0.00     99.75
14:00:05        all      0.09      0.00      0.11      0.05      0.00     99.76
14:10:01        all      0.09      0.00      0.11      0.05      0.00     99.75
14:20:05        all      0.08      0.00      0.11      0.05      0.00     99.75
14:30:03        all      0.09      0.00      0.12      0.05      0.00     99.75
14:40:05        all      0.09      0.00      0.12      0.05      0.00     99.75
14:50:05        all      0.12      0.00      0.13      0.05      0.00     99.70
15:00:05        all      6.73      0.00      0.59      0.12      0.00     92.56
15:10:03        all     29.04      0.00     24.40      0.05      0.00     46.51
15:20:00        all      7.22      0.00      6.01      0.05      0.00     86.72
15:30:05        all      0.24      0.00      0.24      0.05      0.00     99.46
15:40:05        all      0.10      0.00      0.12      0.05      0.00     99.74
15:50:05        all      0.09      0.00      0.12      0.05      0.00     99.75
16:00:05        all      0.09      0.00      0.11      0.05      0.00     99.75
16:10:03        all      0.09      0.00      0.12      0.05      0.00     99.75
16:20:05        all      0.09      0.00      0.11      0.05      0.00     99.75
16:30:05        all      0.09      0.00      0.12      0.05      0.00     99.75
16:40:03        all      0.09      0.00      0.11      0.05      0.00     99.75
16:50:03        all      0.09      0.00      0.11      0.05      0.00     99.75
17:00:05        all      0.09      0.00      0.11      0.05      0.00     99.75
17:10:05        all      0.09      0.00      0.12      0.05      0.00     99.75
17:20:05        all      0.09      0.00      0.11      0.05      0.00     99.75
17:30:03        all      0.09      0.00      0.12      0.05      0.00     99.74
17:40:05        all      0.09      0.00      0.12      0.05      0.00     99.75
17:50:05        all      0.08      0.00      0.11      0.05      0.00     99.76
18:00:05        all      0.09      0.00      0.12      0.05      0.00     99.75
18:10:05        all      0.09      0.00      0.12      0.05      0.00     99.74
18:20:05        all      0.09      0.00      0.11      0.05      0.00     99.76
18:30:05        all      0.09      0.00      0.12      0.05      0.00     99.75
18:40:02        all      0.08      0.00      0.12      0.05      0.00     99.75
18:50:05        all      0.08      0.00      0.11      0.05      0.00     99.76
19:00:05        all      0.08      0.00      0.12      0.05      0.00     99.75
19:10:05        all      0.09      0.00      0.12      0.05      0.00     99.74
19:20:05        all      0.09      0.00      0.11      0.05      0.00     99.75
19:30:05        all      0.09      0.00      0.11      0.05      0.00     99.75
19:40:05        all      0.09      0.00      0.11      0.05      0.00     99.75
19:50:05        all      0.08      0.00      0.11      0.05      0.00     99.76
20:00:05        all      0.18      0.00      0.18      0.06      0.00     99.58
20:10:05        all      0.53      0.00      0.49      0.05      0.00     98.93
20:20:05        all      0.11      0.00      0.13      0.05      0.00     99.72
20:30:05        all      0.09      0.00      0.12      0.05      0.00     99.75
20:40:05        all      0.09      0.00      0.11      0.05      0.00     99.75
20:50:05        all      0.09      0.00      0.11      0.05      0.00     99.75
21:00:05        all      0.09      0.00      0.11      0.05      0.00     99.75
21:10:05        all      0.09      0.00      0.11      0.05      0.00     99.75
21:20:05        all      0.08      0.00      0.11      0.05      0.00     99.76
21:30:05        all      0.09      0.00      0.12      0.05      0.00     99.75
21:40:05        all      0.09      0.00      0.11      0.05      0.00     99.75
21:50:05        all      0.08      0.00      0.11      0.05      0.00     99.75
22:00:05        all      0.09      0.00      0.12      0.05      0.00     99.74
22:10:05        all      0.09      0.00      0.12      0.05      0.00     99.75
22:20:05        all      0.09      0.00      0.11      0.05      0.00     99.75
22:30:05        all      0.09      0.00      0.11      0.05      0.00     99.75
22:40:05        all      0.09      0.00      0.12      0.05      0.00     99.75
22:50:05        all      0.09      0.00      0.11      0.05      0.00     99.75
23:00:05        all      0.09      0.00      0.11      0.05      0.00     99.74
23:10:05        all      0.09      0.00      0.11      0.05      0.00     99.75
23:20:05        all      0.08      0.00      0.11      0.05      0.00     99.75
23:30:05        all      0.09      0.00      0.11      0.05      0.00     99.74
23:40:05        all      0.09      0.00      0.12      0.05      0.00     99.75
23:50:05        all      0.08      0.00      0.12      0.05      0.00     99.75
Average:        all      1.22      0.00      0.94      0.05      0.00     97.79
### SAR_U_SA31
Linux 6.8.0-138-generic (pgain-nuc) 	08/31/26 	_x86_64_	(4 CPU)

00:00:05        CPU     %user     %nice   %system   %iowait    %steal     %idle
00:10:05        all      0.28      0.00      0.28      0.05      0.00     99.39
00:20:05        all      0.11      0.00      0.13      0.05      0.00     99.70
00:30:04        all      0.09      0.00      0.11      0.05      0.00     99.75
00:40:05        all      0.11      0.00      0.21      0.36      0.00     99.32
00:50:05        all      0.09      0.00      0.11      0.05      0.00     99.75
01:00:03        all      0.09      0.00      0.12      0.05      0.00     99.75
01:10:05        all      0.08      0.00      0.12      0.05      0.00     99.75
01:20:05        all      0.09      0.00      0.11      0.05      0.00     99.75
01:30:05        all      0.09      0.00      0.11      0.05      0.00     99.75
01:40:03        all      0.09      0.00      0.11      0.05      0.00     99.75
01:50:05        all      0.09      0.00      0.11      0.05      0.00     99.75
02:00:05        all      0.16      0.00      0.12      0.05      0.00     99.67
02:10:05        all      0.09      0.00      0.11      0.05      0.00     99.75
02:20:05        all      0.09      0.00      0.11      0.05      0.00     99.75
02:30:05        all      0.09      0.00      0.11      0.05      0.00     99.75
02:40:03        all      0.09      0.00      0.11      0.05      0.00     99.75
02:50:05        all      0.08      0.00      0.11      0.05      0.00     99.76
03:00:05        all      0.09      0.00      0.11      0.05      0.00     99.75
03:10:01        all      0.09      0.00      0.12      0.05      0.00     99.75
03:20:03        all      0.08      0.00      0.12      0.05      0.00     99.75
03:30:05        all      0.09      0.00      0.12      0.05      0.00     99.74
03:40:05        all      0.09      0.00      0.11      0.05      0.00     99.75
03:50:05        all      0.08      0.00      0.11      0.05      0.00     99.76
04:00:03        all      0.26      0.11      0.20      0.06      0.00     99.37
04:10:05        all      0.09      0.00      0.11      0.05      0.00     99.75
04:20:02        all      0.09      0.00      0.11      0.05      0.00     99.75
04:30:05        all      0.09      0.00      0.12      0.05      0.00     99.74
04:40:03        all      0.09      0.00      0.12      0.05      0.00     99.74
04:50:05        all      0.12      0.00      0.13      0.05      0.00     99.69
05:00:05        all      0.14      0.00      0.16      0.05      0.00     99.64
05:10:05        all      0.45      0.00      0.40      0.05      0.00     99.11
05:20:03        all      0.10      0.00      0.12      0.05      0.00     99.73
05:30:05        all      0.09      0.00      0.11      0.05      0.00     99.75
05:40:03        all      0.09      0.00      0.11      0.05      0.00     99.75
05:50:05        all      0.08      0.00      0.11      0.05      0.00     99.76
06:00:05        all      0.09      0.00      0.12      0.05      0.00     99.74
06:10:05        all      0.09      0.00      0.12      0.05      0.00     99.74
06:20:03        all      0.08      0.00      0.11      0.05      0.00     99.76
06:30:05        all      0.13      0.04      0.12      0.05      0.00     99.66
06:40:05        all      0.09      0.00      0.12      0.05      0.00     99.75
06:50:05        all      0.09      0.00      0.11      0.05      0.00     99.75
07:00:05        all      0.09      0.00      0.12      0.05      0.00     99.75
07:10:05        all      0.09      0.00      0.11      0.05      0.00     99.75
07:20:05        all      0.09      0.00      0.11      0.05      0.00     99.75
07:30:05        all      0.09      0.00      0.12      0.05      0.00     99.75
07:40:05        all      0.09      0.00      0.12      0.05      0.00     99.75
07:50:03        all      0.09      0.00      0.12      0.05      0.00     99.75
08:00:05        all      0.09      0.00      0.11      0.05      0.00     99.75
08:10:05        all      0.09      0.00      0.11      0.05      0.00     99.75
08:20:05        all      0.09      0.00      0.11      0.05      0.00     99.75
08:30:03        all      0.09      0.00      0.12      0.05      0.00     99.75
08:40:05        all      0.08      0.00      0.11      0.05      0.00     99.75
08:50:05        all      0.09      0.00      0.11      0.05      0.00     99.75
09:00:05        all      0.09      0.00      0.12      0.05      0.00     99.75
09:10:05        all      0.09      0.00      0.12      0.05      0.00     99.75
09:20:05        all      0.55      0.00      0.53      0.06      0.00     98.86
09:30:05        all      0.38      0.00      0.35      0.05      0.00     99.21
09:40:05        all      0.11      0.00      0.12      0.05      0.00     99.72
09:50:05        all      0.25      0.00      0.25      0.05      0.00     99.45
10:00:05        all      0.09      0.00      0.11      0.05      0.00     99.75
10:10:05        all      0.09      0.00      0.11      0.05      0.00     99.75
10:20:05        all      0.09      0.00      0.11      0.05      0.00     99.75
10:30:05        all      0.11      0.00      0.12      0.05      0.00     99.72
10:40:05        all      0.09      0.00      0.11      0.05      0.00     99.75
10:50:05        all      0.09      0.00      0.12      0.05      0.00     99.74
11:00:05        all      0.09      0.00      0.11      0.05      0.00     99.75
11:10:05        all      0.09      0.00      0.11      0.05      0.00     99.75
11:20:05        all      0.09      0.00      0.11      0.05      0.00     99.75
11:30:05        all      0.09      0.00      0.11      0.05      0.00     99.74
11:40:00        all      0.09      0.00      0.12      0.05      0.00     99.75
11:50:05        all      0.08      0.00      0.12      0.05      0.00     99.75
12:00:05        all      0.08      0.00      0.12      0.05      0.00     99.75
12:10:05        all      0.09      0.00      0.11      0.05      0.00     99.75
12:20:05        all      0.09      0.00      0.11      0.05      0.00     99.75
12:30:05        all      0.09      0.00      0.11      0.05      0.00     99.75
12:40:05        all      0.09      0.00      0.11      0.05      0.00     99.75
12:50:05        all      0.09      0.00      0.11      0.05      0.00     99.76
13:00:05        all      0.09      0.00      0.12      0.05      0.00     99.75
13:10:05        all      0.09      0.00      0.12      0.05      0.00     99.75
13:20:01        all      0.46      0.00      0.41      0.05      0.00     99.08
13:30:05        all      0.11      0.00      0.22      0.15      0.00     99.51
13:40:05        all      0.09      0.00      0.12      0.05      0.00     99.74
13:50:05        all      0.11      0.00      0.13      0.05      0.00     99.71
14:00:05        all      0.09      0.00      0.12      0.05      0.00     99.75
14:10:05        all      0.09      0.00      0.12      0.05      0.00     99.74
14:20:05        all      0.09      0.00      0.11      0.05      0.00     99.75
14:30:05        all      0.09      0.00      0.12      0.05      0.00     99.75
14:40:05        all      0.09      0.00      0.11      0.05      0.00     99.75
14:50:05        all      0.09      0.00      0.12      0.05      0.00     99.75
15:00:05        all      0.09      0.00      0.11      0.05      0.00     99.75
15:10:05        all      0.09      0.00      0.12      0.05      0.00     99.74
15:20:05        all      0.09      0.00      0.11      0.05      0.00     99.75
15:30:05        all      0.09      0.00      0.11      0.05      0.00     99.75
15:40:05        all      0.09      0.00      0.11      0.05      0.00     99.75
15:50:05        all      0.08      0.00      0.11      0.05      0.00     99.75
16:00:03        all      0.09      0.00      0.12      0.05      0.00     99.74
16:10:05        all      0.09      0.00      0.11      0.05      0.00     99.75
16:20:05        all      0.09      0.00      0.11      0.05      0.00     99.75
Average:        all      0.11      0.00      0.13      0.05      0.00     99.70
### SAR_Q_SA01
Linux 6.8.0-138-generic (pgain-nuc) 	09/01/26 	_x86_64_	(4 CPU)

05:33:33     LINUX RESTART	(4 CPU)

05:40:12      runq-sz  plist-sz   ldavg-1   ldavg-5  ldavg-15   blocked
05:50:01            0       185      0.00      0.02      0.01         0
06:00:02            0       192      0.00      0.00      0.00         0
06:10:02            0       192      0.08      0.05      0.01         0
06:20:01            1       192      0.00      0.01      0.00         0
06:30:24            0       192      0.00      0.00      0.00         0
06:40:22            0       193      0.00      0.00      0.00         0
06:50:01            0       192      0.00      0.00      0.00         0
07:00:12            0       192      0.00      0.00      0.00         0
07:10:24            0       192      0.00      0.00      0.00         0
07:20:01            1       192      0.00      0.00      0.00         0
07:30:02            0       193      0.00      0.00      0.00         0
07:40:20            0       192      0.00      0.00      0.00         0
07:50:01            0       193      0.00      0.00      0.00         0
08:00:17            0       193      0.00      0.00      0.00         0
08:10:02            0       191      0.03      0.03      0.00         0
08:20:01            1       194      0.02      0.02      0.00         0
08:30:12            0       192      0.00      0.00      0.00         0
08:40:24            0       193      0.00      0.00      0.00         0
08:50:01            0       192      0.00      0.00      0.00         0
09:00:24            0       192      0.00      0.00      0.00         0
09:10:02            0       193      0.01      0.00      0.00         0
09:20:01            1       192      0.00      0.00      0.00         0
09:30:24            0       192      0.00      0.00      0.00         0
09:40:24            1       192      0.00      0.00      0.00         0
09:50:01            0       192      0.01      0.01      0.00         0
10:00:24            0       192      0.00      0.00      0.00         0
10:10:12            0       191      0.00      0.01      0.00         0
10:20:02            0       192      0.00      0.00      0.00         0
10:30:02            0       192      0.00      0.00      0.00         0
10:40:24            1       192      0.10      0.04      0.00         0
10:50:02            0       193      0.08      0.06      0.02         0
11:00:24            0       193      0.00      0.00      0.00         0
11:10:02            0       193      0.00      0.00      0.00         0
11:20:02            0       194      0.00      0.00      0.00         0
11:30:12            0       192      0.00      0.00      0.00         0
11:40:24            0       192      0.00      0.00      0.00         0
11:50:00            0       191      0.14      0.03      0.01         0
12:00:24            0       192      0.00      0.00      0.00         0
12:10:12            0       193      0.00      0.00      0.00         0
12:20:02            0       193      0.00      0.00      0.00         0
12:30:12            1       192      0.00      0.00      0.00         0
12:40:24            0       192      0.00      0.00      0.00         0
12:50:02            0       191      0.05      0.03      0.00         0
13:00:24            0       194      0.00      0.01      0.00         0
13:10:12            0       191      0.00      0.00      0.00         0
13:20:02            0       193      0.00      0.00      0.00         0
13:30:02            0       192      0.00      0.00      0.00         0
13:40:24            0       191      0.00      0.00      0.00         0
13:50:00            0       192      0.09      0.03      0.01         0
14:00:24            0       192      0.00      0.02      0.00         0
14:10:22            0       192      0.09      0.05      0.01         0
14:20:00            0       192      0.04      0.03      0.00         0
14:30:12            0       192      0.07      0.05      0.00         0
14:40:24            0       192      0.08      0.04      0.00         0
14:50:00            0       192      0.07      0.05      0.00         0
15:00:24            0       192      0.02      0.05      0.00         0
15:10:12            0       194      0.00      0.05      0.01         0
15:20:00            0       194      0.00      0.02      0.00         0
15:30:22            0       193      0.02      0.04      0.00         0
15:40:24            0       192      0.06      0.07      0.02         0
15:50:00            0       199      0.20      0.12      0.05         0
16:00:24            0       192      0.04      0.03      0.01         0
16:10:12            0       193      0.08      0.06      0.00         0
16:20:00            0       193      0.09      0.04      0.01         0
16:30:22            0       193      0.02      0.05      0.01         0
16:40:24            0       193      0.00      0.01      0.00         0
16:50:00            0       193      0.06      0.05      0.01         0
17:00:24            0       192      0.01      0.04      0.00         0
17:10:22            0       193      0.00      0.03      0.00         0
17:20:00            1       192      0.00      0.00      0.00         0
17:30:12            0       193      0.05      0.03      0.00         0
17:40:24            0       193      0.05      0.03      0.00         0
17:50:00            0       194      0.00      0.01      0.00         0
18:00:24            0       193      0.06      0.04      0.00         0
18:10:24            0       193      0.00      0.00      0.00         0
18:20:00            0       193      0.00      0.03      0.00         0
Average:            0       192      0.02      0.02      0.00         0
### SAR_Q_SA03
Linux 6.8.0-138-generic (pgain-nuc) 	09/03/26 	_x86_64_	(4 CPU)

09:37:18     LINUX RESTART	(4 CPU)

09:40:29      runq-sz  plist-sz   ldavg-1   ldavg-5  ldavg-15   blocked
09:50:19            0       182      0.00      0.02      0.01         0
10:00:05            0       184      0.00      0.00      0.00         0
10:10:29            1       184      0.09      0.03      0.01         0
10:20:29            0       182      0.00      0.02      0.00         0
10:30:20            0       204      0.01      0.09      0.05         0
10:40:29            0       190      0.00      0.00      0.00         0
10:50:02            1       191      0.00      0.00      0.00         0
11:00:20            0       190      0.02      0.01      0.00         0
11:10:29            0       191      0.00      0.00      0.00         0
11:20:07            0       191      0.00      0.00      0.00         0
11:30:24            0       191      0.00      0.00      0.00         0
11:40:04            0       191      0.00      0.00      0.00         0
11:50:07            0       191      0.03      0.01      0.00         0
12:00:19            1       190      0.00      0.00      0.00         0
12:10:29            1       192      0.00      0.00      0.00         0
12:20:07            0       192      0.05      0.05      0.01         0
12:30:11            1       191      0.00      0.01      0.00         0
12:40:19            0       192      0.00      0.00      0.00         0
12:50:08            0       191      0.00      0.00      0.00         0
13:00:20            0       191      0.00      0.00      0.00         0
13:10:29            0       191      0.00      0.00      0.00         0
13:20:08            0       191      0.00      0.00      0.00         0
13:30:29            0       192      0.00      0.01      0.00         0
13:40:11            0       191      0.00      0.00      0.00         0
13:50:29            1       190      0.00      0.00      0.00         0
14:00:29            0       191      0.00      0.00      0.00         0
14:10:29            0       191      0.00      0.00      0.00         0
14:20:08            0       192      0.00      0.00      0.00         0
14:30:07            0       192      0.00      0.01      0.00         0
14:40:29            0       190      0.00      0.00      0.00         0
14:50:29            0       191      0.04      0.02      0.00         0
15:00:20            0       192      0.04      0.05      0.00         0
15:10:29            1       192      0.07      0.05      0.00         0
15:20:29            0       193      0.06      0.05      0.00         0
15:30:20            0       191      0.02      0.01      0.00         0
15:40:29            0       192      0.02      0.04      0.00         0
15:50:29            0       192      0.04      0.05      0.00         0
16:00:20            0       192      0.00      0.00      0.00         0
16:10:09            0       191      0.06      0.02      0.00         0
16:20:04            0       192      0.08      0.07      0.01         0
16:30:05            0       192      0.01      0.04      0.00         0
16:40:19            0       191      0.07      0.05      0.01         0
16:50:09            0       192      0.07      0.04      0.01         0
17:00:20            0       193      0.06      0.05      0.01         0
17:10:29            0       193      0.14      0.08      0.01         0
17:20:17            0       193      0.05      0.06      0.01         0
17:30:09            0       193      0.04      0.05      0.01         0
17:40:29            0       193      0.00      0.02      0.00         0
17:50:09            0       194      0.00      0.03      0.00         0
18:00:20            0       192      0.12      0.06      0.01         0
18:10:29            0       191      0.06      0.07      0.01         0
18:20:29            0       199      0.08      0.06      0.01         0
18:30:09            0       193      0.00      0.01      0.00         0
18:40:29            0       192      0.04      0.03      0.00         0
18:50:29            0       191      0.02      0.04      0.00         0
19:00:12            0       192      0.03      0.03      0.00         0
19:10:09            0       192      0.06      0.05      0.00         0
19:20:29            0       192      0.02      0.04      0.00         0
19:30:20            0       191      0.00      0.02      0.00         0
19:40:29            0       192      0.04      0.04      0.00         0
19:50:09            0       193      0.01      0.03      0.00         0
20:00:20            0       193      0.07      0.03      0.00         0
20:10:19            0       192      0.07      0.04      0.01         0
20:20:29            1       192      0.00      0.02      0.00         0
20:30:09            0       192      0.08      0.05      0.01         0
20:40:29            0       191      0.23      0.14      0.05         0
20:50:19            1       192      0.02      0.04      0.03         0
21:00:20            0       192      0.01      0.04      0.02         0
21:10:09            0       194      0.05      0.10      0.04         0
21:20:29            0       193      0.18      0.09      0.03         0
21:30:09            0       192      0.03      0.05      0.02         0
21:40:26            0       193      0.06      0.07      0.03         0
21:50:19            0       193      0.01      0.03      0.00         0
22:00:20            0       192      0.07      0.06      0.01         0
22:10:09            0       192      0.00      0.02      0.00         0
22:20:24            0       192      0.00      0.02      0.00         0
22:30:19            0       192      0.01      0.01      0.00         0
22:40:29            0       192      0.09      0.04      0.00         0
22:50:09            0       192      0.16      0.05      0.01         0
23:00:20            0       192      0.01      0.02      0.00         0
23:10:19            0       192      0.04      0.04      0.00         0
23:20:29            0       191      0.07      0.03      0.00         0
23:30:09            0       192      0.05      0.01      0.00         0
23:40:29            0       191      0.05      0.05      0.01         0
23:50:09            0       191      0.04      0.04      0.00         0
Average:            0       192      0.03      0.03      0.01         0
### SAR_Q_SA04
Linux 6.8.0-138-generic (pgain-nuc) 	09/04/26 	_x86_64_	(4 CPU)

00:00:20      runq-sz  plist-sz   ldavg-1   ldavg-5  ldavg-15   blocked
00:10:15            0       193      0.05      0.05      0.00         0
00:20:29            0       192      0.00      0.02      0.00         0
00:30:19            0       191      0.02      0.02      0.00         0
00:40:17            0       191      0.14      0.09      0.02         0
00:50:19            0       192      0.04      0.04      0.00         0
01:00:20            1       194      0.04      0.04      0.01         0
01:10:09            1       192      0.00      0.00      0.00         0
01:20:09            0       192      0.04      0.02      0.00         0
Average:            0       192      0.04      0.04      0.00         0
### SAR_Q_SA27
Linux 6.8.0-138-generic (pgain-nuc) 	08/27/26 	_x86_64_	(4 CPU)

00:00:21      runq-sz  plist-sz   ldavg-1   ldavg-5  ldavg-15   blocked
00:10:21            0       200      0.00      0.00      0.00         0
00:20:21            0       199      0.01      0.01      0.00         0
00:30:16            0       200      0.00      0.00      0.00         0
00:40:21            0       198      0.00      0.00      0.00         0
00:50:06            1       199      0.00      0.00      0.00         0
01:00:21            0       200      0.01      0.02      0.00         0
01:10:21            0       199      0.00      0.02      0.00         0
01:20:16            0       200      0.02      0.02      0.00         0
01:30:21            1       199      0.04      0.01      0.00         0
01:40:07            0       199      0.00      0.00      0.00         0
01:50:07            0       199      0.02      0.01      0.00         0
02:00:16            0       199      0.01      0.02      0.00         0
02:10:21            1       200      0.02      0.03      0.00         0
02:20:07            0       199      0.07      0.03      0.00         0
02:30:21            0       199      0.08      0.04      0.01         0
02:40:21            0       199      0.04      0.07      0.02         0
02:50:07            0       199      0.01      0.03      0.00         0
03:00:21            0       198      0.01      0.02      0.00         0
03:10:21            0       201      0.04      0.03      0.00         0
03:20:07            0       202      0.45      0.76      0.37         0
03:30:21            0       199      0.18      0.16      0.21         0
03:40:21            0       200      0.01      0.04      0.10         0
03:50:07            0       199      0.02      0.06      0.08         0
04:00:21            0       199      0.18      0.05      0.05         0
04:10:21            0       199      0.00      0.02      0.02         0
04:20:07            0       199      0.14      0.07      0.01         0
04:30:21            0       199      0.15      0.06      0.01         0
04:40:21            0       199      0.02      0.04      0.00         0
Average:            0       199      0.05      0.06      0.03         0

11:50:53     LINUX RESTART	(4 CPU)

12:00:04      runq-sz  plist-sz   ldavg-1   ldavg-5  ldavg-15   blocked
12:10:04            0       190      0.15      0.03      0.01         0
12:20:04            0       191      0.00      0.00      0.00         0
12:30:04            0       190      0.00      0.00      0.00         0
12:40:04            0       189      0.00      0.00      0.00         0
12:50:04            0       191      0.00      0.00      0.00         0
13:00:04            0       189      0.00      0.00      0.00         0
13:10:04            0       191      0.00      0.00      0.00         0
13:20:04            2       202      1.42      0.50      0.18         0
13:30:03            2       194      1.93      1.78      1.05         0
13:40:04            2       194      2.01      2.00      1.54         0
13:50:04            2       194      2.08      2.02      1.78         0
14:00:02            2       194      2.08      2.02      1.91         0
14:10:04            0       192      0.00      0.50      1.23         0
14:20:04            0       191      0.04      0.08      0.63         0
14:30:04            0       192      0.00      0.00      0.31         0
14:40:04            0       192      0.06      0.02      0.16         0
14:50:04            1       191      0.00      0.00      0.06         0
15:00:04            0       191      0.00      0.00      0.01         0
15:10:04            0       191      0.01      0.01      0.00         0
15:20:04            0       191      0.00      0.00      0.00         0
15:30:04            0       190      0.00      0.00      0.00         0
15:40:04            1       190      0.00      0.00      0.00         0
15:50:04            0       192      0.04      0.03      0.00         0
16:00:04            0       191      0.00      0.00      0.00         0
16:10:04            0       191      0.02      0.01      0.00         0
16:20:04            0       191      0.00      0.00      0.00         0
16:30:04            3       208      2.47      0.95      0.35         0
16:40:04            0       196      0.25      1.30      1.04         0
16:50:04            0       192      0.00      0.16      0.52         0
17:00:04            0       192      0.03      0.04      0.27         0
17:10:04            0       191      0.00      0.00      0.13         0
17:20:04            1       193      0.00      0.00      0.05         0
17:30:04            0       192      0.00      0.00      0.00         0
17:40:04            1       192      0.00      0.00      0.00         0
17:50:04            0       191      0.00      0.00      0.00         0
18:00:04            0       192      0.00      0.00      0.00         0
18:10:02            0       191      0.00      0.00      0.00         0
18:20:04            1       192      0.06      0.02      0.00         0
18:30:04            0       192      0.04      0.01      0.00         0
18:40:04            0       191      0.03      0.01      0.00         0
18:50:04            0       192      0.00      0.00      0.00         0
19:00:04            0       192      0.00      0.00      0.00         0
19:10:04            0       193      0.00      0.00      0.00         0
19:20:04            0       194      1.07      0.84      0.36         0
19:30:04            0       192      0.00      0.10      0.17         0
19:40:04            0       191      0.00      0.01      0.08         0
19:50:02            0       191      0.00      0.00      0.03         0
20:00:04            0       192      0.00      0.01      0.00         0
20:10:04            0       192      0.00      0.01      0.00         0
20:20:04            0       192      0.00      0.00      0.00         0
20:30:02            0       191      0.00      0.00      0.00         0
20:40:04            0       192      0.00      0.01      0.00         0
20:50:04            0       192      0.00      0.02      0.00         0
21:00:04            0       192      0.00      0.02      0.00         0
21:10:02            0       191      0.00      0.00      0.00         0
21:20:04            0       193      0.03      0.02      0.00         0
21:30:04            0       193      0.00      0.00      0.00         0
21:40:04            0       193      0.00      0.00      0.00         0
21:50:00            0       195      0.05      0.01      0.00         0
22:00:04            1       191      0.00      0.00      0.00         0
22:10:02            1       192      0.00      0.01      0.00         0
22:20:04            0       192      0.03      0.02      0.00         0
22:30:04            1       192      0.00      0.00      0.00         0
22:40:04            0       192      0.00      0.00      0.00         0
22:50:02            0       192      0.02      0.01      0.00         0
23:00:04            0       192      0.00      0.00      0.00         0
23:10:04            0       192      0.00      0.00      0.00         0
23:20:04            0       191      0.00      0.00      0.00         0
23:30:02            0       193      0.00      0.00      0.00         0
23:40:04            0       191      0.00      0.00      0.00         0
23:50:04            0       192      0.03      0.01      0.00         0
Average:            0       192      0.20      0.18      0.17         0
### SAR_Q_SA28
Linux 6.8.0-138-generic (pgain-nuc) 	08/28/26 	_x86_64_	(4 CPU)

00:00:04      runq-sz  plist-sz   ldavg-1   ldavg-5  ldavg-15   blocked
00:10:02            0       192      0.00      0.00      0.00         0
00:20:04            0       193      0.00      0.00      0.00         0
00:30:04            0       192      0.00      0.00      0.00         0
00:40:04            0       192      0.02      0.01      0.00         0
00:50:02            1       191      0.00      0.00      0.00         0
01:00:04            2       203      1.96      1.10      0.46         0
01:10:04            0       191      0.00      0.31      0.40         1
01:20:04            0       192      0.00      0.04      0.20         0
01:30:02            1       192      0.00      0.00      0.08         0
01:40:04            0       191      0.00      0.00      0.02         0
01:50:02            0       193      0.00      0.00      0.00         0
02:00:04            0       192      0.04      0.01      0.00         0
02:10:04            0       192      0.00      0.00      0.00         0
02:20:04            0       192      0.00      0.00      0.00         0
02:30:02            0       192      0.00      0.00      0.00         0
02:40:04            2       192      0.00      0.00      0.00         0
02:50:04            0       193      0.00      0.00      0.00         0
03:00:04            0       192      0.00      0.00      0.00         0
03:10:02            0       193      0.01      0.02      0.00         0
03:20:04            0       196      0.04      0.01      0.00         0
03:30:04            0       192      0.00      0.00      0.00         0
03:40:04            1       192      0.00      0.01      0.00         0
03:50:04            0       192      0.00      0.00      0.00         0
04:00:04            0       192      0.01      0.00      0.00         0
04:10:04            0       192      0.00      0.00      0.00         0
04:20:04            0       192      0.00      0.00      0.00         0
04:30:04            0       191      0.06      0.05      0.01         0
04:40:04            0       192      0.14      0.08      0.01         0
04:50:04            0       192      0.13      0.08      0.02         0
05:00:04            0       192      0.07      0.04      0.00         0
05:10:04            0       192      0.00      0.02      0.00         0
05:20:04            0       192      0.05      0.02      0.00         0
05:30:04            0       192      0.04      0.02      0.00         0
05:40:04            0       191      0.07      0.04      0.00         0
05:50:04            0       192      0.00      0.04      0.00         0
06:00:04            1       194      0.08      0.09      0.02         0
06:10:04            0       192      0.00      0.03      0.02         0
06:20:04            0       192      0.00      0.01      0.00         0
06:30:04            0       192      0.17      0.07      0.02         0
06:40:04            0       192      0.02      0.05      0.00         0
06:50:04            0       192      0.10      0.07      0.01         0
07:00:04            0       192      0.01      0.04      0.00         0
07:10:04            0       192      0.09      0.05      0.00         0
07:20:04            0       191      0.00      0.04      0.00         0
07:30:04            0       191      0.02      0.03      0.00         0
07:40:04            0       193      0.01      0.02      0.00         0
07:50:04            0       193      0.00      0.00      0.00         0
08:00:04            0       193      0.07      0.04      0.00         0
08:10:04            0       191      0.00      0.00      0.00         0
08:20:04            0       192      0.04      0.04      0.00         0
08:30:02            0       193      0.05      0.05      0.01         0
08:40:04            0       193      0.00      0.00      0.00         0
08:50:04            0       191      0.04      0.01      0.00         0
09:00:04            0       193      0.01      0.02      0.00         0
09:10:02            0       193      0.04      0.05      0.00         0
09:20:04            0       192      0.03      0.06      0.01         0
09:30:04            0       192      0.04      0.05      0.00         0
09:40:03            0       192      0.00      0.02      0.00         0
09:50:02            0       192      0.06      0.04      0.00         0
10:00:04            0       192      0.01      0.02      0.00         0
10:10:04            0       191      0.00      0.02      0.00         0
10:20:04            0       192      0.00      0.00      0.00         0
10:30:04            0       192      0.01      0.02      0.00         0
10:40:04            0       191      0.00      0.00      0.00         0
10:50:04            0       191      0.00      0.02      0.00         0
11:00:04            0       192      0.06      0.02      0.00         0
11:10:04            0       192      0.06      0.04      0.00         0
11:20:04            0       192      0.08      0.05      0.01         0
11:30:04            1       199      0.21      0.08      0.01         0
11:40:04            0       196      0.11      0.07      0.01         0
11:50:04            0       192      0.02      0.08      0.02         0
12:00:04            0       192      0.00      0.00      0.00         0
12:10:04            1       194      0.00      0.00      0.00         0
12:20:04            0       192      0.00      0.00      0.00         0
12:30:04            0       192      0.09      0.04      0.01         0
12:40:04            0       192      0.06      0.07      0.01         0
12:50:04            0       192      0.06      0.03      0.00         0
13:00:04            0       191      0.01      0.03      0.00         0
13:10:04            0       193      0.10      0.06      0.01         0
13:20:04            0       193      0.07      0.04      0.00         0
13:30:04            0       192      0.06      0.03      0.00         0
13:40:04            0       196      0.09      0.05      0.00         0
13:50:04            0       195      0.07      0.05      0.01         0
14:00:04            0       198      0.14      0.06      0.01         0
14:10:04            1       192      0.02      0.02      0.00         0
14:20:02            0       192      0.09      0.05      0.01         0
14:30:04            0       192      0.00      0.00      0.00         0
14:40:04            0       194      0.00      0.00      0.00         0
14:50:04            0       193      0.04      0.02      0.00         0
15:00:04            0       192      0.07      0.04      0.00         0
15:10:04            0       192      0.00      0.00      0.00         0
15:20:04            0       191      0.00      0.02      0.00         0
15:30:04            0       194      0.06      0.03      0.00         0
15:40:04            0       192      0.11      0.04      0.01         0
15:50:04            0       193      0.03      0.03      0.00         0
16:00:04            0       192      0.11      0.04      0.01         0
16:10:04            0       192      0.08      0.04      0.00         0
16:20:04            0       198      0.08      0.09      0.02         0
16:30:04            0       194      0.04      0.05      0.00         0
16:40:02            0       194      0.14      0.06      0.01         0
16:50:04            0       194      0.04      0.06      0.01         0
17:00:04            0       193      0.01      0.05      0.00         0
17:10:04            0       194      0.00      0.02      0.00         0
17:20:04            0       194      0.08      0.04      0.00         0
17:30:02            0       195      0.00      0.02      0.00         0
17:40:04            0       194      0.09      0.07      0.01         0
17:50:04            0       194      0.04      0.03      0.00         0
18:00:04            0       194      0.02      0.04      0.00         0
18:10:02            0       198      0.04      0.05      0.00         0
18:20:04            0       194      0.04      0.06      0.00         0
18:30:04            0       194      0.08      0.05      0.01         0
18:40:04            0       194      0.00      0.02      0.00         0
18:50:02            0       194      0.02      0.04      0.00         0
19:00:04            0       196      0.18      0.07      0.01         0
19:10:04            0       194      0.00      0.03      0.00         0
19:20:04            0       194      0.00      0.02      0.00         0
19:30:02            1       194      0.04      0.06      0.01         0
19:40:04            0       194      0.02      0.02      0.00         0
19:50:04            0       195      0.01      0.03      0.00         0
20:00:04            0       194      0.06      0.04      0.00         0
20:10:02            1       203      1.04      0.39      0.13         0
20:20:04            0       194      0.03      0.08      0.08         0
20:30:02            0       193      0.00      0.02      0.04         0
20:40:04            0       195      0.00      0.01      0.01         0
20:50:04            0       194      0.03      0.06      0.01         0
21:00:04            0       193      0.03      0.05      0.00         0
21:10:02            0       194      0.07      0.05      0.00         0
21:20:04            0       194      0.05      0.05      0.00         0
21:30:04            0       194      0.07      0.03      0.00         0
21:40:04            0       194      0.14      0.06      0.01         0
21:50:02            0       196      0.01      0.04      0.00         0
22:00:04            0       194      0.00      0.02      0.00         0
22:10:04            0       194      0.04      0.02      0.00         0
22:20:04            0       194      0.00      0.02      0.00         0
22:30:02            0       194      0.04      0.01      0.00         0
22:40:04            0       193      0.00      0.03      0.00         0
22:50:04            0       194      0.06      0.05      0.01         0
23:00:04            0       194      0.05      0.03      0.00         0
23:10:04            0       193      0.01      0.02      0.00         0
23:20:04            0       194      0.00      0.00      0.00         0
23:30:04            0       194      0.01      0.02      0.00         0
23:40:04            0       195      0.17      0.09      0.03         0
23:50:04            0       200      0.08      0.06      0.01         0
Average:            0       193      0.06      0.04      0.01         0
### SAR_Q_SA29
Linux 6.8.0-138-generic (pgain-nuc) 	08/29/26 	_x86_64_	(4 CPU)

00:00:04      runq-sz  plist-sz   ldavg-1   ldavg-5  ldavg-15   blocked
00:10:02            0       201      0.04      0.03      0.00         0
00:20:04            0       196      0.10      0.05      0.01         0
00:30:03            0       195      0.07      0.03      0.00         0
00:40:04            0       196      0.00      0.01      0.00         0
00:50:02            0       192      0.07      0.06      0.01         0
01:00:04            0       193      0.00      0.02      0.00         0
01:10:04            0       191      0.01      0.03      0.00         0
01:20:04            0       191      0.05      0.03      0.00         0
01:30:04            0       192      0.36      0.13      0.03         0
01:40:04            0       192      0.07      0.06      0.01         0
01:50:04            0       191      0.00      0.00      0.00         0
02:00:04            0       194      0.09      0.04      0.01         0
02:10:04            0       192      0.05      0.05      0.00         0
Average:            0       194      0.07      0.04      0.01         0
### SAR_Q_SA30
Linux 6.8.0-138-generic (pgain-nuc) 	08/30/26 	_x86_64_	(4 CPU)

00:32:34     LINUX RESTART	(4 CPU)

00:40:05      runq-sz  plist-sz   ldavg-1   ldavg-5  ldavg-15   blocked
00:50:05            0       189      0.01      0.04      0.05         0
01:00:05            0       193      0.00      0.01      0.01         0
01:10:05            0       190      0.00      0.00      0.00         0
01:20:05            0       191      0.00      0.00      0.00         0
01:30:05            0       190      0.00      0.00      0.00         0
01:40:05            0       191      0.00      0.00      0.00         0
01:50:05            0       191      0.08      0.03      0.01         0
02:00:05            0       192      0.01      0.02      0.00         0
02:10:05            0       192      0.00      0.00      0.00         0
02:20:03            0       191      0.00      0.00      0.00         0
02:30:05            0       199      0.00      0.01      0.00         0
02:40:03            0       197      0.00      0.01      0.00         0
02:50:01            0       199      0.00      0.00      0.00         0
03:00:05            0       198      0.00      0.00      0.00         0
03:10:01            0       198      0.00      0.00      0.00         0
03:20:05            0       199      0.02      0.02      0.00         0
03:30:00            0       199      0.04      0.01      0.00         0
03:40:05            0       197      0.02      0.04      0.00         0
03:50:05            0       198      0.05      0.03      0.00         0
04:00:05            0       197      0.00      0.01      0.00         0
04:10:00            0       198      0.11      0.05      0.01         0
04:20:05            0       198      0.06      0.09      0.02         0
04:30:05            0       197      0.00      0.00      0.00         0
04:40:05            0       198      0.00      0.00      0.00         0
04:50:05            0       198      0.04      0.01      0.00         0
05:00:05            0       197      0.02      0.01      0.00         0
05:10:05            0       199      0.00      0.00      0.00         0
05:20:05            0       196      0.00      0.00      0.00         0
05:30:05            0       198      0.01      0.02      0.00         0
05:40:05            0       199      0.00      0.02      0.00         0
05:50:00            0       200      0.09      0.03      0.01         0
06:00:05            1       205      0.92      0.71      0.36         0
06:10:00            1       206      1.00      0.99      0.69         0
06:20:05            2       209      2.06      1.93      1.36         0
06:30:05            0       199      0.00      0.36      0.81         0
06:40:05            0       197      0.00      0.05      0.41         0
06:50:05            0       200      0.01      0.01      0.20         0
07:00:05            0       198      0.29      0.10      0.12         0
07:10:05            0       198      0.05      0.04      0.07         0
07:20:05            0       202      0.00      0.00      0.02         0
07:30:05            0       199      0.00      0.00      0.00         0
07:40:05            0       198      0.01      0.01      0.00         0
07:50:05            0       198      0.00      0.00      0.00         0
08:00:05            1       198      0.02      0.02      0.00         0
08:10:05            0       202      0.05      0.08      0.03         0
08:20:05            0       201      0.00      0.00      0.00         0
08:30:03            0       193      0.00      0.00      0.00         0
08:40:05            0       200      0.00      0.00      0.00         0
08:50:05            0       198      0.00      0.00      0.00         0
09:00:00            0       199      0.00      0.00      0.00         0
09:10:04            0       193      0.00      0.00      0.00         0
09:20:05            0       196      0.01      0.02      0.00         0
09:30:05            0       199      0.00      0.00      0.00         0
09:40:05            0       198      0.00      0.00      0.00         0
09:50:05            0       196      0.09      0.03      0.00         0
10:00:03            0       199      0.00      0.00      0.00         0
10:10:03            1       203      0.94      0.44      0.17         0
10:20:05            1       202      1.03      0.97      0.61         0
10:30:05            1       201      1.00      1.00      0.82         0
10:40:05            0       192      0.20      0.72      0.82         0
10:50:03            0       193      0.00      0.09      0.41         0
11:00:05            0       192      0.00      0.00      0.19         0
11:10:05            0       193      0.00      0.00      0.08         1
11:20:05            0       193      0.00      0.00      0.03         0
11:30:03            0       192      0.01      0.01      0.00         0
11:40:05            1       193      0.00      0.00      0.00         0
11:50:05            0       192      0.00      0.00      0.00         0
12:00:05            0       191      0.00      0.00      0.00         0
12:10:03            0       192      0.00      0.01      0.00         0
12:20:05            0       192      0.02      0.02      0.00         0
12:30:03            0       192      0.00      0.00      0.00         0
12:40:05            0       192      0.00      0.00      0.00         0
12:50:05            0       191      0.02      0.01      0.00         0
13:00:05            0       192      0.00      0.00      0.00         0
13:10:03            0       191      0.00      0.01      0.00         0
13:20:05            0       194      0.00      0.00      0.00         0
13:30:05            0       195      0.36      0.47      0.21         0
13:40:05            1       192      0.00      0.07      0.11         0
13:50:03            0       192      0.03      0.03      0.06         0
14:00:05            0       192      0.00      0.00      0.00         0
14:10:01            0       192      0.05      0.01      0.00         0
14:20:05            0       193      0.00      0.00      0.00         0
14:30:03            0       192      0.00      0.00      0.00         0
14:40:05            0       193      0.00      0.00      0.00         0
14:50:05            0       195      0.05      0.01      0.00         0
15:00:05            0       195      0.15      0.17      0.10         0
15:10:03            3       206      2.97      2.22      1.15         0
15:20:00            0       199      0.00      0.46      0.78         0
15:30:05            0       193      0.01      0.08      0.41         0
15:40:05            0       193      0.00      0.01      0.20         0
15:50:05            0       192      0.00      0.00      0.08         0
16:00:05            1       192      0.00      0.00      0.02         0
16:10:03            1       192      0.00      0.00      0.00         0
16:20:05            0       193      0.00      0.00      0.00         0
16:30:05            0       191      0.01      0.02      0.00         0
16:40:03            0       192      0.04      0.01      0.00         0
16:50:03            0       191      0.00      0.00      0.00         0
17:00:05            0       193      0.00      0.00      0.00         0
17:10:05            0       194      0.00      0.00      0.00         0
17:20:05            0       191      0.00      0.02      0.00         0
17:30:03            0       193      0.01      0.02      0.00         0
17:40:05            0       192      0.00      0.00      0.00         0
17:50:05            0       191      0.00      0.00      0.00         0
18:00:05            0       192      0.00      0.00      0.00         0
18:10:05            0       192      0.00      0.00      0.00         0
18:20:05            0       191      0.00      0.02      0.00         0
18:30:05            0       192      0.00      0.00      0.00         0
18:40:02            0       191      0.03      0.01      0.00         0
18:50:05            0       191      0.00      0.00      0.00         0
19:00:05            0       191      0.00      0.00      0.00         0
19:10:05            0       193      0.00      0.00      0.00         0
19:20:05            0       191      0.00      0.00      0.00         0
19:30:05            0       192      0.00      0.00      0.00         0
19:40:05            0       191      0.00      0.01      0.00         0
19:50:05            0       193      0.01      0.00      0.00         0
20:00:05            0       194      0.00      0.00      0.00         0
20:10:05            0       196      0.09      0.04      0.01         0
20:20:05            0       191      0.00      0.00      0.00         0
20:30:05            0       192      0.00      0.00      0.00         0
20:40:05            0       192      0.00      0.00      0.00         0
20:50:05            0       192      0.00      0.00      0.00         0
21:00:05            0       192      0.00      0.00      0.00         0
21:10:05            0       192      0.12      0.03      0.01         0
21:20:05            0       192      0.00      0.00      0.00         0
21:30:05            0       191      0.00      0.00      0.00         0
21:40:05            0       192      0.04      0.05      0.01         0
21:50:05            0       191      0.01      0.00      0.00         0
22:00:05            0       193      0.01      0.01      0.00         0
22:10:05            0       192      0.00      0.00      0.00         0
22:20:05            0       192      0.00      0.00      0.00         0
22:30:05            0       192      0.11      0.03      0.01         0
22:40:05            0       191      0.00      0.00      0.00         0
22:50:05            0       192      0.00      0.00      0.00         0
23:00:05            0       191      0.00      0.00      0.00         0
23:10:05            0       191      0.00      0.00      0.00         0
23:20:05            0       191      0.00      0.00      0.00         0
23:30:05            0       191      0.00      0.00      0.00         0
23:40:05            0       191      0.04      0.01      0.00         0
23:50:05            0       193      0.02      0.04      0.00         0
Average:            0       195      0.09      0.09      0.08         0
### SAR_Q_SA31
Linux 6.8.0-138-generic (pgain-nuc) 	08/31/26 	_x86_64_	(4 CPU)

00:00:05      runq-sz  plist-sz   ldavg-1   ldavg-5  ldavg-15   blocked
00:10:05            0       196      0.13      0.10      0.03         0
00:20:05            0       194      0.00      0.00      0.00         0
00:30:04            0       192      0.00      0.00      0.00         0
00:40:05            0       194      0.01      0.00      0.00         0
00:50:05            0       192      0.00      0.00      0.00         0
01:00:03            0       192      0.00      0.00      0.00         0
01:10:05            0       191      0.00      0.00      0.00         0
01:20:05            0       192      0.00      0.00      0.00         0
01:30:05            0       192      0.01      0.00      0.00         0
01:40:03            0       192      0.00      0.00      0.00         0
01:50:05            0       192      0.00      0.00      0.00         0
02:00:05            0       193      0.00      0.00      0.00         0
02:10:05            0       192      0.01      0.01      0.00         0
02:20:05            0       192      0.02      0.01      0.00         0
02:30:05            0       193      0.00      0.00      0.00         0
02:40:03            0       191      0.00      0.00      0.00         0
02:50:05            0       192      0.00      0.00      0.00         0
03:00:05            0       192      0.00      0.00      0.00         0
03:10:01            0       193      0.00      0.00      0.00         0
03:20:03            0       192      0.00      0.00      0.00         0
03:30:05            0       192      0.01      0.00      0.00         0
03:40:05            0       191      0.00      0.01      0.00         0
03:50:05            1       193      0.01      0.00      0.00         0
04:00:03            0       193      0.00      0.00      0.00         0
04:10:05            0       192      0.00      0.00      0.00         0
04:20:02            0       192      0.00      0.00      0.00         0
04:30:05            0       192      0.00      0.00      0.00         0
04:40:03            0       191      0.00      0.00      0.00         0
04:50:05            0       193      0.05      0.02      0.00         0
05:00:05            0       192      0.00      0.00      0.00         0
05:10:05            1       198      0.00      0.00      0.00         0
05:20:03            0       192      0.05      0.02      0.00         0
05:30:05            0       191      0.00      0.00      0.00         0
05:40:03            0       192      0.08      0.02      0.01         0
05:50:05            0       192      0.00      0.00      0.00         0
06:00:05            0       193      0.00      0.00      0.00         0
06:10:05            0       191      0.00      0.00      0.00         0
06:20:03            0       192      0.00      0.00      0.00         0
06:30:05            0       192      0.00      0.00      0.00         0
06:40:05            0       191      0.00      0.00      0.00         0
06:50:05            0       191      0.00      0.00      0.00         0
07:00:05            0       193      0.00      0.00      0.00         0
07:10:05            0       192      0.00      0.00      0.00         0
07:20:05            0       192      0.09      0.03      0.01         0
07:30:05            0       192      0.00      0.00      0.00         0
07:40:05            1       192      0.00      0.00      0.00         0
07:50:03            0       193      0.07      0.02      0.00         0
08:00:05            1       192      0.00      0.00      0.00         0
08:10:05            0       191      0.04      0.01      0.00         0
08:20:05            1       192      0.00      0.00      0.00         0
08:30:03            1       192      0.16      0.03      0.01         0
08:40:05            0       192      0.00      0.00      0.00         0
08:50:05            0       192      0.00      0.00      0.00         0
09:00:05            0       192      0.00      0.00      0.00         0
09:10:05            1       193      0.00      0.00      0.00         0
09:20:05            0       195      0.17      0.07      0.01         0
09:30:05            0       192      0.00      0.00      0.00         0
09:40:05            0       194      0.00      0.00      0.00         0
09:50:05            0       193      0.06      0.02      0.00         0
10:00:05            0       192      0.00      0.00      0.00         0
10:10:05            0       191      0.00      0.00      0.00         0
10:20:05            0       192      0.00      0.00      0.00         0
10:30:05            0       191      0.02      0.01      0.00         0
10:40:05            0       191      0.00      0.00      0.00         0
10:50:05            0       193      0.00      0.00      0.00         0
11:00:05            1       191      0.15      0.03      0.01         0
11:10:05            0       191      0.00      0.00      0.00         0
11:20:05            0       192      0.00      0.00      0.00         0
11:30:05            1       191      0.00      0.00      0.00         0
11:40:00            0       191      0.00      0.00      0.00         0
11:50:05            0       193      0.00      0.00      0.00         0
12:00:05            0       191      0.05      0.03      0.00         0
12:10:05            1       192      0.01      0.02      0.00         0
12:20:05            0       192      0.00      0.00      0.00         0
12:30:05            0       192      0.04      0.02      0.00         0
12:40:05            0       191      0.08      0.03      0.00         0
12:50:05            2       194      0.11      0.05      0.01         0
13:00:05            0       193      0.00      0.01      0.00         0
13:10:05            0       191      0.03      0.02      0.00         0
13:20:01            0       199      0.02      0.03      0.00         0
13:30:05            0       191      0.00      0.00      0.00         0
13:40:05            0       193      0.00      0.00      0.00         0
13:50:05            0       192      0.00      0.00      0.00         0
14:00:05            0       192      0.00      0.01      0.00         0
14:10:05            0       191      0.00      0.00      0.00         0
14:20:05            0       191      0.02      0.01      0.00         0
14:30:05            0       191      0.00      0.00      0.00         0
14:40:05            0       192      0.00      0.00      0.00         0
14:50:05            0       193      0.00      0.00      0.00         0
15:00:05            0       192      0.00      0.01      0.00         0
15:10:05            0       192      0.00      0.00      0.00         0
15:20:05            0       191      0.00      0.00      0.00         0
15:30:05            0       193      0.00      0.00      0.00         0
15:40:05            0       192      0.00      0.00      0.00         0
15:50:05            0       192      0.00      0.00      0.00         0
16:00:03            0       191      0.00      0.01      0.00         0
16:10:05            0       192      0.00      0.00      0.00         0
16:20:05            0       192      0.04      0.01      0.00         0
Average:            0       192      0.02      0.01      0.00         0
### SAR_SWAPSPACE_SA01
Linux 6.8.0-138-generic (pgain-nuc) 	09/01/26 	_x86_64_	(4 CPU)

05:33:33     LINUX RESTART	(4 CPU)

05:40:12    kbswpfree kbswpused  %swpused  kbswpcad   %swpcad
05:50:01      4194300         0      0.00         0      0.00
06:00:02      4194300         0      0.00         0      0.00
06:10:02      4194300         0      0.00         0      0.00
06:20:01      4194300         0      0.00         0      0.00
06:30:24      4194300         0      0.00         0      0.00
06:40:22      4194300         0      0.00         0      0.00
06:50:01      4194300         0      0.00         0      0.00
07:00:12      4194300         0      0.00         0      0.00
07:10:24      4194300         0      0.00         0      0.00
07:20:01      4194300         0      0.00         0      0.00
07:30:02      4194300         0      0.00         0      0.00
07:40:20      4194300         0      0.00         0      0.00
07:50:01      4194300         0      0.00         0      0.00
08:00:17      4194300         0      0.00         0      0.00
08:10:02      4194300         0      0.00         0      0.00
08:20:01      4194300         0      0.00         0      0.00
08:30:12      4194300         0      0.00         0      0.00
08:40:24      4194300         0      0.00         0      0.00
08:50:01      4194300         0      0.00         0      0.00
09:00:24      4194300         0      0.00         0      0.00
09:10:02      4194300         0      0.00         0      0.00
09:20:01      4194300         0      0.00         0      0.00
09:30:24      4194300         0      0.00         0      0.00
09:40:24      4194300         0      0.00         0      0.00
09:50:01      4194300         0      0.00         0      0.00
10:00:24      4194300         0      0.00         0      0.00
10:10:12      4194300         0      0.00         0      0.00
10:20:02      4194300         0      0.00         0      0.00
10:30:02      4194300         0      0.00         0      0.00
10:40:24      4194300         0      0.00         0      0.00
10:50:02      4194300         0      0.00         0      0.00
11:00:24      4194300         0      0.00         0      0.00
11:10:02      4194300         0      0.00         0      0.00
11:20:02      4194300         0      0.00         0      0.00
11:30:12      4194300         0      0.00         0      0.00
11:40:24      4194300         0      0.00         0      0.00
11:50:00      4194300         0      0.00         0      0.00
12:00:24      4194300         0      0.00         0      0.00
12:10:12      4194300         0      0.00         0      0.00
12:20:02      4194300         0      0.00         0      0.00
12:30:12      4194300         0      0.00         0      0.00
12:40:24      4194300         0      0.00         0      0.00
12:50:02      4194300         0      0.00         0      0.00
13:00:24      4194300         0      0.00         0      0.00
13:10:12      4194300         0      0.00         0      0.00
13:20:02      4194300         0      0.00         0      0.00
13:30:02      4194300         0      0.00         0      0.00
13:40:24      4194300         0      0.00         0      0.00
13:50:00      4194300         0      0.00         0      0.00
14:00:24      4194300         0      0.00         0      0.00
14:10:22      4194300         0      0.00         0      0.00
14:20:00      4194300         0      0.00         0      0.00
14:30:12      4194300         0      0.00         0      0.00
14:40:24      4194300         0      0.00         0      0.00
14:50:00      4194300         0      0.00         0      0.00
15:00:24      4194300         0      0.00         0      0.00
15:10:12      4194300         0      0.00         0      0.00
15:20:00      4194300         0      0.00         0      0.00
15:30:22      4194300         0      0.00         0      0.00
15:40:24      4194300         0      0.00         0      0.00
15:50:00      4194300         0      0.00         0      0.00
16:00:24      4194300         0      0.00         0      0.00
16:10:12      4194300         0      0.00         0      0.00
16:20:00      4194300         0      0.00         0      0.00
16:30:22      4194300         0      0.00         0      0.00
16:40:24      4194300         0      0.00         0      0.00
16:50:00      4194300         0      0.00         0      0.00
17:00:24      4194300         0      0.00         0      0.00
17:10:22      4194300         0      0.00         0      0.00
17:20:00      4194300         0      0.00         0      0.00
17:30:12      4194300         0      0.00         0      0.00
17:40:24      4194300         0      0.00         0      0.00
17:50:00      4194300         0      0.00         0      0.00
18:00:24      4194300         0      0.00         0      0.00
18:10:24      4194300         0      0.00         0      0.00
18:20:00      4194300         0      0.00         0      0.00
Average:      4194300         0      0.00         0      0.00
### SAR_SWAPSPACE_SA03
Linux 6.8.0-138-generic (pgain-nuc) 	09/03/26 	_x86_64_	(4 CPU)

09:37:18     LINUX RESTART	(4 CPU)

09:40:29    kbswpfree kbswpused  %swpused  kbswpcad   %swpcad
09:50:19      4194300         0      0.00         0      0.00
10:00:05      4194300         0      0.00         0      0.00
10:10:29      4194300         0      0.00         0      0.00
10:20:29      4194300         0      0.00         0      0.00
10:30:20      4194300         0      0.00         0      0.00
10:40:29      4194300         0      0.00         0      0.00
10:50:02      4194300         0      0.00         0      0.00
11:00:20      4194300         0      0.00         0      0.00
11:10:29      4194300         0      0.00         0      0.00
11:20:07      4194300         0      0.00         0      0.00
11:30:24      4194300         0      0.00         0      0.00
11:40:04      4194300         0      0.00         0      0.00
11:50:07      4194300         0      0.00         0      0.00
12:00:19      4194300         0      0.00         0      0.00
12:10:29      4194300         0      0.00         0      0.00
12:20:07      4194300         0      0.00         0      0.00
12:30:11      4194300         0      0.00         0      0.00
12:40:19      4194300         0      0.00         0      0.00
12:50:08      4194300         0      0.00         0      0.00
13:00:20      4194300         0      0.00         0      0.00
13:10:29      4194300         0      0.00         0      0.00
13:20:08      4194300         0      0.00         0      0.00
13:30:29      4194300         0      0.00         0      0.00
13:40:11      4194300         0      0.00         0      0.00
13:50:29      4194300         0      0.00         0      0.00
14:00:29      4194300         0      0.00         0      0.00
14:10:29      4194300         0      0.00         0      0.00
14:20:08      4194300         0      0.00         0      0.00
14:30:07      4194300         0      0.00         0      0.00
14:40:29      4194300         0      0.00         0      0.00
14:50:29      4194300         0      0.00         0      0.00
15:00:20      4194300         0      0.00         0      0.00
15:10:29      4194300         0      0.00         0      0.00
15:20:29      4194300         0      0.00         0      0.00
15:30:20      4194300         0      0.00         0      0.00
15:40:29      4194300         0      0.00         0      0.00
15:50:29      4194300         0      0.00         0      0.00
16:00:20      4194300         0      0.00         0      0.00
16:10:09      4194300         0      0.00         0      0.00
16:20:04      4194300         0      0.00         0      0.00
16:30:05      4194300         0      0.00         0      0.00
16:40:19      4194300         0      0.00         0      0.00
16:50:09      4194300         0      0.00         0      0.00
17:00:20      4194300         0      0.00         0      0.00
17:10:29      4194300         0      0.00         0      0.00
17:20:17      4194300         0      0.00         0      0.00
17:30:09      4194300         0      0.00         0      0.00
17:40:29      4194300         0      0.00         0      0.00
17:50:09      4194300         0      0.00         0      0.00
18:00:20      4194300         0      0.00         0      0.00
18:10:29      4194300         0      0.00         0      0.00
18:20:29      4194300         0      0.00         0      0.00
18:30:09      4194300         0      0.00         0      0.00
18:40:29      4194300         0      0.00         0      0.00
18:50:29      4194300         0      0.00         0      0.00
19:00:12      4194300         0      0.00         0      0.00
19:10:09      4194300         0      0.00         0      0.00
19:20:29      4194300         0      0.00         0      0.00
19:30:20      4194300         0      0.00         0      0.00
19:40:29      4194300         0      0.00         0      0.00
19:50:09      4194300         0      0.00         0      0.00
20:00:20      4194300         0      0.00         0      0.00
20:10:19      4194300         0      0.00         0      0.00
20:20:29      4194300         0      0.00         0      0.00
20:30:09      4194300         0      0.00         0      0.00
20:40:29      4194300         0      0.00         0      0.00
20:50:19      4194300         0      0.00         0      0.00
21:00:20      4194300         0      0.00         0      0.00
21:10:09      4194300         0      0.00         0      0.00
21:20:29      4194300         0      0.00         0      0.00
21:30:09      4194300         0      0.00         0      0.00
21:40:26      4194300         0      0.00         0      0.00
21:50:19      4194300         0      0.00         0      0.00
22:00:20      4194300         0      0.00         0      0.00
22:10:09      4194300         0      0.00         0      0.00
22:20:24      4194300         0      0.00         0      0.00
22:30:19      4194300         0      0.00         0      0.00
22:40:29      4194300         0      0.00         0      0.00
22:50:09      4194300         0      0.00         0      0.00
23:00:20      4194300         0      0.00         0      0.00
23:10:19      4194300         0      0.00         0      0.00
23:20:29      4194300         0      0.00         0      0.00
23:30:09      4194300         0      0.00         0      0.00
23:40:29      4194300         0      0.00         0      0.00
23:50:09      4194300         0      0.00         0      0.00
Average:      4194300         0      0.00         0      0.00
### SAR_SWAPSPACE_SA04
Linux 6.8.0-138-generic (pgain-nuc) 	09/04/26 	_x86_64_	(4 CPU)

00:00:20    kbswpfree kbswpused  %swpused  kbswpcad   %swpcad
00:10:15      4194300         0      0.00         0      0.00
00:20:29      4194300         0      0.00         0      0.00
00:30:19      4194300         0      0.00         0      0.00
00:40:17      4194300         0      0.00         0      0.00
00:50:19      4194300         0      0.00         0      0.00
01:00:20      4194300         0      0.00         0      0.00
01:10:09      4194300         0      0.00         0      0.00
01:20:09      4194300         0      0.00         0      0.00
Average:      4194300         0      0.00         0      0.00
### SAR_SWAPSPACE_SA27
Linux 6.8.0-138-generic (pgain-nuc) 	08/27/26 	_x86_64_	(4 CPU)

00:00:21    kbswpfree kbswpused  %swpused  kbswpcad   %swpcad
00:10:21      4153516     40784      0.97      2724      6.68
00:20:21      4153516     40784      0.97      2724      6.68
00:30:16      4153516     40784      0.97      2724      6.68
00:40:21      4153516     40784      0.97      2720      6.67
00:50:06      4153516     40784      0.97      2724      6.68
01:00:21      4153516     40784      0.97      2724      6.68
01:10:21      4153516     40784      0.97      2724      6.68
01:20:16      4153516     40784      0.97      2724      6.68
01:30:21      4153516     40784      0.97      2724      6.68
01:40:07      4153516     40784      0.97      2724      6.68
01:50:07      4153516     40784      0.97      2724      6.68
02:00:16      4153516     40784      0.97      2724      6.68
02:10:21      4153516     40784      0.97      2724      6.68
02:20:07      4154028     40272      0.96      2732      6.78
02:30:21      4154028     40272      0.96      2732      6.78
02:40:21      4154028     40272      0.96      2732      6.78
02:50:07      4154028     40272      0.96      2732      6.78
03:00:21      4154028     40272      0.96      2732      6.78
03:10:21      4154028     40272      0.96      2736      6.79
03:20:07      4154028     40272      0.96      2740      6.80
03:30:21      4154028     40272      0.96      2740      6.80
03:40:21      4154028     40272      0.96      2740      6.80
03:50:07      4154028     40272      0.96      2740      6.80
04:00:21      4154028     40272      0.96      2740      6.80
04:10:21      4154028     40272      0.96      2740      6.80
04:20:07      4154028     40272      0.96      2744      6.81
04:30:21      4154028     40272      0.96      2744      6.81
04:40:21      4154028     40272      0.96      2744      6.81
Average:      4153790     40510      0.97      2731      6.74

11:50:53     LINUX RESTART	(4 CPU)

12:00:04    kbswpfree kbswpused  %swpused  kbswpcad   %swpcad
12:10:04      4194300         0      0.00         0      0.00
12:20:04      4194300         0      0.00         0      0.00
12:30:04      4194300         0      0.00         0      0.00
12:40:04      4194300         0      0.00         0      0.00
12:50:04      4194300         0      0.00         0      0.00
13:00:04      4194300         0      0.00         0      0.00
13:10:04      4194300         0      0.00         0      0.00
13:20:04      4194300         0      0.00         0      0.00
13:30:03      4194044       256      0.01         4      1.56
13:40:04      4194044       256      0.01         4      1.56
13:50:04      4194044       256      0.01         4      1.56
14:00:02      4194044       256      0.01         4      1.56
14:10:04      4194044       256      0.01         4      1.56
14:20:04      4194044       256      0.01         4      1.56
14:30:04      4194044       256      0.01         4      1.56
14:40:04      4194044       256      0.01         4      1.56
14:50:04      4194044       256      0.01         4      1.56
15:00:04      4194044       256      0.01         4      1.56
15:10:04      4194044       256      0.01         4      1.56
15:20:04      4194044       256      0.01         4      1.56
15:30:04      4194044       256      0.01         4      1.56
15:40:04      4194044       256      0.01         4      1.56
15:50:04      4194044       256      0.01         4      1.56
16:00:04      4194044       256      0.01         4      1.56
16:10:04      4194044       256      0.01         4      1.56
16:20:04      4194044       256      0.01         4      1.56
16:30:04      4097020     97280      2.32       756      0.78
16:40:04      3167740   1026560     24.48     21880      2.13
16:50:04      3168764   1025536     24.45     22144      2.16
17:00:04      3169020   1025280     24.44     22168      2.16
17:10:04      3169276   1025024     24.44     22220      2.17
17:20:04      3169788   1024512     24.43     22292      2.18
17:30:04      3169788   1024512     24.43     22340      2.18
17:40:04      3170556   1023744     24.41     22464      2.19
17:50:04      3171068   1023232     24.40     22624      2.21
18:00:04      3171068   1023232     24.40     22632      2.21
18:10:02      3171836   1022464     24.38     22752      2.23
18:20:04      3172092   1022208     24.37     22844      2.23
18:30:04      3172348   1021952     24.37     22820      2.23
18:40:04      3172604   1021696     24.36     22828      2.23
18:50:04      3172860   1021440     24.35     22944      2.25
19:00:04      3173116   1021184     24.35     22964      2.25
19:10:04      3173116   1021184     24.35     22968      2.25
19:20:04      3173372   1020928     24.34     36332      3.56
19:30:04      3127804   1066496     25.43     37208      3.49
19:40:04      3128060   1066240     25.42     37224      3.49
19:50:02      3128060   1066240     25.42     37208      3.49
20:00:04      3128060   1066240     25.42     37212      3.49
20:10:04      3128060   1066240     25.42     37216      3.49
20:20:04      3128060   1066240     25.42     37472      3.51
20:30:02      3128060   1066240     25.42     37468      3.51
20:40:04      3128060   1066240     25.42     37472      3.51
20:50:04      3128060   1066240     25.42     37452      3.51
21:00:04      3128060   1066240     25.42     37452      3.51
21:10:02      3128060   1066240     25.42     37452      3.51
21:20:04      2865916   1328384     31.67     37728      2.84
21:30:04      2865916   1328384     31.67     37708      2.84
21:40:04      2865916   1328384     31.67     37728      2.84
21:50:00      2865916   1328384     31.67     37720      2.84
22:00:04      2865916   1328384     31.67     37708      2.84
22:10:02      2865916   1328384     31.67     37704      2.84
22:20:04      2865916   1328384     31.67     37732      2.84
22:30:04      2865916   1328384     31.67     37736      2.84
22:40:04      2865916   1328384     31.67     37740      2.84
22:50:02      2865916   1328384     31.67     37740      2.84
23:00:04      2865916   1328384     31.67     37740      2.84
23:10:04      2865916   1328384     31.67     37748      2.84
23:20:04      2865916   1328384     31.67     37728      2.84
23:30:02      2865916   1328384     31.67     37744      2.84
23:40:04      2865916   1328384     31.67     37748      2.84
23:50:04      2866172   1328128     31.67     37868      2.85
Average:      3483323    710977     16.95     19897      2.80
### SAR_SWAPSPACE_SA28
Linux 6.8.0-138-generic (pgain-nuc) 	08/28/26 	_x86_64_	(4 CPU)

00:00:04    kbswpfree kbswpused  %swpused  kbswpcad   %swpcad
00:10:02      2866172   1328128     31.67     37884      2.85
00:20:04      2866172   1328128     31.67     37904      2.85
00:30:04      2866172   1328128     31.67     37900      2.85
00:40:04      2866172   1328128     31.67     37900      2.85
00:50:02      2866172   1328128     31.67     37916      2.85
01:00:04      2866172   1328128     31.67     37936      2.86
01:10:04      2866172   1328128     31.67     38004      2.86
01:20:04      2866172   1328128     31.67     38004      2.86
01:30:02      2866172   1328128     31.67     38020      2.86
01:40:04      2866172   1328128     31.67     38020      2.86
01:50:02      2866172   1328128     31.67     37988      2.86
02:00:04      2866172   1328128     31.67     37984      2.86
02:10:04      2866172   1328128     31.67     37988      2.86
02:20:04      2866172   1328128     31.67     37968      2.86
02:30:02      2866172   1328128     31.67     37976      2.86
02:40:04      2866172   1328128     31.67     37988      2.86
02:50:04      2866172   1328128     31.67     37992      2.86
03:00:04      2866172   1328128     31.67     37988      2.86
03:10:02      2866172   1328128     31.67     37984      2.86
03:20:04      2866172   1328128     31.67     37992      2.86
03:30:04      2866172   1328128     31.67     37992      2.86
03:40:04      2866172   1328128     31.67     37996      2.86
03:50:04      2866172   1328128     31.67     37996      2.86
04:00:04      2866172   1328128     31.67     38004      2.86
04:10:04      2866172   1328128     31.67     38004      2.86
04:20:04      2866172   1328128     31.67     37992      2.86
04:30:04      2866172   1328128     31.67     37992      2.86
04:40:04      2866172   1328128     31.67     38004      2.86
04:50:04      2866172   1328128     31.67     37996      2.86
05:00:04      2866428   1327872     31.66     38048      2.87
05:10:04      2866684   1327616     31.65     38040      2.87
05:20:04      2866684   1327616     31.65     38032      2.86
05:30:04      2866940   1327360     31.65     38052      2.87
05:40:04      2866940   1327360     31.65     38052      2.87
05:50:04      2866940   1327360     31.65     38052      2.87
06:00:04      2866940   1327360     31.65     38060      2.87
06:10:04      2640124   1554176     37.05     33404      2.15
06:20:04      2640124   1554176     37.05     33404      2.15
06:30:04      2640124   1554176     37.05     33404      2.15
06:40:04      2640124   1554176     37.05     33404      2.15
06:50:04      2640124   1554176     37.05     33408      2.15
07:00:04      2640124   1554176     37.05     33408      2.15
07:10:04      2640124   1554176     37.05     33408      2.15
07:20:04      2640124   1554176     37.05     33412      2.15
07:30:04      2640124   1554176     37.05     33416      2.15
07:40:04      2640124   1554176     37.05     33416      2.15
07:50:04      2640124   1554176     37.05     33424      2.15
08:00:04      2640124   1554176     37.05     33424      2.15
08:10:04      2640124   1554176     37.05     33424      2.15
08:20:04      2640380   1553920     37.05     33428      2.15
08:30:02      2640380   1553920     37.05     33428      2.15
08:40:04      2640380   1553920     37.05     33428      2.15
08:50:04      2640380   1553920     37.05     33428      2.15
09:00:04      2640380   1553920     37.05     33428      2.15
09:10:02      2640380   1553920     37.05     33428      2.15
09:20:04      2640380   1553920     37.05     33420      2.15
09:30:04      2640380   1553920     37.05     33420      2.15
09:40:03      2640380   1553920     37.05     33420      2.15
09:50:02      2640380   1553920     37.05     33420      2.15
10:00:04      2640380   1553920     37.05     33420      2.15
10:10:04      2640380   1553920     37.05     33420      2.15
10:20:04      2640380   1553920     37.05     33420      2.15
10:30:04      2640380   1553920     37.05     33420      2.15
10:40:04      2640380   1553920     37.05     33420      2.15
10:50:04      2640380   1553920     37.05     33420      2.15
11:00:04      2640380   1553920     37.05     33424      2.15
11:10:04      2640380   1553920     37.05     33424      2.15
11:20:04      2640380   1553920     37.05     33424      2.15
11:30:04      2640380   1553920     37.05     33424      2.15
11:40:04      2640380   1553920     37.05     33420      2.15
11:50:04      2640380   1553920     37.05     33420      2.15
12:00:04      2640380   1553920     37.05     33440      2.15
12:10:04      2640380   1553920     37.05     33440      2.15
12:20:04      2640380   1553920     37.05     33440      2.15
12:30:04      2640380   1553920     37.05     33440      2.15
12:40:04      2640380   1553920     37.05     33440      2.15
12:50:04      2564860   1629440     38.85     33556      2.06
13:00:04      2564860   1629440     38.85     33556      2.06
13:10:04      2564860   1629440     38.85     33556      2.06
13:20:04      2564860   1629440     38.85     33556      2.06
13:30:04      2564860   1629440     38.85     33556      2.06
13:40:04      2564860   1629440     38.85     33560      2.06
13:50:04      2564860   1629440     38.85     33560      2.06
14:00:04      2462716   1731584     41.28     33464      1.93
14:10:04      2462716   1731584     41.28     33464      1.93
14:20:02      2462716   1731584     41.28     33464      1.93
14:30:04      2462716   1731584     41.28     33464      1.93
14:40:04      2462716   1731584     41.28     33464      1.93
14:50:04      2462716   1731584     41.28     33464      1.93
15:00:04      2462716   1731584     41.28     33464      1.93
15:10:04      2462716   1731584     41.28     33464      1.93
15:20:04      2462716   1731584     41.28     33464      1.93
15:30:04      2462716   1731584     41.28     33464      1.93
15:40:04      2462716   1731584     41.28     33464      1.93
15:50:04      2462716   1731584     41.28     33464      1.93
16:00:04      2462716   1731584     41.28     33464      1.93
16:10:04      2462716   1731584     41.28     33460      1.93
16:20:04      2461436   1732864     41.31     34564      1.99
16:30:04      2461436   1732864     41.31     34564      1.99
16:40:02      2461436   1732864     41.31     34564      1.99
16:50:04      2461436   1732864     41.31     34564      1.99
17:00:04      2461436   1732864     41.31     34564      1.99
17:10:04      2461436   1732864     41.31     34568      1.99
17:20:04      2461436   1732864     41.31     34568      1.99
17:30:02      2461436   1732864     41.31     34568      1.99
17:40:04      2461436   1732864     41.31     34560      1.99
17:50:04      2461436   1732864     41.31     34560      1.99
18:00:04      2461436   1732864     41.31     34560      1.99
18:10:02      2328572   1865728     44.48     34504      1.85
18:20:04      2328572   1865728     44.48     34504      1.85
18:30:04      2328572   1865728     44.48     34504      1.85
18:40:04      2328572   1865728     44.48     34504      1.85
18:50:02      2328572   1865728     44.48     34504      1.85
19:00:04      2328572   1865728     44.48     34504      1.85
19:10:04      2328572   1865728     44.48     34504      1.85
19:20:04      2328572   1865728     44.48     34504      1.85
19:30:02      2328572   1865728     44.48     34508      1.85
19:40:04      2196988   1997312     47.62     34848      1.74
19:50:04      2064636   2129664     50.78     34980      1.64
20:00:04      2064636   2129664     50.78     34980      1.64
20:10:02      2064636   2129664     50.78     34980      1.64
20:20:04      2064636   2129664     50.78     34980      1.64
20:30:02      2064636   2129664     50.78     34980      1.64
20:40:04      2064636   2129664     50.78     34980      1.64
20:50:04      2064636   2129664     50.78     34980      1.64
21:00:04      2064636   2129664     50.78     34980      1.64
21:10:02      2064636   2129664     50.78     34980      1.64
21:20:04      2064636   2129664     50.78     34980      1.64
21:30:04      2064636   2129664     50.78     34980      1.64
21:40:04      1986556   2207744     52.64     34020      1.54
21:50:02      1986556   2207744     52.64     34028      1.54
22:00:04      1986556   2207744     52.64     34028      1.54
22:10:04      1986556   2207744     52.64     34028      1.54
22:20:04      1986556   2207744     52.64     34028      1.54
22:30:02      1986556   2207744     52.64     34028      1.54
22:40:04      1986556   2207744     52.64     34028      1.54
22:50:04      1986556   2207744     52.64     34028      1.54
23:00:04      1986556   2207744     52.64     34028      1.54
23:10:04      1986556   2207744     52.64     34028      1.54
23:20:04      1986556   2207744     52.64     34028      1.54
23:30:04      1986556   2207744     52.64     34028      1.54
23:40:04      1986556   2207744     52.64     34028      1.54
23:50:04      1986556   2207744     52.64     33844      1.53
Average:      2531351   1662949     39.65     34926      2.10
### SAR_SWAPSPACE_SA29
Linux 6.8.0-138-generic (pgain-nuc) 	08/29/26 	_x86_64_	(4 CPU)

00:00:04    kbswpfree kbswpused  %swpused  kbswpcad   %swpcad
00:10:02      1986556   2207744     52.64     33844      1.53
00:20:04      1986556   2207744     52.64     33844      1.53
00:30:03      1986556   2207744     52.64     33844      1.53
00:40:04      1983484   2210816     52.71     33956      1.54
00:50:02      1983484   2210816     52.71     33956      1.54
01:00:04      1983484   2210816     52.71     33956      1.54
01:10:04      1983484   2210816     52.71     33956      1.54
01:20:04      1983484   2210816     52.71     33956      1.54
01:30:04      1983484   2210816     52.71     33956      1.54
01:40:04      1983484   2210816     52.71     33956      1.54
01:50:04      1983484   2210816     52.71     33956      1.54
02:00:04      1940988   2253312     53.72     33868      1.50
02:10:04      1940988   2253312     53.72     33868      1.50
Average:      1977655   2216645     52.85     33917      1.53
### SAR_SWAPSPACE_SA30
Linux 6.8.0-138-generic (pgain-nuc) 	08/30/26 	_x86_64_	(4 CPU)

00:32:34     LINUX RESTART	(4 CPU)

00:40:05    kbswpfree kbswpused  %swpused  kbswpcad   %swpcad
00:50:05      4194300         0      0.00         0      0.00
01:00:05      4194300         0      0.00         0      0.00
01:10:05      4194300         0      0.00         0      0.00
01:20:05      4194300         0      0.00         0      0.00
01:30:05      4194300         0      0.00         0      0.00
01:40:05      4194300         0      0.00         0      0.00
01:50:05      4194300         0      0.00         0      0.00
02:00:05      4194300         0      0.00         0      0.00
02:10:05      4194300         0      0.00         0      0.00
02:20:03      4194300         0      0.00         0      0.00
02:30:05      4194300         0      0.00         0      0.00
02:40:03      4194300         0      0.00         0      0.00
02:50:01      4194300         0      0.00         0      0.00
03:00:05      4194300         0      0.00         0      0.00
03:10:01      4194300         0      0.00         0      0.00
03:20:05      4194300         0      0.00         0      0.00
03:30:00      4194300         0      0.00         0      0.00
03:40:05      4194300         0      0.00         0      0.00
03:50:05      4194300         0      0.00         0      0.00
04:00:05      4194300         0      0.00         0      0.00
04:10:00      4194300         0      0.00         0      0.00
04:20:05      4194300         0      0.00         0      0.00
04:30:05      4194300         0      0.00         0      0.00
04:40:05      4194300         0      0.00         0      0.00
04:50:05      4194300         0      0.00         0      0.00
05:00:05      4194300         0      0.00         0      0.00
05:10:05      4194300         0      0.00         0      0.00
05:20:05      4194300         0      0.00         0      0.00
05:30:05      4194300         0      0.00         0      0.00
05:40:05      4194300         0      0.00         0      0.00
05:50:00      4194300         0      0.00         0      0.00
06:00:05      4194300         0      0.00         0      0.00
06:10:00      4194300         0      0.00         0      0.00
06:20:05      4194300         0      0.00         0      0.00
06:30:05      4194300         0      0.00         0      0.00
06:40:05      4194300         0      0.00         0      0.00
06:50:05      4194300         0      0.00         0      0.00
07:00:05      4194300         0      0.00         0      0.00
07:10:05      4194300         0      0.00         0      0.00
07:20:05      4194300         0      0.00         0      0.00
07:30:05      4194300         0      0.00         0      0.00
07:40:05      4194300         0      0.00         0      0.00
07:50:05      4194300         0      0.00         0      0.00
08:00:05      4194300         0      0.00         0      0.00
08:10:05      4194300         0      0.00         0      0.00
08:20:05      4194300         0      0.00         0      0.00
08:30:03      4194300         0      0.00         0      0.00
08:40:05      4194300         0      0.00         0      0.00
08:50:05      4194300         0      0.00         0      0.00
09:00:00      4194300         0      0.00         0      0.00
09:10:04      4194300         0      0.00         0      0.00
09:20:05      4194300         0      0.00         0      0.00
09:30:05      4194300         0      0.00         0      0.00
09:40:05      4194300         0      0.00         0      0.00
09:50:05      4194300         0      0.00         0      0.00
10:00:03      4194300         0      0.00         0      0.00
10:10:03      4194300         0      0.00         0      0.00
10:20:05      4194300         0      0.00         0      0.00
10:30:05      4194300         0      0.00         0      0.00
10:40:05      4194300         0      0.00         0      0.00
10:50:03      4194300         0      0.00         0      0.00
11:00:05      4194300         0      0.00         0      0.00
11:10:05      4194300         0      0.00         0      0.00
11:20:05      4194300         0      0.00         0      0.00
11:30:03      4194300         0      0.00         0      0.00
11:40:05      4194300         0      0.00         0      0.00
11:50:05      4194300         0      0.00         0      0.00
12:00:05      4194300         0      0.00         0      0.00
12:10:03      4194300         0      0.00         0      0.00
12:20:05      4194300         0      0.00         0      0.00
12:30:03      4194300         0      0.00         0      0.00
12:40:05      4194300         0      0.00         0      0.00
12:50:05      4194300         0      0.00         0      0.00
13:00:05      4194300         0      0.00         0      0.00
13:10:03      4194300         0      0.00         0      0.00
13:20:05      4194300         0      0.00         0      0.00
13:30:05      4193532       768      0.02         4      0.52
13:40:05      4193532       768      0.02         4      0.52
13:50:03      4193532       768      0.02         4      0.52
14:00:05      4193532       768      0.02         4      0.52
14:10:01      4193532       768      0.02         4      0.52
14:20:05      4193532       768      0.02         4      0.52
14:30:03      4193532       768      0.02         4      0.52
14:40:05      4193532       768      0.02         4      0.52
14:50:05      4193532       768      0.02         4      0.52
15:00:05      4193532       768      0.02         4      0.52
15:10:03      4186876      7424      0.18      1504     20.26
15:20:00      4186876      7424      0.18      1468     19.77
15:30:05      4186876      7424      0.18      1468     19.77
15:40:05      4186876      7424      0.18      1468     19.77
15:50:05      4186876      7424      0.18      1468     19.77
16:00:05      4186876      7424      0.18      1468     19.77
16:10:03      4186876      7424      0.18      1468     19.77
16:20:05      4186876      7424      0.18      1468     19.77
16:30:05      4186876      7424      0.18      1468     19.77
16:40:03      4186876      7424      0.18      1468     19.77
16:50:03      4186876      7424      0.18      1468     19.77
17:00:05      4186876      7424      0.18      1520     20.47
17:10:05      4186876      7424      0.18      1520     20.47
17:20:05      4186876      7424      0.18      1520     20.47
17:30:03      4186876      7424      0.18      1520     20.47
17:40:05      4186876      7424      0.18      1520     20.47
17:50:05      4186876      7424      0.18      1520     20.47
18:00:05      4186876      7424      0.18      1520     20.47
18:10:05      4186876      7424      0.18      1520     20.47
18:20:05      4186876      7424      0.18      1520     20.47
18:30:05      4186876      7424      0.18      1520     20.47
18:40:02      4186876      7424      0.18      1520     20.47
18:50:05      4186876      7424      0.18      1520     20.47
19:00:05      4186876      7424      0.18      1520     20.47
19:10:05      4186876      7424      0.18      1520     20.47
19:20:05      4186876      7424      0.18      1520     20.47
19:30:05      4186876      7424      0.18      1520     20.47
19:40:05      4186876      7424      0.18      1520     20.47
19:50:05      4186876      7424      0.18      1520     20.47
20:00:05      4186876      7424      0.18      1520     20.47
20:10:05      4186876      7424      0.18      1520     20.47
20:20:05      4186876      7424      0.18      1520     20.47
20:30:05      4186876      7424      0.18      1520     20.47
20:40:05      4186876      7424      0.18      1520     20.47
20:50:05      4186876      7424      0.18      1520     20.47
21:00:05      4186876      7424      0.18      1520     20.47
21:10:05      4186876      7424      0.18      1520     20.47
21:20:05      4186876      7424      0.18      1520     20.47
21:30:05      4186876      7424      0.18      1520     20.47
21:40:05      4186876      7424      0.18      1520     20.47
21:50:05      4186876      7424      0.18      1520     20.47
22:00:05      4186876      7424      0.18      1520     20.47
22:10:05      4186876      7424      0.18      1520     20.47
22:20:05      4186876      7424      0.18      1520     20.47
22:30:05      4186876      7424      0.18      1520     20.47
22:40:05      4186876      7424      0.18      1520     20.47
22:50:05      4186876      7424      0.18      1520     20.47
23:00:05      4186876      7424      0.18      1520     20.47
23:10:05      4186876      7424      0.18      1520     20.47
23:20:05      4186876      7424      0.18      1520     20.47
23:30:05      4186876      7424      0.18      1520     20.47
23:40:05      4186876      7424      0.18      1520     20.47
23:50:05      4186876      7424      0.18      1520     20.47
Average:      4191414      2886      0.07       576     19.96
### SAR_SWAPSPACE_SA31
Linux 6.8.0-138-generic (pgain-nuc) 	08/31/26 	_x86_64_	(4 CPU)

00:00:05    kbswpfree kbswpused  %swpused  kbswpcad   %swpcad
00:10:05      4186876      7424      0.18      1520     20.47
00:20:05      4186876      7424      0.18      1516     20.42
00:30:04      4186876      7424      0.18      1516     20.42
00:40:05      4186620      7680      0.18      1492     19.43
00:50:05      4186620      7680      0.18      1504     19.58
01:00:03      4186620      7680      0.18      1504     19.58
01:10:05      4186620      7680      0.18      1504     19.58
01:20:05      4186620      7680      0.18      1504     19.58
01:30:05      4186620      7680      0.18      1504     19.58
01:40:03      4186620      7680      0.18      1504     19.58
01:50:05      4186620      7680      0.18      1504     19.58
02:00:05      4120572     73728      1.76      1964      2.66
02:10:05      4120572     73728      1.76      1964      2.66
02:20:05      4120572     73728      1.76      1964      2.66
02:30:05      4120572     73728      1.76      1964      2.66
02:40:03      4120572     73728      1.76      1964      2.66
02:50:05      4120572     73728      1.76      1964      2.66
03:00:05      4120572     73728      1.76      1964      2.66
03:10:01      4120572     73728      1.76      1964      2.66
03:20:03      4120572     73728      1.76      1964      2.66
03:30:05      4120572     73728      1.76      1964      2.66
03:40:05      4120572     73728      1.76      1964      2.66
03:50:05      4120572     73728      1.76      1964      2.66
04:00:03      3905532    288768      6.88      6760      2.34
04:10:05      3905532    288768      6.88      6760      2.34
04:20:02      3905532    288768      6.88      6760      2.34
04:30:05      3905532    288768      6.88      6760      2.34
04:40:03      3905532    288768      6.88      6760      2.34
04:50:05      3905532    288768      6.88      6800      2.35
05:00:05      3905532    288768      6.88      6752      2.34
05:10:05      3905532    288768      6.88      6752      2.34
05:20:03      3905532    288768      6.88      6752      2.34
05:30:05      3905532    288768      6.88      6752      2.34
05:40:03      3905532    288768      6.88      6752      2.34
05:50:05      3905532    288768      6.88      6752      2.34
06:00:05      3905532    288768      6.88      6752      2.34
06:10:05      3905532    288768      6.88      6752      2.34
06:20:03      3905532    288768      6.88      6752      2.34
06:30:05      3905532    288768      6.88      6772      2.35
06:40:05      3905532    288768      6.88      6772      2.35
06:50:05      3905532    288768      6.88      6772      2.35
07:00:05      3905532    288768      6.88      6772      2.35
07:10:05      3905532    288768      6.88      6772      2.35
07:20:05      3905532    288768      6.88      6772      2.35
07:30:05      3905532    288768      6.88      6772      2.35
07:40:05      3905532    288768      6.88      6772      2.35
07:50:03      3905532    288768      6.88      6772      2.35
08:00:05      3905532    288768      6.88      6772      2.35
08:10:05      3905532    288768      6.88      6772      2.35
08:20:05      3905532    288768      6.88      6772      2.35
08:30:03      3905532    288768      6.88      6772      2.35
08:40:05      3905532    288768      6.88      6772      2.35
08:50:05      3905532    288768      6.88      6772      2.35
09:00:05      3905532    288768      6.88      6772      2.35
09:10:05      3905532    288768      6.88      6772      2.35
09:20:05      3905532    288768      6.88      6772      2.35
09:30:05      3905532    288768      6.88      6772      2.35
09:40:05      3905532    288768      6.88      6772      2.35
09:50:05      3905532    288768      6.88      6772      2.35
10:00:05      3905532    288768      6.88      6772      2.35
10:10:05      3905532    288768      6.88      6772      2.35
10:20:05      3905532    288768      6.88      6772      2.35
10:30:05      3905532    288768      6.88      6772      2.35
10:40:05      3905532    288768      6.88      6772      2.35
10:50:05      3905532    288768      6.88      6772      2.35
11:00:05      3905532    288768      6.88      6772      2.35
11:10:05      3905532    288768      6.88      6772      2.35
11:20:05      3905532    288768      6.88      6772      2.35
11:30:05      3905532    288768      6.88      6772      2.35
11:40:00      3905532    288768      6.88      6772      2.35
11:50:05      3905532    288768      6.88      6772      2.35
12:00:05      3905532    288768      6.88      6772      2.35
12:10:05      3905532    288768      6.88      6772      2.35
12:20:05      3905532    288768      6.88      6772      2.35
12:30:05      3905532    288768      6.88      6772      2.35
12:40:05      3905532    288768      6.88      6772      2.35
12:50:05      3905532    288768      6.88      6772      2.35
13:00:05      3905532    288768      6.88      6772      2.35
13:10:05      3905532    288768      6.88      6772      2.35
13:20:01      3905532    288768      6.88      6772      2.35
13:30:05      3809020    385280      9.19      4376      1.14
13:40:05      3809020    385280      9.19      4376      1.14
13:50:05      3789308    404992      9.66      4316      1.07
14:00:05      3789308    404992      9.66      4316      1.07
14:10:05      3789308    404992      9.66      4316      1.07
14:20:05      3789308    404992      9.66      4316      1.07
14:30:05      3789308    404992      9.66      4316      1.07
14:40:05      3789308    404992      9.66      4316      1.07
14:50:05      3789308    404992      9.66      4316      1.07
15:00:05      3789308    404992      9.66      4316      1.07
15:10:05      3789308    404992      9.66      4316      1.07
15:20:05      3789308    404992      9.66      4316      1.07
15:30:05      3789308    404992      9.66      4316      1.07
15:40:05      3789308    404992      9.66      4316      1.07
15:50:05      3789308    404992      9.66      4316      1.07
16:00:03      3789308    404992      9.66      4316      1.07
16:10:05      3789308    404992      9.66      4316      1.07
16:20:05      3789308    404992      9.66      4316      1.07
Average:      3942477    251823      6.00      5140      2.04
### SAR_IO_SA01
Linux 6.8.0-138-generic (pgain-nuc) 	09/01/26 	_x86_64_	(4 CPU)

05:33:33     LINUX RESTART	(4 CPU)

05:40:12          tps      rtps      wtps      dtps   bread/s   bwrtn/s   bdscd/s
05:50:01         5.55      2.31      3.25      0.00    240.99     36.77      0.00
06:00:02         4.55      1.15      3.40      0.00    110.06     91.45      0.00
06:10:02         2.95      0.02      2.93      0.00      0.32     30.49      0.00
06:20:01         2.96      0.02      2.95      0.00      0.23     30.34      0.00
06:30:24         2.96      0.04      2.92      0.00      0.58     30.61      0.00
06:40:22         3.20      0.11      3.09      0.00      5.65     32.54      0.00
06:50:01         3.08      0.01      3.07      0.00      0.22     31.65      0.00
07:00:12         3.09      0.03      3.06      0.00      0.72     32.00      0.00
07:10:24         2.96      0.02      2.94      0.00      0.37     30.55      0.00
07:20:01         3.04      0.01      3.03      0.00      0.28     31.57      0.00
07:30:02         3.06      0.02      3.04      0.00      0.35     31.51      0.00
07:40:20         2.93      0.02      2.91      0.00      0.36     30.64      0.00
07:50:01         3.05      0.01      3.04      0.00      0.33     31.69      0.00
08:00:17         3.14      0.02      3.12      0.00      0.86     32.71      0.00
08:10:02         3.05      0.03      3.01      0.00      0.82     31.42      0.00
08:20:01        18.16     13.85      4.31      0.00   2909.81     47.57      0.00
08:30:12         2.96      0.02      2.94      0.00      0.42     30.03      0.00
08:40:24         3.03      0.02      3.01      0.00      0.37     31.17      0.00
08:50:01         3.08      0.01      3.07      0.00      0.22     31.37      0.00
09:00:24         2.96      0.02      2.93      0.00      0.36     30.51      0.00
09:10:02         2.97      0.02      2.95      0.00      0.36     31.05      0.00
09:20:01         3.01      0.01      3.00      0.00      0.21     30.99      0.00
09:30:24         3.07      0.01      3.06      0.00      0.41     31.77      0.00
09:40:24         3.03      0.02      3.01      0.00      0.37     31.64      0.00
09:50:01         3.79      0.55      3.24      0.00     16.44     41.95      0.00
10:00:24         2.99      0.03      2.96      0.00      1.08     30.15      0.00
10:10:12         3.04      0.02      3.02      0.00      0.35     31.17      0.00
10:20:02         3.04      0.01      3.03      0.00      0.30     30.53      0.00
10:30:02         3.08      0.02      3.06      0.00      0.29     31.08      0.00
10:40:24         3.06      0.02      3.05      0.00      0.31     31.26      0.00
10:50:02         3.04      0.01      3.03      0.00      0.17     30.75      0.00
11:00:24         3.15      0.01      3.14      0.00      0.36     31.90      0.00
11:10:02         3.58      0.49      3.09      0.00     15.34     32.13      0.00
11:20:02         3.19      0.01      3.18      0.00      0.13     32.33      0.00
11:30:12         3.16      0.01      3.15      0.00      0.18     32.01      0.00
11:40:24         3.07      0.02      3.06      0.00      0.29     30.85      0.00
11:50:00         3.08      0.01      3.07      0.00      0.17     30.98      0.00
12:00:24         3.07      0.02      3.05      0.00      0.28     31.08      0.00
12:10:12         3.01      0.02      2.99      0.00      0.33     30.59      0.00
12:20:02         3.18      0.01      3.17      0.00      0.11     32.10      0.00
12:30:12         3.07      0.02      3.06      0.00      0.34     31.18      0.00
12:40:24         2.99      0.01      2.97      0.00      0.24     30.25      0.00
12:50:02         3.22      0.01      3.21      0.00      0.30     32.29      0.00
13:00:24         3.26      0.01      3.25      0.00      0.23     33.10      0.00
13:10:12         3.04      0.02      3.02      0.00      0.41     30.27      0.00
13:20:02         3.21      0.01      3.21      0.00      0.14     31.89      0.00
13:30:02         3.16      0.01      3.15      0.00      0.51     32.15      0.00
13:40:24         3.03      0.01      3.02      0.00      0.10     30.96      0.00
13:50:00         4.49      0.02      4.47      0.00      0.61     79.92      0.00
14:00:24        16.19      0.02     16.17      0.00      0.40    325.94      0.00
14:10:22        19.24      0.01     19.24      0.00      0.11    338.87      0.00
14:20:00        24.14      0.00     24.14      0.00      0.03    388.86      0.00
14:30:12        26.76      0.01     26.75      0.00      0.20    405.84      0.00
14:40:24        29.79      0.02     29.77      0.00      0.60    429.36      0.00
14:50:00        29.62      0.01     29.61      0.00      0.50    449.84      0.00
15:00:24        13.92      0.01     13.92      0.00      0.13    295.48      0.00
15:10:12        17.99      0.01     17.99      0.00      0.16    331.04      0.00
15:20:00        22.21      0.00     22.21      0.00      0.03    357.35      0.00
15:30:22        26.21      0.01     26.20      0.00      0.26    400.26      0.00
15:40:24        27.16      0.01     27.14      0.00      0.37    403.16      0.00
15:50:00        38.30      3.47     34.83      0.00    775.20   1448.29      0.00
16:00:24        18.94      0.00     18.93      0.00      0.08    351.77      0.00
16:10:12        15.95      0.00     15.94      0.00      0.05    309.01      0.00
16:20:00        21.25      0.00     21.25      0.00      0.05    357.12      0.00
16:30:22        25.07      0.01     25.06      0.00      0.18    398.96      0.00
16:40:24        26.91      0.01     26.89      0.00      0.32    403.81      0.00
16:50:00        30.99      0.01     30.98      0.00      0.19    454.57      0.00
17:00:24        20.72      0.01     20.71      0.00      0.15    369.77      0.00
17:10:22        16.31      0.01     16.31      0.00      0.11    309.63      0.00
17:20:00        19.07      0.01     19.06      0.00      0.14    335.60      0.00
17:30:12        23.58      0.02     23.56      0.00      0.37    381.32      0.00
17:40:24        26.85      0.00     26.85      0.00      0.03    412.39      0.00
17:50:00        29.20      0.00     29.20      0.00      0.03    423.99      0.00
18:00:24        26.39      0.00     26.38      0.00      0.08    414.31      0.00
18:10:24        15.21      0.01     15.20      0.00      0.16    309.33      0.00
18:20:00        18.98      0.00     18.98      0.00      0.06    346.64      0.00
Average:        10.50      0.30     10.20      0.00     53.36    168.18      0.00
### SAR_IO_SA03
Linux 6.8.0-138-generic (pgain-nuc) 	09/03/26 	_x86_64_	(4 CPU)

09:37:18     LINUX RESTART	(4 CPU)

09:40:29          tps      rtps      wtps      dtps   bread/s   bwrtn/s   bdscd/s
09:50:19         3.47      0.14      3.33      0.00      5.18     33.86      0.00
10:00:05         3.47      0.23      3.24      0.00      2.07     33.08      0.00
10:10:29         3.01      0.01      3.00      0.00      0.21     29.79      0.00
10:20:29         3.17      0.03      3.14      0.00      0.44     31.71      0.00
10:30:20        40.38     13.72     26.67      0.00    622.35   1064.51      0.00
10:40:29         3.22      0.01      3.21      0.00      0.21     31.76      0.00
10:50:02         3.21      0.03      3.18      0.00      0.47     32.04      0.00
11:00:20         3.13      0.03      3.11      0.00      0.41     31.18      0.00
11:10:29         3.20      0.01      3.18      0.00      0.26     31.72      0.00
11:20:07         3.35      0.03      3.32      0.00      0.50     33.18      0.00
11:30:24         3.42      0.03      3.39      0.00      0.75     33.75      0.00
11:40:04         3.28      0.01      3.26      0.00      0.19     31.96      0.00
11:50:07         3.17      0.03      3.14      0.00      0.42     31.33      0.00
12:00:19         3.18      0.02      3.17      0.00      0.39     31.87      0.00
12:10:29         3.26      0.01      3.24      0.00      0.26     31.83      0.00
12:20:07         3.34      0.02      3.32      0.00      0.50     33.46      0.00
12:30:11         3.32      0.03      3.29      0.00      1.06     33.00      0.00
12:40:19         3.32      0.01      3.30      0.00      0.50     32.43      0.00
12:50:08         3.23      0.03      3.21      0.00      0.52     31.91      0.00
13:00:20         3.34      0.02      3.32      0.00      0.31     33.51      0.00
13:10:29         3.26      0.00      3.25      0.00      0.08     31.98      0.00
13:20:08         3.32      0.02      3.30      0.00      0.25     32.94      0.00
13:30:29         3.22      0.03      3.19      0.00      0.46     31.28      0.00
13:40:11         3.11      0.01      3.10      0.00      0.08     30.40      0.00
13:50:29         3.23      0.01      3.22      0.00      0.28     31.33      0.00
14:00:29         3.25      0.02      3.23      0.00      0.24     31.68      0.00
14:10:29         3.22      0.00      3.22      0.00      0.05     30.99      0.00
14:20:08         3.31      0.02      3.30      0.00      0.30     32.79      0.00
14:30:07         3.20      0.02      3.19      0.00      0.37     31.49      0.00
14:40:29         3.71      0.45      3.26      0.00     14.67     32.84      0.00
14:50:29         8.42      0.02      8.39      0.00      0.43    162.39      0.00
15:00:20        17.30      0.02     17.28      0.00      0.35    318.37      0.00
15:10:29        20.59      0.01     20.57      0.00      0.21    353.98      0.00
15:20:29        23.55      0.02     23.53      0.00      0.45    375.25      0.00
15:30:20        26.61      0.02     26.59      0.00      0.54    407.42      0.00
15:40:29        28.76      0.01     28.76      0.00      0.11    422.46      0.00
15:50:29        22.21      0.02     22.19      0.00      0.88    371.91      0.00
16:00:20        14.76      0.01     14.75      0.00      0.16    305.49      0.00
16:10:09        19.01      0.00     19.01      0.00      0.03    340.14      0.00
16:20:04        22.91      0.01     22.89      0.00      0.22    371.95      0.00
16:30:05        25.78      0.02     25.77      0.00      0.43    396.65      0.00
16:40:19        28.03      0.00     28.03      0.00      0.05    422.57      0.00
16:50:09        27.37      0.02     27.35      0.00      0.49    414.73      0.00
17:00:20        16.01      0.01     16.00      0.00      0.21    308.87      0.00
17:10:29        19.64      0.01     19.63      0.00      0.38    334.76      0.00
17:20:17        28.10      4.97     23.14      0.00    990.71    385.80      0.00
17:30:09        24.33      0.02     24.30      0.00      0.51    386.72      0.00
17:40:29        26.88      0.01     26.88      0.00      0.10    403.46      0.00
17:50:09        31.32      0.01     31.31      0.00      0.30    441.74      0.00
18:00:20        14.50      0.02     14.48      0.00      0.42    323.88      0.00
18:10:29        17.57      0.01     17.56      0.00      0.18    322.04      0.00
18:20:29        27.13      2.18     24.95      0.00    473.27   1391.16      0.00
18:30:09        25.71      0.01     25.70      0.00      0.28    391.61      0.00
18:40:29        26.47      0.01     26.46      0.00      0.28    401.17      0.00
18:50:29        29.31      0.01     29.30      0.00      0.16    424.21      0.00
19:00:12        20.89      0.01     20.88      0.00      0.22    374.52      0.00
19:10:09        16.18      0.01     16.17      0.00      0.13    311.54      0.00
19:20:29        18.46      0.01     18.45      0.00      0.28    341.23      0.00
19:30:20        24.37      0.01     24.37      0.00      0.16    378.16      0.00
19:40:29        25.82      0.00     25.82      0.00      0.03    394.66      0.00
19:50:09        28.29      0.01     28.28      0.00      0.17    415.19      0.00
20:00:20        26.35      0.01     26.34      0.00      0.18    414.59      0.00
20:10:19        13.56      0.01     13.55      0.00      0.08    295.06      0.00
20:20:29        19.65      0.01     19.64      0.00      0.18    349.50      0.00
20:30:09        22.85      0.01     22.84      0.00      0.17    377.11      0.00
20:40:29        25.41      0.00     25.40      0.00      0.08    394.78      0.00
20:50:19        28.19      0.01     28.18      0.00      0.19    415.95      0.00
21:00:20        30.40      0.02     30.38      0.00      0.51    452.06      0.00
21:10:09        13.22      0.14     13.08      0.00      1.17    291.87      0.00
21:20:29        17.85      0.01     17.84      0.00      0.15    330.19      0.00
21:30:09        21.95      0.00     21.95      0.00      0.03    365.64      0.00
21:40:26        24.64      0.01     24.63      0.00      0.21    384.48      0.00
21:50:19        31.34      0.00     31.34      0.00      0.08    449.95      0.00
22:00:20        29.75      0.01     29.74      0.00      0.21    425.70      0.00
22:10:09        17.43      0.01     17.42      0.00      0.22    343.29      0.00
22:20:24        16.43      0.01     16.42      0.00      0.26    323.73      0.00
22:30:19        20.33      0.01     20.32      0.00      0.11    352.13      0.00
22:40:29        17.67      0.01     17.66      0.00      0.18    271.02      0.00
22:50:09        26.29      0.02     26.27      0.00      0.33    404.17      0.00
23:00:20        28.74      0.00     28.74      0.00      0.05    428.36      0.00
23:10:19        25.83      0.01     25.82      0.00      0.21    414.96      0.00
23:20:29        13.78      0.00     13.78      0.00      0.00    296.28      0.00
23:30:09        18.60      0.03     18.57      0.00      0.63    338.44      0.00
23:40:29        22.37      0.00     22.37      0.00      0.00    373.31      0.00
23:50:09        25.59      0.01     25.58      0.00      0.17    389.81      0.00
Average:        16.21      0.27     15.95      0.00     24.73    273.48      0.00
### SAR_IO_SA04
Linux 6.8.0-138-generic (pgain-nuc) 	09/04/26 	_x86_64_	(4 CPU)

00:00:20          tps      rtps      wtps      dtps   bread/s   bwrtn/s   bdscd/s
00:10:15        32.14      0.01     32.13      0.00      0.17    452.97      0.00
00:20:29        12.56      0.00     12.56      0.00      0.10    294.74      0.00
00:30:19        19.08      0.00     19.08      0.00      0.05    331.75      0.00
00:40:17        22.15      0.01     22.15      0.00      0.13    364.76      0.00
00:50:19        22.80      0.01     22.80      0.00      0.16    365.28      0.00
01:00:20        27.04      0.01     27.03      0.00      0.21    405.00      0.00
01:10:09        14.45      0.00     14.45      0.00      0.00    197.31      0.00
01:20:09         3.17      0.00      3.17      0.00      0.11     31.06      0.00
Average:        19.15      0.01     19.15      0.00      0.12    305.36      0.00
### SAR_IO_SA27
Linux 6.8.0-138-generic (pgain-nuc) 	08/27/26 	_x86_64_	(4 CPU)

00:00:21          tps      rtps      wtps      dtps   bread/s   bwrtn/s   bdscd/s
00:10:21         2.33      0.36      1.97      0.00     16.23     26.59      0.00
00:20:21         3.23      0.01      3.22      0.00      0.36     31.12      0.00
00:30:16         3.18      0.01      3.17      0.00      0.19     31.14      0.00
00:40:21         3.20      0.01      3.19      0.00      0.17     31.51      0.00
00:50:06         3.13      0.01      3.12      0.00      0.10     29.95      0.00
01:00:21         3.22      0.02      3.21      0.00      0.25     31.21      0.00
01:10:21         3.22      0.01      3.21      0.00      0.21     31.51      0.00
01:20:16         3.26      0.01      3.25      0.00      0.13     31.67      0.00
01:30:21         3.22      0.02      3.19      0.00      0.40     31.00      0.00
01:40:07         3.26      0.01      3.25      0.00      0.15     31.75      0.00
01:50:07        16.22      0.02     16.21      0.00      0.21    212.42      0.00
02:00:16        32.32      0.02     32.30      0.00      0.67    473.56      0.00
02:10:21        13.36      0.01     13.35      0.00      0.09    377.58      0.00
02:20:07        18.96      0.06     18.90      0.00      1.57    410.24      0.00
02:30:21        25.61      0.02     25.59      0.00      0.35    439.59      0.00
02:40:21        30.42      0.01     30.41      0.00      0.12    466.95      0.00
02:50:07        25.98      0.03     25.95      0.00      0.46    462.05      0.00
03:00:21        14.73      0.02     14.71      0.00      0.35    351.23      0.00
03:10:21        20.67      0.01     20.67      0.00      0.07    412.28      0.00
03:20:07        19.91      1.12     18.79      0.00     47.74    308.01      0.00
03:30:21        27.32      0.00     27.32      0.00      0.08    411.20      0.00
03:40:21        31.57      0.03     31.54      0.00      0.40    449.51      0.00
03:50:07        15.06      0.02     15.04      0.00      0.18    335.55      0.00
04:00:21        16.38      0.01     16.37      0.00      0.18    372.55      0.00
04:10:21        22.93      0.01     22.91      0.00      0.15    408.32      0.00
04:20:07        28.87      0.02     28.86      0.00      0.18    458.37      0.00
04:30:21        31.87      0.01     31.86      0.00      0.17    460.91      0.00
04:40:21        18.52      0.02     18.50      0.00      0.20    357.70      0.00
Average:        15.81      0.07     15.74      0.00      2.51    267.38      0.00

11:50:53     LINUX RESTART	(4 CPU)

12:00:04          tps      rtps      wtps      dtps   bread/s   bwrtn/s   bdscd/s
12:10:04         3.35      0.23      3.12      0.00      2.27     31.04      0.00
12:20:04         4.30      0.98      3.33      0.00    206.57     33.35      0.00
12:30:04         3.17      0.03      3.14      0.00      0.85     31.16      0.00
12:40:04         3.19      0.03      3.16      0.00      1.17     31.27      0.00
12:50:04         3.21      0.01      3.19      0.00      0.19     31.23      0.00
13:00:04         3.22      0.03      3.19      0.00      0.48     31.41      0.00
13:10:04         3.35      0.02      3.32      0.00      0.37     33.48      0.00
13:20:04       139.00    134.80      4.20      0.00  33831.44     47.36      0.00
13:30:03        62.75     59.41      3.34      0.00  14958.88     35.91      0.00
13:40:04        10.19      7.02      3.17      0.00   1763.81     34.11      0.00
13:50:04         8.67      5.60      3.06      0.00   1417.92     33.13      0.00
14:00:02         6.41      3.40      3.01      0.00    856.69     33.25      0.00
14:10:04         4.55      1.14      3.41      0.00    287.51     36.17      0.00
14:20:04         3.08      0.00      3.08      0.00      0.08     31.20      0.00
14:30:04         2.95      0.03      2.92      0.00      0.55     30.49      0.00
14:40:04         2.83      0.02      2.81      0.00      0.51     29.12      0.00
14:50:04         2.98      0.01      2.97      0.00      0.19     29.88      0.00
15:00:04         3.26      0.03      3.23      0.00      0.69     32.63      0.00
15:10:04         3.00      0.02      2.98      0.00      0.29     30.49      0.00
15:20:04         3.18      0.01      3.17      0.00      0.21     32.08      0.00
15:30:04         3.24      0.03      3.22      0.00      0.45     32.07      0.00
15:40:04         3.16      0.02      3.14      0.00      0.51     31.17      0.00
15:50:04         3.08      0.01      3.07      0.00      0.51     30.81      0.00
16:00:04         3.15      0.02      3.14      0.00      0.27     31.51      0.00
16:10:04         3.19      0.02      3.18      0.00      0.29     31.61      0.00
16:20:04         3.31      0.01      3.29      0.00      0.27     32.17      0.00
16:30:04        13.88      8.39      5.49      0.00   1791.85    370.31      0.00
16:40:04        45.65     28.60     17.05      0.00   4583.90   3197.44      0.00
16:50:04         4.42      1.02      3.40      0.00     38.33     33.57      0.00
17:00:04         3.27      0.11      3.16      0.00      3.59     31.21      0.00
17:10:04         3.22      0.10      3.11      0.00      3.16     31.25      0.00
17:20:04         3.45      0.13      3.32      0.00      2.92     32.69      0.00
17:30:04         3.37      0.10      3.28      0.00      2.25     32.67      0.00
17:40:04         3.32      0.11      3.21      0.00      2.13     31.91      0.00
17:50:04         2.35      0.26      2.09      0.00      5.65     22.13      0.00
18:00:04         2.30      0.91      1.39      0.00     44.01     15.35      0.00
18:10:02         2.97      0.12      2.85      0.00      2.66     28.72      0.00
18:20:04         3.44      0.05      3.38      0.00      1.59     33.72      0.00
18:30:04         3.29      0.06      3.23      0.00      1.91     31.73      0.00
18:40:04         3.37      0.14      3.23      0.00      3.97     32.07      0.00
18:50:04         2.76      0.06      2.70      0.00      1.28     27.57      0.00
19:00:04         3.27      0.04      3.23      0.00      1.03     31.63      0.00
19:10:04         3.22      0.01      3.21      0.00      0.53     30.92      0.00
19:20:04         7.58      3.88      3.70      0.00    469.11     38.41      0.00
19:30:04         5.22      0.95      4.27      0.00     28.99    246.72      0.00
19:40:04         2.98      0.01      2.98      0.00      0.17     28.45      0.00
19:50:02         3.07      0.02      3.05      0.00      0.31     29.43      0.00
20:00:04         3.11      0.02      3.09      0.00      0.39     29.79      0.00
20:10:04         3.15      0.01      3.14      0.00      0.28     29.93      0.00
20:20:04         3.38      0.16      3.21      0.00      5.53     31.07      0.00
20:30:02         3.08      0.01      3.06      0.00      0.27     29.87      0.00
20:40:04         3.19      0.00      3.19      0.00      0.07     30.32      0.00
20:50:04         3.04      0.01      3.03      0.00      0.17     29.20      0.00
21:00:04         3.09      0.01      3.08      0.00      0.24     29.85      0.00
21:10:02         3.14      0.01      3.13      0.00      0.19     30.04      0.00
21:20:04        16.09      4.86     11.23      0.00    968.44   1900.97      0.00
21:30:04         3.25      0.01      3.24      0.00      0.41     31.29      0.00
21:40:04         3.16      0.01      3.15      0.00      0.20     30.13      0.00
21:50:00         3.28      0.03      3.25      0.00      1.07     31.91      0.00
22:00:04         3.09      0.04      3.04      0.00      4.20     29.80      0.00
22:10:02         3.13      0.00      3.13      0.00      0.04     29.81      0.00
22:20:04         3.15      0.00      3.15      0.00      0.15     30.04      0.00
22:30:04         3.16      0.01      3.14      0.00      0.39     30.24      0.00
22:40:04         2.25      0.01      2.24      0.00      0.12     21.97      0.00
22:50:02         3.10      0.01      3.08      0.00      0.29     29.69      0.00
23:00:04         2.54      0.00      2.54      0.00      0.08     25.56      0.00
23:10:04         1.54      0.01      1.53      0.00      0.17     15.24      0.00
23:20:04         3.25      0.02      3.23      0.00      0.55     31.68      0.00
23:30:02         1.94      0.02      1.91      0.00      0.39     19.35      0.00
23:40:04         2.41      0.01      2.40      0.00      0.32     24.14      0.00
23:50:04         2.92      0.17      2.74      0.00      6.12     27.72      0.00
Average:         7.12      3.71      3.41      0.00    863.21    109.32      0.00
### SAR_IO_SA28
Linux 6.8.0-138-generic (pgain-nuc) 	08/28/26 	_x86_64_	(4 CPU)

00:00:04          tps      rtps      wtps      dtps   bread/s   bwrtn/s   bdscd/s
00:10:02         2.31      0.26      2.05      0.00      8.84     22.38      0.00
00:20:04         2.00      0.01      1.99      0.00      0.09     20.28      0.00
00:30:04         2.34      0.01      2.34      0.00      0.29     22.72      0.00
00:40:04         2.36      0.01      2.34      0.00      0.29     23.45      0.00
00:50:02         2.49      0.52      1.97      0.00     17.84     20.73      0.00
01:00:04         3.63      0.03      3.60      0.00      0.39     37.08      0.00
01:10:04         2.77      0.03      2.74      0.00      0.48     29.52      0.00
01:20:04         1.93      0.01      1.93      0.00      0.08     18.99      0.00
01:30:02         2.46      0.01      2.45      0.00      0.19     24.22      0.00
01:40:04         1.93      0.00      1.92      0.00      0.08     18.90      0.00
01:50:02         2.06      0.02      2.05      0.00      0.24     20.80      0.00
02:00:04         3.29      0.01      3.28      0.00      0.20     32.07      0.00
02:10:04         3.05      0.01      3.03      0.00      0.20     29.41      0.00
02:20:04         3.10      0.01      3.09      0.00      0.25     30.25      0.00
02:30:02         3.17      0.01      3.16      0.00      0.19     31.13      0.00
02:40:04         3.22      0.01      3.21      0.00      0.11     31.17      0.00
02:50:04         3.30      0.02      3.28      0.00      0.41     32.13      0.00
03:00:04         3.20      0.01      3.19      0.00      0.20     31.17      0.00
03:10:02         3.29      0.00      3.29      0.00      0.07     31.75      0.00
03:20:04         4.36      0.24      4.12      0.00     51.36     42.45      0.00
03:30:04         3.21      0.01      3.20      0.00      0.32     31.32      0.00
03:40:04         3.08      0.01      3.06      0.00      0.23     30.31      0.00
03:50:04         3.02      0.01      3.01      0.00      0.11     29.81      0.00
04:00:04         3.20      0.03      3.17      0.00      0.72     31.68      0.00
04:10:04         3.12      0.00      3.11      0.00      0.05     30.17      0.00
04:20:04         4.34      0.92      3.43      0.00     31.73     43.48      0.00
04:30:04        11.33      0.02     11.31      0.00      0.48    227.98      0.00
04:40:04        17.66      0.02     17.64      0.00      0.64    319.11      0.00
04:50:04        20.40      0.01     20.39      0.00      0.27    345.47      0.00
05:00:04        23.12      0.03     23.09      0.00      0.52    371.36      0.00
05:10:04        28.44      0.00     28.44      0.00      0.00    405.50      0.00
05:20:04        32.21      0.01     32.20      0.00      0.21    449.08      0.00
05:30:04        19.93      0.04     19.89      0.00      0.64    365.93      0.00
05:40:04        16.87      0.01     16.86      0.00      0.19    315.37      0.00
05:50:04        19.10      0.01     19.09      0.00      0.13    333.69      0.00
06:00:04        22.76      0.04     22.72      0.00      0.88    362.95      0.00
06:10:04        63.37     18.06     45.31      0.00   1095.58   2381.77      0.00
06:20:04        28.64      0.01     28.63      0.00      0.20    420.75      0.00
06:30:04        28.21      0.03     28.18      0.00      0.45    423.88      0.00
06:40:04        14.78      0.00     14.78      0.00      0.00    292.84      0.00
06:50:04        18.63      0.02     18.62      0.00      0.31    327.60      0.00
07:00:04        22.16      0.01     22.15      0.00      0.28    365.45      0.00
07:10:04        22.99      0.00     22.98      0.00      0.05    372.47      0.00
07:20:04        26.98      0.01     26.98      0.00      0.12    402.64      0.00
07:30:04        31.29      0.01     31.28      0.00      0.12    445.60      0.00
07:40:04         8.84      0.00      8.84      0.00      0.03    106.12      0.00
07:50:04         5.52      0.47      5.05      0.00     13.81     67.91      0.00
08:00:04        12.44      0.01     12.44      0.00      0.11    293.63      0.00
08:10:04        19.03      0.01     19.02      0.00      0.13    335.81      0.00
08:20:04        21.22      0.03     21.19      0.00      0.40    347.96      0.00
08:30:02        25.62      0.01     25.61      0.00      0.16    395.32      0.00
08:40:04        28.26      0.00     28.26      0.00      0.00    411.99      0.00
08:50:04        29.88      0.00     29.88      0.00      0.05    424.83      0.00
09:00:04        20.65      0.05     20.60      0.00      1.16    370.19      0.00
09:10:02        15.18      0.01     15.17      0.00      0.21    308.71      0.00
09:20:04        19.10      0.03     19.07      0.00      0.82    334.94      0.00
09:30:04        22.91      0.03     22.89      0.00      0.87    363.16      0.00
09:40:03        26.08      0.02     26.06      0.00      0.40    400.82      0.00
09:50:02        28.11      0.02     28.09      0.00      0.32    415.59      0.00
10:00:04        26.62      0.01     26.61      0.00      0.27    423.80      0.00
10:10:04        12.33      0.01     12.32      0.00      0.19    284.71      0.00
10:20:04        18.24      0.02     18.22      0.00      0.32    327.59      0.00
10:30:04        20.95      0.01     20.93      0.00      0.24    351.06      0.00
10:40:04        25.06      0.01     25.06      0.00      0.12    393.31      0.00
10:50:04        28.44      0.01     28.43      0.00      0.21    415.03      0.00
11:00:04        31.41      0.02     31.39      0.00      0.24    449.49      0.00
11:10:04        13.69      0.01     13.68      0.00      0.19    303.92      0.00
11:20:04        15.85      0.01     15.83      0.00      0.24    307.19      0.00
11:30:04        21.81      0.03     21.78      0.00      0.64    374.15      0.00
11:40:04        24.16      0.01     24.14      0.00      0.19    387.95      0.00
11:50:04        25.55      0.01     25.54      0.00      0.19    391.13      0.00
12:00:04        28.11      0.12     27.98      0.00      5.25    410.89      0.00
12:10:04        21.19      0.10     21.08      0.00      1.21    378.10      0.00
12:20:04        15.74      0.03     15.71      0.00      0.92    306.49      0.00
12:30:04        20.12      0.01     20.11      0.00      0.29    339.20      0.00
12:40:04        22.64      0.01     22.64      0.00      0.13    368.07      0.00
12:50:04        27.43      0.44     27.00      0.00     13.85    650.49      0.00
13:00:04        29.15      0.01     29.13      0.00      0.24    428.04      0.00
13:10:04        26.87      0.00     26.87      0.00      0.03    424.23      0.00
13:20:04        14.82      0.01     14.81      0.00      0.32    298.17      0.00
13:30:04        17.17      0.01     17.16      0.00      0.40    320.31      0.00
13:40:04        23.72      0.04     23.68      0.00      1.05    378.69      0.00
13:50:04        25.41      0.02     25.39      0.00      0.37    393.36      0.00
14:00:04        38.12      6.67     31.45      0.00    114.95    795.57      0.00
14:10:04         9.03      0.01      9.02      0.00      0.09    122.61      0.00
14:20:02         3.17      0.01      3.16      0.00      0.16     31.33      0.00
14:30:04         2.83      0.02      2.81      0.00      0.72     28.14      0.00
14:40:04         3.24      0.01      3.23      0.00      0.13     32.32      0.00
14:50:04         7.52      0.01      7.52      0.00      0.21     89.56      0.00
15:00:04        25.26      0.05     25.20      0.00      1.16    404.95      0.00
15:10:04        14.34      0.01     14.34      0.00      0.11    295.30      0.00
15:20:04        18.35      0.01     18.34      0.00      0.32    328.45      0.00
15:30:04        22.06      0.01     22.06      0.00      0.21    366.85      0.00
15:40:04        24.59      0.01     24.59      0.00      0.08    383.55      0.00
15:50:04        27.68      0.02     27.66      0.00      0.27    414.95      0.00
16:00:04        31.33      0.01     31.32      0.00      0.29    438.82      0.00
16:10:04        12.52      0.03     12.50      0.00      0.63    298.38      0.00
16:20:04        18.52      0.07     18.45      0.00      3.65    341.72      0.00
16:30:04        20.34      0.01     20.33      0.00      0.29    350.86      0.00
16:40:02        25.01      0.00     25.01      0.00      0.05    390.23      0.00
16:50:04        27.67      0.01     27.66      0.00      0.35    406.92      0.00
17:00:04        30.29      0.02     30.27      0.00      0.27    439.17      0.00
17:10:04        18.25      0.01     18.24      0.00      0.28    342.35      0.00
17:20:04        15.92      0.01     15.91      0.00      0.19    304.32      0.00
17:30:02        19.18      0.01     19.18      0.00      0.13    338.79      0.00
17:40:04        22.73      0.00     22.73      0.00      0.05    369.18      0.00
17:50:04        28.82      0.00     28.82      0.00      0.03    413.04      0.00
18:00:04        29.10      0.01     29.09      0.00      0.28    425.62      0.00
18:10:02        30.60      1.16     29.44      0.00    251.41    869.55      0.00
18:20:04        15.16      0.01     15.16      0.00      0.27    298.79      0.00
18:30:04        18.20      0.01     18.19      0.00      0.13    325.78      0.00
18:40:04        21.03      0.01     21.02      0.00      0.11    353.91      0.00
18:50:02        24.66      0.01     24.65      0.00      0.21    385.68      0.00
19:00:04        27.76      0.02     27.74      0.00      0.58    411.65      0.00
19:10:04        30.13      0.01     30.12      0.00      0.19    428.80      0.00
19:20:04        17.41      0.01     17.40      0.00      0.05    329.94      0.00
19:30:02        16.55      0.01     16.54      0.00      0.15    310.07      0.00
19:40:04        20.32      0.00     20.32      0.00      0.05    770.52      0.00
19:50:04        25.87      0.40     25.47      0.00      9.87    872.53      0.00
20:00:04        26.15      0.00     26.15      0.00      0.05    400.23      0.00
20:10:02        27.65      2.17     25.49      0.00    488.91    371.07      0.00
20:20:04        27.38      0.00     27.38      0.00      0.04    434.82      0.00
20:30:02        13.83      0.02     13.82      0.00      0.32    291.18      0.00
20:40:04        19.28      0.01     19.27      0.00      0.12    338.75      0.00
20:50:04        20.85      0.00     20.85      0.00      0.08    350.29      0.00
21:00:04        26.41      0.00     26.41      0.00      0.00    397.95      0.00
21:10:02        27.18      0.01     27.17      0.00      0.24    409.76      0.00
21:20:04        31.15      0.00     31.15      0.00      0.05    440.72      0.00
21:30:04        16.96      0.00     16.95      0.00      0.03    330.19      0.00
21:40:04        17.34      0.03     17.30      0.00      0.59    576.13      0.00
21:50:02        20.09      0.20     19.89      0.00     12.85    339.11      0.00
22:00:04        25.58      0.01     25.57      0.00      0.11    396.25      0.00
22:10:04        26.86      0.00     26.86      0.00      0.03    405.61      0.00
22:20:04        30.81      0.03     30.78      0.00      0.56    427.73      0.00
22:30:02        23.53      0.01     23.52      0.00      0.83    402.27      0.00
22:40:04        15.27      0.00     15.27      0.00      0.03    296.84      0.00
22:50:04        20.29      0.00     20.29      0.00      0.00    354.51      0.00
23:00:04        23.59      0.01     23.58      0.00      0.13    364.12      0.00
23:10:04        24.90      0.00     24.90      0.00      0.03    384.30      0.00
23:20:04        28.83      0.00     28.83      0.00      0.00    418.31      0.00
23:30:04        28.57      0.01     28.56      0.00      0.11    435.81      0.00
23:40:04        14.47      0.00     14.47      0.00      0.08    293.04      0.00
23:50:04        17.78      0.01     17.77      0.00      0.23    334.87      0.00
Average:        18.62      0.23     18.39      0.00     15.05    322.12      0.00
### SAR_IO_SA29
Linux 6.8.0-138-generic (pgain-nuc) 	08/29/26 	_x86_64_	(4 CPU)

00:00:04          tps      rtps      wtps      dtps   bread/s   bwrtn/s   bdscd/s
00:10:02        25.49      0.27     25.22      0.00      9.86    393.90      0.00
00:20:04        27.69      0.00     27.69      0.00      0.00    418.41      0.00
00:30:03        30.33      0.02     30.31      0.00      0.21    431.47      0.00
00:40:04        19.43      0.05     19.38      0.00      2.12    364.46      0.00
00:50:02        15.10      0.01     15.10      0.00      0.12    292.62      0.00
01:00:04        19.13      0.01     19.12      0.00      0.09    339.82      0.00
01:10:04        23.12      0.01     23.11      0.00      0.11    372.32      0.00
01:20:04        26.73      0.00     26.73      0.00      0.00    402.50      0.00
01:30:04        30.43      0.00     30.43      0.00      0.00    426.13      0.00
01:40:04        26.04      0.01     26.03      0.00      0.19    416.06      0.00
01:50:04        16.09      0.01     16.07      0.00      0.43    305.64      0.00
02:00:04        18.60      0.61     17.99      0.00     24.75    460.46      0.00
02:10:04        21.62      0.01     21.61      0.00      0.12    362.39      0.00
Average:        23.06      0.08     22.98      0.00      2.92    383.56      0.00
### SAR_IO_SA30
Linux 6.8.0-138-generic (pgain-nuc) 	08/30/26 	_x86_64_	(4 CPU)

00:32:34     LINUX RESTART	(4 CPU)

00:40:05          tps      rtps      wtps      dtps   bread/s   bwrtn/s   bdscd/s
00:50:05         3.44      0.22      3.21      0.00      2.13     32.44      0.00
01:00:05         5.42      1.84      3.58      0.00    238.63     39.08      0.00
01:10:05         3.10      0.02      3.08      0.00      0.40     30.59      0.00
01:20:05         3.29      0.03      3.26      0.00      0.81     32.76      0.00
01:30:05         3.12      0.03      3.09      0.00      0.43     30.92      0.00
01:40:05         3.20      0.01      3.19      0.00      0.21     32.05      0.00
01:50:05         3.69      0.49      3.19      0.00     15.49     32.01      0.00
02:00:05         3.18      0.03      3.15      0.00      0.85     31.63      0.00
02:10:05         3.00      0.01      2.99      0.00      0.19     29.51      0.00
02:20:03         3.28      0.03      3.26      0.00      0.48     32.70      0.00
02:30:05         8.59      3.67      4.92      0.00    638.29     54.25      0.00
02:40:03         4.82      0.01      4.81      0.00      0.21     51.51      0.00
02:50:01         4.87      0.03      4.85      0.00      0.40     51.55      0.00
03:00:05         4.79      0.02      4.77      0.00      0.32     51.46      0.00
03:10:01         4.90      0.01      4.89      0.00      0.21     52.68      0.00
03:20:05         4.75      0.03      4.72      0.00      0.73     51.36      0.00
03:30:00         4.73      0.02      4.71      0.00      0.30     50.25      0.00
03:40:05         4.62      0.02      4.60      0.00      0.29     49.39      0.00
03:50:05         4.88      0.03      4.85      0.00      0.53     51.79      0.00
04:00:05         4.76      0.02      4.74      0.00      0.24     51.05      0.00
04:10:00        10.92      0.01     10.90      0.00      0.19    196.54      0.00
04:20:05        18.95      0.02     18.93      0.00      0.42    346.16      0.00
04:30:05         5.39      0.02      5.38      0.00      0.29     62.21      0.00
04:40:05         4.98      0.01      4.97      0.00      0.21     53.45      0.00
04:50:05         4.56      0.02      4.54      0.00      0.35     49.88      0.00
05:00:05         4.91      0.02      4.89      0.00      0.35     54.35      0.00
05:10:05         4.75      0.01      4.74      0.00      0.16     51.63      0.00
05:20:05         4.97      0.02      4.94      0.00      0.35     54.84      0.00
05:30:05         4.98      0.03      4.94      0.00      0.85     54.69      0.00
05:40:05         4.82      0.01      4.81      0.00      0.21     52.88      0.00
05:50:00         5.39      0.03      5.37      0.00      0.63     60.01      0.00
06:00:05         9.60      4.16      5.44      0.00   1002.74     61.14      0.00
06:10:00        10.61      5.28      5.33      0.00   1276.83     58.75      0.00
06:20:05        32.42     22.96      9.46      0.00   5466.90    938.53      0.00
06:30:05         7.11      1.55      5.55      0.00    367.32     62.03      0.00
06:40:05         4.99      0.02      4.97      0.00      0.29     54.35      0.00
06:50:05         5.14      0.01      5.13      0.00      0.19     56.00      0.00
07:00:05         5.14      0.01      5.13      0.00      0.19     55.67      0.00
07:10:05         5.17      0.01      5.16      0.00      0.19     55.72      0.00
07:20:05         4.81      0.01      4.80      0.00      0.35     51.73      0.00
07:30:05         5.96      0.54      5.42      0.00     15.88     67.28      0.00
07:40:05         4.88      0.00      4.88      0.00      0.08     51.87      0.00
07:50:05         5.60      0.03      5.58      0.00      0.59     58.72      0.00
08:00:05         5.65      0.02      5.63      0.00      0.29     58.41      0.00
08:10:05         5.58      0.01      5.57      0.00      0.16     57.45      0.00
08:20:05         5.16      0.02      5.14      0.00      0.35     53.56      0.00
08:30:03         3.01      0.00      3.01      0.00      0.00     31.32      0.00
08:40:05         2.81      0.01      2.79      0.00      0.24     29.77      0.00
08:50:05         5.49      0.00      5.49      0.00      0.05     56.33      0.00
09:00:00         5.15      0.01      5.14      0.00      0.19     52.65      0.00
09:10:04         2.38      0.00      2.38      0.00      0.00     25.13      0.00
09:20:05         3.23      0.00      3.23      0.00      0.03     34.65      0.00
09:30:05         3.68      0.01      3.67      0.00      0.27     38.09      0.00
09:40:05         5.94      0.01      5.93      0.00      0.24     62.09      0.00
09:50:05         5.56      0.01      5.54      0.00      0.21     56.69      0.00
10:00:03         5.06      0.02      5.04      0.00      0.48     51.66      0.00
10:10:03         8.24      0.25      7.99      0.00     24.06     81.70      0.00
10:20:05         6.71      1.04      5.67      0.00    234.37     57.95      0.00
10:30:05         5.23      0.03      5.21      0.00      3.64     53.77      0.00
10:40:05         4.29      0.76      3.53      0.00    181.61     34.45      0.00
10:50:03         3.26      0.04      3.22      0.00      0.96     31.67      0.00
11:00:05         2.77      0.00      2.77      0.00      0.05     26.97      0.00
11:10:05         1.91      0.00      1.90      0.00      0.08     19.92      0.00
11:20:05         2.74      0.01      2.73      0.00      0.27     27.84      0.00
11:30:03         8.23      0.02      8.21      0.00      0.35    123.90      0.00
11:40:05         3.41      0.01      3.40      0.00      0.19     33.45      0.00
11:50:05         3.26      0.02      3.24      0.00      0.32     32.27      0.00
12:00:05         3.37      0.01      3.37      0.00      0.11     33.17      0.00
12:10:03         3.37      0.00      3.37      0.00      0.03     33.15      0.00
12:20:05         3.53      0.04      3.49      0.00      0.93     35.03      0.00
12:30:03         3.28      0.01      3.28      0.00      0.13     32.44      0.00
12:40:05         3.43      0.00      3.43      0.00      0.05     33.69      0.00
12:50:05         3.32      0.01      3.32      0.00      0.16     33.27      0.00
13:00:05         3.32      0.01      3.31      0.00      0.13     33.16      0.00
13:10:03         3.36      0.00      3.36      0.00      0.00     33.24      0.00
13:20:05         3.54      0.01      3.53      0.00      0.11     34.96      0.00
13:30:05       151.28    147.33      3.95      0.00  37311.63     39.35      0.00
13:40:05         5.68      0.04      5.64      0.00      1.80    333.38      0.00
13:50:03         3.30      0.01      3.30      0.00      0.09     32.44      0.00
14:00:05         3.35      0.01      3.34      0.00      0.29     33.12      0.00
14:10:01         3.24      0.01      3.23      0.00      0.08     32.01      0.00
14:20:05         3.43      0.00      3.43      0.00      0.08     33.84      0.00
14:30:03         3.37      0.01      3.36      0.00      0.21     33.50      0.00
14:40:05         3.31      0.00      3.31      0.00      0.08     32.76      0.00
14:50:05         4.40      0.50      3.90      0.00     12.03     38.63      0.00
15:00:05        54.89     50.01      4.89      0.00  12549.19     49.24      0.00
15:10:03        24.48     19.78      4.69      0.00   4273.98     67.84      0.00
15:20:00        10.32      4.72      5.60      0.00    701.19     58.31      0.00
15:30:05         4.32      0.01      4.31      0.00      0.13     42.70      0.00
15:40:05         4.05      0.66      3.39      0.00     31.99     34.45      0.00
15:50:05         3.88      0.43      3.45      0.00      6.81     34.07      0.00
16:00:05         3.29      0.00      3.29      0.00      0.03     32.44      0.00
16:10:03         3.25      0.01      3.24      0.00      0.19     32.12      0.00
16:20:05         3.43      0.00      3.43      0.00      0.03     33.66      0.00
16:30:05         3.23      0.01      3.22      0.00      0.13     31.95      0.00
16:40:03         3.37      0.01      3.36      0.00      0.12     33.19      0.00
16:50:03         3.33      0.02      3.31      0.00      0.47     32.46      0.00
17:00:05         3.45      0.06      3.39      0.00      2.34     33.87      0.00
17:10:05         3.27      0.01      3.26      0.00      0.11     32.44      0.00
17:20:05         3.33      0.00      3.33      0.00      0.03     32.77      0.00
17:30:03         3.46      0.02      3.45      0.00      0.27     34.50      0.00
17:40:05         3.24      0.02      3.22      0.00      0.32     31.88      0.00
17:50:05         3.19      0.00      3.19      0.00      0.03     30.93      0.00
18:00:05         3.31      0.01      3.31      0.00      0.13     32.59      0.00
18:10:05         3.28      0.01      3.27      0.00      0.16     32.01      0.00
18:20:05         3.37      0.01      3.36      0.00      0.08     32.68      0.00
18:30:05         3.23      0.00      3.23      0.00      0.08     31.45      0.00
18:40:02         3.18      0.01      3.18      0.00      0.11     31.12      0.00
18:50:05         3.17      0.01      3.16      0.00      0.13     30.74      0.00
19:00:05         3.27      0.01      3.26      0.00      0.21     32.52      0.00
19:10:05         3.27      0.00      3.27      0.00      0.00     31.87      0.00
19:20:05         3.33      0.01      3.32      0.00      0.11     32.59      0.00
19:30:05         3.20      0.02      3.19      0.00      0.32     31.52      0.00
19:40:05         3.24      0.01      3.23      0.00      0.24     31.71      0.00
19:50:05         3.24      0.00      3.24      0.00      0.03     31.48      0.00
20:00:05         6.09      0.82      5.27      0.00    140.84     51.72      0.00
20:10:05         4.19      0.01      4.18      0.00      0.11     40.83      0.00
20:20:05         3.58      0.00      3.58      0.00      0.00     34.95      0.00
20:30:05         3.22      0.00      3.22      0.00      0.08     31.52      0.00
20:40:05         3.24      0.00      3.24      0.00      0.05     31.49      0.00
20:50:05         3.58      0.00      3.58      0.00      0.00     35.16      0.00
21:00:05         3.28      0.00      3.28      0.00      0.05     32.01      0.00
21:10:05         3.21      0.01      3.20      0.00      0.08     31.40      0.00
21:20:05         3.30      0.01      3.29      0.00      0.13     32.04      0.00
21:30:05         3.18      0.00      3.17      0.00      0.03     31.31      0.00
21:40:05         3.04      0.01      3.03      0.00      0.11     29.57      0.00
21:50:05         3.30      0.00      3.30      0.00      0.08     32.09      0.00
22:00:05         3.40      0.01      3.40      0.00      0.11     33.37      0.00
22:10:05         3.26      0.00      3.26      0.00      0.08     32.04      0.00
22:20:05         3.11      0.00      3.11      0.00      0.00     30.64      0.00
22:30:05         3.30      0.01      3.29      0.00      0.13     32.60      0.00
22:40:05         3.16      0.01      3.14      0.00      0.16     31.24      0.00
22:50:05         3.32      0.00      3.32      0.00      0.03     32.21      0.00
23:00:05         3.27      0.01      3.26      0.00      0.16     32.24      0.00
23:10:05         3.29      0.01      3.29      0.00      0.11     32.27      0.00
23:20:05         3.32      0.00      3.31      0.00      0.08     32.41      0.00
23:30:05         3.08      0.00      3.08      0.00      0.00     30.07      0.00
23:40:05         3.28      0.01      3.27      0.00      0.21     32.00      0.00
23:50:05         3.21      0.01      3.20      0.00      0.13     31.21      0.00
Average:         6.09      1.93      4.16      0.00    464.42     52.92      0.00
### SAR_IO_SA31
Linux 6.8.0-138-generic (pgain-nuc) 	08/31/26 	_x86_64_	(4 CPU)

00:00:05          tps      rtps      wtps      dtps   bread/s   bwrtn/s   bdscd/s
00:10:05         4.66      0.21      4.45      0.00      4.65     46.05      0.00
00:20:05         3.87      0.01      3.86      0.00      0.23     37.93      0.00
00:30:04         3.32      0.00      3.32      0.00      0.05     32.49      0.00
00:40:05        36.40      6.99      4.27     25.13     72.80     45.86 2567532.81
00:50:05         3.60      0.30      3.31      0.00      4.36     32.53      0.00
01:00:03         3.21      0.01      3.21      0.00      0.19     31.56      0.00
01:10:05         3.14      0.00      3.14      0.00      0.00     30.78      0.00
01:20:05         3.34      0.00      3.33      0.00      0.05     32.79      0.00
01:30:05         3.28      0.00      3.28      0.00      0.05     32.23      0.00
01:40:03         3.18      0.01      3.18      0.00      0.16     31.18      0.00
01:50:05         3.19      0.00      3.19      0.00      0.03     30.94      0.00
02:00:05         4.74      0.09      4.66      0.00      8.33    313.27      0.00
02:10:05         3.09      0.00      3.09      0.00      0.00     30.41      0.00
02:20:05         3.38      0.00      3.38      0.00      0.05     32.92      0.00
02:30:05         3.26      0.04      3.22      0.00      1.49     31.60      0.00
02:40:03         3.17      0.00      3.17      0.00      0.00     30.77      0.00
02:50:05         3.18      0.00      3.17      0.00      0.03     30.96      0.00
03:00:05         3.32      0.01      3.31      0.00      0.19     32.77      0.00
03:10:01         3.28      0.01      3.27      0.00      0.35     32.21      0.00
03:20:03         3.18      0.00      3.18      0.00      0.00     31.48      0.00
03:30:05         3.34      0.02      3.32      0.00      0.43     32.62      0.00
03:40:05         3.19      0.01      3.18      0.00      0.21     31.48      0.00
03:50:05         3.43      0.03      3.40      0.00      2.44     33.25      0.00
04:00:03        15.36      5.48      9.88      0.00   1109.53   1555.68      0.00
04:10:05         3.22      0.00      3.21      0.00      0.04     31.56      0.00
04:20:02         3.36      0.02      3.34      0.00      0.19     32.20      0.00
04:30:05         3.21      0.00      3.20      0.00      0.05     31.53      0.00
04:40:03         3.07      0.00      3.07      0.00      0.00     30.25      0.00
04:50:05         4.03      0.44      3.59      0.00     16.13     36.93      0.00
05:00:05         5.62      1.12      4.50      0.00     40.17     45.75      0.00
05:10:05         4.64      0.07      4.58      0.00      0.91     44.92      0.00
05:20:03         3.82      0.49      3.33      0.00     16.11     32.70      0.00
05:30:05         3.10      0.00      3.10      0.00      0.05     30.36      0.00
05:40:03         3.17      0.00      3.17      0.00      0.05     30.90      0.00
05:50:05         3.24      0.00      3.24      0.00      0.00     31.65      0.00
06:00:05         3.28      0.02      3.26      0.00      0.59     32.04      0.00
06:10:05         3.20      0.02      3.19      0.00      0.37     31.33      0.00
06:20:03         3.25      0.00      3.25      0.00      0.00     31.60      0.00
06:30:05         3.48      0.04      3.44      0.00      0.53     34.10      0.00
06:40:05         3.10      0.00      3.10      0.00      0.03     30.67      0.00
06:50:05         3.27      0.00      3.27      0.00      0.00     31.69      0.00
07:00:05         3.27      0.01      3.27      0.00      0.08     31.99      0.00
07:10:05         3.10      0.00      3.10      0.00      0.03     30.08      0.00
07:20:05         3.36      0.02      3.35      0.00      0.48     32.76      0.00
07:30:05         3.15      0.00      3.15      0.00      0.03     31.08      0.00
07:40:05         3.54      0.12      3.42      0.00      4.13     34.11      0.00
07:50:03         3.44      0.00      3.44      0.00      0.00     33.71      0.00
08:00:05         3.10      0.00      3.09      0.00      0.13     30.36      0.00
08:10:05         3.11      0.01      3.10      0.00      0.56     30.67      0.00
08:20:05         3.30      0.00      3.30      0.00      0.00     32.08      0.00
08:30:03         3.30      0.00      3.30      0.00      0.00     32.96      0.00
08:40:05         3.15      0.00      3.14      0.00      0.08     30.70      0.00
08:50:05         3.37      0.00      3.37      0.00      0.03     33.04      0.00
09:00:05         3.43      0.00      3.43      0.00      0.03     33.85      0.00
09:10:05         3.28      0.01      3.27      0.00      0.19     32.41      0.00
09:20:05         7.96      1.98      5.98      0.00    355.42     59.21      0.00
09:30:05         3.64      0.00      3.64      0.00      0.11     35.59      0.00
09:40:05         3.47      0.00      3.47      0.00      0.03     34.07      0.00
09:50:05         3.63      0.00      3.63      0.00      0.01     35.11      0.00
10:00:05         3.16      0.00      3.16      0.00      0.00     30.99      0.00
10:10:05         3.07      0.00      3.07      0.00      0.00     30.00      0.00
10:20:05         3.46      0.00      3.46      0.00      0.05     33.97      0.00
10:30:05         3.40      0.00      3.40      0.00      0.03     33.33      0.00
10:40:05         3.16      0.01      3.15      0.00      0.16     30.85      0.00
10:50:05         4.29      0.65      3.64      0.00     12.43     44.87      0.00
11:00:05         3.23      0.00      3.23      0.00      0.05     31.57      0.00
11:10:05         3.14      0.00      3.14      0.00      0.20     30.61      0.00
11:20:05         3.33      0.00      3.33      0.00      0.05     32.55      0.00
11:30:05         3.24      0.00      3.24      0.00      0.00     31.77      0.00
11:40:00         3.05      0.01      3.04      0.00      0.13     29.64      0.00
11:50:05         3.31      0.00      3.31      0.00      0.00     32.44      0.00
12:00:05         3.34      0.00      3.34      0.00      0.08     32.59      0.00
12:10:05         3.17      0.00      3.17      0.00      0.03     31.03      0.00
12:20:05         3.33      0.00      3.33      0.00      0.03     32.44      0.00
12:30:05         3.10      0.00      3.10      0.00      0.04     30.37      0.00
12:40:05         3.05      0.00      3.05      0.00      0.03     30.08      0.00
12:50:05         3.16      0.00      3.16      0.00      0.00     30.61      0.00
13:00:05         3.28      0.00      3.28      0.00      0.05     32.44      0.00
13:10:05         3.09      0.00      3.09      0.00      0.00     30.32      0.00
13:20:01         5.96      1.21      4.75      0.00    157.85     46.36      0.00
13:30:05        55.43     47.64      7.79      0.00    620.83    497.79      0.00
13:40:05         3.35      0.03      3.32      0.00      0.77     32.44      0.00
13:50:05         4.13      0.25      3.88      0.00      8.45    101.30      0.00
14:00:05         3.22      0.00      3.22      0.00      0.01     31.96      0.00
14:10:05         3.14      0.01      3.14      0.00      0.08     30.75      0.00
14:20:05         3.26      0.00      3.26      0.00      0.00     31.80      0.00
14:30:05         3.14      0.00      3.14      0.00      0.03     30.89      0.00
14:40:05         3.24      0.00      3.24      0.00      0.00     31.71      0.00
14:50:05         3.27      0.01      3.26      0.00      0.39     31.60      0.00
15:00:05         3.20      0.00      3.20      0.00      0.00     31.52      0.00
15:10:05         3.25      0.00      3.25      0.00      0.00     31.76      0.00
15:20:05         3.17      0.00      3.17      0.00      0.00     30.99      0.00
15:30:05         3.31      0.00      3.31      0.00      0.00     32.27      0.00
15:40:05         3.20      0.00      3.20      0.00      0.00     31.19      0.00
15:50:05         3.21      0.00      3.21      0.00      0.00     31.28      0.00
16:00:03         3.25      0.01      3.25      0.00      0.60     31.96      0.00
16:10:05         3.07      0.00      3.07      0.00      0.03     30.14      0.00
16:20:05         3.21      0.00      3.21      0.00      0.00     31.25      0.00
Average:         4.43      0.69      3.49      0.26     24.94     56.91  26220.71
### SAR_DEV_SA01
Linux 6.8.0-138-generic (pgain-nuc) 	09/01/26 	_x86_64_	(4 CPU)

05:33:33     LINUX RESTART	(4 CPU)

05:40:12          DEV       tps     rkB/s     wkB/s     dkB/s   areq-sz    aqu-sz     await     %util
05:50:01        loop0      0.00      0.00      0.00      0.00      0.00      0.00      0.00      0.00
05:50:01      nvme0n1      5.55    120.50     18.38      0.00     25.01      0.00      0.74      0.21
05:50:01         dm-0      6.79    119.53     18.38      0.00     20.30      0.01      0.83      0.47
05:50:01         dm-1      0.00      0.00      0.00      0.00      0.00      0.00      0.00      0.00
06:00:02        loop0      0.00      0.00      0.00      0.00      0.00      0.00      0.00      0.00
06:00:02      nvme0n1      4.55     55.03     45.72      0.00     22.13      0.00      0.91      0.21
06:00:02         dm-0      5.41     55.02     45.72      0.00     18.64      0.00      0.83      0.34
06:00:02         dm-1      0.00      0.00      0.00      0.00      0.00      0.00      0.00      0.00
06:10:02        loop0      0.00      0.00      0.00      0.00      0.00      0.00      0.00      0.00
06:10:02      nvme0n1      2.95      0.16     15.25      0.00      5.22      0.00      1.08      0.20
06:10:02         dm-0      3.74      0.16     15.25      0.00      4.12      0.00      1.07      0.43
06:10:02         dm-1      0.00      0.00      0.00      0.00      0.00      0.00      0.00      0.00
06:20:01        loop0      0.00      0.00      0.00      0.00      0.00      0.00      0.00      0.00
06:20:01      nvme0n1      2.96      0.11     15.17      0.00      5.16      0.00      1.01      0.19
06:20:01         dm-0      3.75      0.11     15.17      0.00      4.08      0.00      1.08      0.26
06:20:01         dm-1      0.00      0.00      0.00      0.00      0.00      0.00      0.00      0.00
06:30:24        loop0      0.00      0.00      0.00      0.00      0.00      0.00      0.00      0.00
06:30:24      nvme0n1      2.96      0.29     15.30      0.00      5.27      0.00      1.03      0.20
06:30:24         dm-0      3.77      0.29     15.30      0.00      4.13      0.00      1.05      0.40
06:30:24         dm-1      0.00      0.00      0.00      0.00      0.00      0.00      0.00      0.00
06:40:22        loop0      0.00      0.00      0.00      0.00      0.00      0.00      0.00      0.00
06:40:22      nvme0n1      3.20      2.82     16.27      0.00      5.97      0.00      1.03      0.19
06:40:22         dm-0      4.04      2.82     16.27      0.00      4.73      0.00      1.01      0.64
06:40:22         dm-1      0.00      0.00      0.00      0.00      0.00      0.00      0.00      0.00
06:50:01        loop0      0.00      0.00      0.00      0.00      0.00      0.00      0.00      0.00
06:50:01      nvme0n1      3.08      0.11     15.83      0.00      5.17      0.00      1.07      0.20
06:50:01         dm-0      3.89      0.11     15.83      0.00      4.10      0.00      1.08      0.69
06:50:01         dm-1      0.00      0.00      0.00      0.00      0.00      0.00      0.00      0.00
07:00:12        loop0      0.00      0.00      0.00      0.00      0.00      0.00      0.00      0.00
07:00:12      nvme0n1      3.09      0.36     16.00      0.00      5.29      0.00      1.06      0.20
07:00:12         dm-0      3.88      0.36     16.00      0.00      4.21      0.00      1.07      0.29
07:00:12         dm-1      0.00      0.00      0.00      0.00      0.00      0.00      0.00      0.00
07:10:24        loop0      0.00      0.00      0.00      0.00      0.00      0.00      0.00      0.00
07:10:24      nvme0n1      2.96      0.18     15.28      0.00      5.21      0.00      1.04      0.20
07:10:24         dm-0      3.76      0.18     15.28      0.00      4.11      0.00      1.07      0.61
07:10:24         dm-1      0.00      0.00      0.00      0.00      0.00      0.00      0.00      0.00
07:20:01        loop0      0.00      0.00      0.00      0.00      0.00      0.00      0.00      0.00
07:20:01      nvme0n1      3.04      0.14     15.78      0.00      5.24      0.00      1.10      0.20
07:20:01         dm-0      3.87      0.14     15.78      0.00      4.11      0.00      1.10      0.41
07:20:01         dm-1      0.00      0.00      0.00      0.00      0.00      0.00      0.00      0.00
07:30:02        loop0      0.00      0.00      0.00      0.00      0.00      0.00      0.00      0.00
07:30:02      nvme0n1      3.06      0.17     15.75      0.00      5.20      0.00      0.99      0.19
07:30:02         dm-0      3.83      0.17     15.75      0.00      4.16      0.00      0.98      0.43
07:30:02         dm-1      0.00      0.00      0.00      0.00      0.00      0.00      0.00      0.00
07:40:20        loop0      0.00      0.00      0.00      0.00      0.00      0.00      0.00      0.00
07:40:20      nvme0n1      2.93      0.18     15.32      0.00      5.29      0.00      1.04      0.19
07:40:20         dm-0      3.73      0.18     15.32      0.00      4.16      0.00      1.07      0.40
07:40:20         dm-1      0.00      0.00      0.00      0.00      0.00      0.00      0.00      0.00
07:50:01        loop0      0.00      0.00      0.00      0.00      0.00      0.00      0.00      0.00
07:50:01      nvme0n1      3.05      0.17     15.85      0.00      5.24      0.00      1.04      0.20
07:50:01         dm-0      3.90      0.17     15.85      0.00      4.11      0.00      1.07      0.80
07:50:01         dm-1      0.00      0.00      0.00      0.00      0.00      0.00      0.00      0.00
08:00:17        loop0      0.00      0.00      0.00      0.00      0.00      0.00      0.00      0.00
08:00:17      nvme0n1      3.14      0.43     16.35      0.00      5.35      0.00      1.10      0.21
08:00:17         dm-0      3.98      0.43     16.35      0.00      4.22      0.00      1.09      0.21
08:00:17         dm-1      0.00      0.00      0.00      0.00      0.00      0.00      0.00      0.00
08:10:02        loop0      0.00      0.00      0.00      0.00      0.00      0.00      0.00      0.00
08:10:02      nvme0n1      3.05      0.41     15.71      0.00      5.29      0.00      1.08      0.20
08:10:02         dm-0      3.87      0.41     15.71      0.00      4.17      0.00      1.09      0.54
08:10:02         dm-1      0.00      0.00      0.00      0.00      0.00      0.00      0.00      0.00
08:20:01        loop0      0.00      0.00      0.00      0.00      0.00      0.00      0.00      0.00
08:20:01      nvme0n1     18.16   1454.90     23.79      0.00     81.42      0.01      0.45      0.53
08:20:01         dm-0     19.28   1454.90     23.79      0.00     76.71      0.01      0.47      0.92
08:20:01         dm-1      0.00      0.00      0.00      0.00      0.00      0.00      0.00      0.00
08:30:12        loop0      0.00      0.00      0.00      0.00      0.00      0.00      0.00      0.00
08:30:12      nvme0n1      2.96      0.21     15.01      0.00      5.14      0.00      1.03      0.19
08:30:12         dm-0      3.73      0.21     15.01      0.00      4.08      0.00      1.08      0.82
08:30:12         dm-1      0.00      0.00      0.00      0.00      0.00      0.00      0.00      0.00
08:40:24        loop0      0.00      0.00      0.00      0.00      0.00      0.00      0.00      0.00
08:40:24      nvme0n1      3.03      0.18     15.58      0.00      5.21      0.00      0.99      0.19
08:40:24         dm-0      3.84      0.18     15.58      0.00      4.11      0.00      1.01      0.54
08:40:24         dm-1      0.00      0.00      0.00      0.00      0.00      0.00      0.00      0.00
08:50:01        loop0      0.00      0.00      0.00      0.00      0.00      0.00      0.00      0.00
08:50:01      nvme0n1      3.08      0.11     15.68      0.00      5.13      0.00      1.08      0.20
08:50:01         dm-0      3.87      0.11     15.68      0.00      4.08      0.00      1.09      0.43
08:50:01         dm-1      0.00      0.00      0.00      0.00      0.00      0.00      0.00      0.00
09:00:24        loop0      0.00      0.00      0.00      0.00      0.00      0.00      0.00      0.00
09:00:24      nvme0n1      2.96      0.18     15.25      0.00      5.22      0.00      1.05      0.20
09:00:24         dm-0      3.77      0.18     15.25      0.00      4.09      0.00      1.09      0.20
09:00:24         dm-1      0.00      0.00      0.00      0.00      0.00      0.00      0.00      0.00
09:10:02        loop0      0.00      0.00      0.00      0.00      0.00      0.00      0.00      0.00
09:10:02      nvme0n1      2.97      0.18     15.53      0.00      5.29      0.00      1.02      0.20
09:10:02         dm-0      3.80      0.18     15.53      0.00      4.14      0.00      1.03      0.20
09:10:02         dm-1      0.00      0.00      0.00      0.00      0.00      0.00      0.00      0.00
09:20:01        loop0      0.00      0.00      0.00      0.00      0.00      0.00      0.00      0.00
09:20:01      nvme0n1      3.01      0.11     15.50      0.00      5.19      0.00      1.03      0.20
09:20:01         dm-0      3.82      0.11     15.50      0.00      4.08      0.00      1.05      0.20
09:20:01         dm-1      0.00      0.00      0.00      0.00      0.00      0.00      0.00      0.00
09:30:24        loop0      0.00      0.00      0.00      0.00      0.00      0.00      0.00      0.00
09:30:24      nvme0n1      3.07      0.21     15.88      0.00      5.23      0.00      1.08      0.20
09:30:24         dm-0      3.86      0.21     15.88      0.00      4.17      0.00      1.08      0.29
09:30:24         dm-1      0.00      0.00      0.00      0.00      0.00      0.00      0.00      0.00
09:40:24        loop0      0.00      0.00      0.00      0.00      0.00      0.00      0.00      0.00
09:40:24      nvme0n1      3.03      0.19     15.82      0.00      5.29      0.00      1.05      0.20
09:40:24         dm-0      3.84      0.19     15.82      0.00      4.17      0.00      1.08      0.20
09:40:24         dm-1      0.00      0.00      0.00      0.00      0.00      0.00      0.00      0.00
09:50:01        loop0      0.00      0.00      0.00      0.00      0.00      0.00      0.00      0.00
09:50:01      nvme0n1      3.79      8.22     20.97      0.00      7.70      0.00      0.91      0.20
09:50:01         dm-0      5.73      8.22     20.97      0.00      5.09      0.00      0.79      0.55
09:50:01         dm-1      0.00      0.00      0.00      0.00      0.00      0.00      0.00      0.00
10:00:24        loop0      0.00      0.00      0.00      0.00      0.00      0.00      0.00      0.00
10:00:24      nvme0n1      2.99      0.54     15.08      0.00      5.22      0.00      1.04      0.20
10:00:24         dm-0      3.69      0.54     15.08      0.00      4.23      0.00      1.04      0.40
10:00:24         dm-1      0.00      0.00      0.00      0.00      0.00      0.00      0.00      0.00
10:10:12        loop0      0.00      0.00      0.00      0.00      0.00      0.00      0.00      0.00
10:10:12      nvme0n1      3.04      0.18     15.58      0.00      5.18      0.00      1.07      0.20
10:10:12         dm-0      3.80      0.18     15.58      0.00      4.14      0.00      1.09      0.84
10:10:12         dm-1      0.00      0.00      0.00      0.00      0.00      0.00      0.00      0.00
10:20:02        loop0      0.00      0.00      0.00      0.00      0.00      0.00      0.00      0.00
10:20:02      nvme0n1      3.04      0.15     15.27      0.00      5.08      0.00      1.06      0.20
10:20:02         dm-0      3.75      0.15     15.27      0.00      4.11      0.00      1.06      0.52
10:20:02         dm-1      0.00      0.00      0.00      0.00      0.00      0.00      0.00      0.00
10:30:02        loop0      0.00      0.00      0.00      0.00      0.00      0.00      0.00      0.00
10:30:02      nvme0n1      3.08      0.15     15.54      0.00      5.09      0.00      1.01      0.19
10:30:02         dm-0      3.81      0.15     15.54      0.00      4.12      0.00      1.06      0.42
10:30:02         dm-1      0.00      0.00      0.00      0.00      0.00      0.00      0.00      0.00
10:40:24        loop0      0.00      0.00      0.00      0.00      0.00      0.00      0.00      0.00
10:40:24      nvme0n1      3.06      0.15     15.63      0.00      5.15      0.00      1.11      0.20
10:40:24         dm-0      3.79      0.15     15.63      0.00      4.16      0.00      1.14      0.21
10:40:24         dm-1      0.00      0.00      0.00      0.00      0.00      0.00      0.00      0.00
10:50:02        loop0      0.00      0.00      0.00      0.00      0.00      0.00      0.00      0.00
10:50:02      nvme0n1      3.04      0.08     15.37      0.00      5.08      0.00      1.02      0.20
10:50:02         dm-0      3.81      0.08     15.37      0.00      4.06      0.00      1.06      0.20
10:50:02         dm-1      0.00      0.00      0.00      0.00      0.00      0.00      0.00      0.00
11:00:24        loop0      0.00      0.00      0.00      0.00      0.00      0.00      0.00      0.00
11:00:24      nvme0n1      3.15      0.18     15.95      0.00      5.12      0.00      1.11      0.20
11:00:24         dm-0      3.90      0.18     15.95      0.00      4.14      0.00      1.12      0.62
11:00:24         dm-1      0.00      0.00      0.00      0.00      0.00      0.00      0.00      0.00
11:10:02        loop0      0.00      0.00      0.00      0.00      0.00      0.00      0.00      0.00
11:10:02      nvme0n1      3.58      7.67     16.07      0.00      6.63      0.00      0.87      0.19
11:10:02         dm-0      4.55      7.67     16.07      0.00      5.21      0.00      0.91      0.20
11:10:02         dm-1      0.00      0.00      0.00      0.00      0.00      0.00      0.00      0.00
11:20:02        loop0      0.00      0.00      0.00      0.00      0.00      0.00      0.00      0.00
11:20:02      nvme0n1      3.19      0.07     16.17      0.00      5.09      0.00      1.09      0.20
11:20:02         dm-0      4.02      0.07     16.17      0.00      4.04      0.00      1.12      0.20
11:20:02         dm-1      0.00      0.00      0.00      0.00      0.00      0.00      0.00      0.00
11:30:12        loop0      0.00      0.00      0.00      0.00      0.00      0.00      0.00      0.00
11:30:12      nvme0n1      3.16      0.09     16.01      0.00      5.09      0.00      1.12      0.20
11:30:12         dm-0      3.99      0.09     16.01      0.00      4.03      0.00      1.16      0.20
11:30:12         dm-1      0.00      0.00      0.00      0.00      0.00      0.00      0.00      0.00
11:40:24        loop0      0.00      0.00      0.00      0.00      0.00      0.00      0.00      0.00
11:40:24      nvme0n1      3.07      0.14     15.43      0.00      5.07      0.00      1.04      0.20
11:40:24         dm-0      3.83      0.14     15.43      0.00      4.06      0.00      1.08      0.42
11:40:24         dm-1      0.00      0.00      0.00      0.00      0.00      0.00      0.00      0.00
11:50:00        loop0      0.00      0.00      0.00      0.00      0.00      0.00      0.00      0.00
11:50:00      nvme0n1      3.08      0.08     15.49      0.00      5.06      0.00      1.08      0.19
11:50:00         dm-0      3.89      0.08     15.49      0.00      4.00      0.00      1.11      0.20
11:50:00         dm-1      0.00      0.00      0.00      0.00      0.00      0.00      0.00      0.00
12:00:24        loop0      0.00      0.00      0.00      0.00      0.00      0.00      0.00      0.00
12:00:24      nvme0n1      3.07      0.14     15.54      0.00      5.11      0.00      1.06      0.20
12:00:24         dm-0      3.86      0.14     15.54      0.00      4.06      0.00      1.11      0.50
12:00:24         dm-1      0.00      0.00      0.00      0.00      0.00      0.00      0.00      0.00
12:10:12        loop0      0.00      0.00      0.00      0.00      0.00      0.00      0.00      0.00
12:10:12      nvme0n1      3.01      0.16     15.30      0.00      5.14      0.00      1.12      0.20
12:10:12         dm-0      3.80      0.16     15.30      0.00      4.06      0.00      1.13      0.63
12:10:12         dm-1      0.00      0.00      0.00      0.00      0.00      0.00      0.00      0.00
12:20:02        loop0      0.00      0.00      0.00      0.00      0.00      0.00      0.00      0.00
12:20:02      nvme0n1      3.18      0.05     16.05      0.00      5.06      0.00      0.99      0.19
12:20:02         dm-0      4.00      0.05     16.05      0.00      4.03      0.00      1.02      0.73
12:20:02         dm-1      0.00      0.00      0.00      0.00      0.00      0.00      0.00      0.00
12:30:12        loop0      0.00      0.00      0.00      0.00      0.00      0.00      0.00      0.00
12:30:12      nvme0n1      3.07      0.17     15.59      0.00      5.13      0.00      1.08      0.20
12:30:12         dm-0      3.88      0.17     15.59      0.00      4.07      0.00      1.12      0.20
12:30:12         dm-1      0.00      0.00      0.00      0.00      0.00      0.00      0.00      0.00
12:40:24        loop0      0.00      0.00      0.00      0.00      0.00      0.00      0.00      0.00
12:40:24      nvme0n1      2.99      0.12     15.13      0.00      5.11      0.00      1.09      0.20
12:40:24         dm-0      3.78      0.12     15.13      0.00      4.03      0.00      1.14      0.41
12:40:24         dm-1      0.00      0.00      0.00      0.00      0.00      0.00      0.00      0.00
12:50:02        loop0      0.00      0.00      0.00      0.00      0.00      0.00      0.00      0.00
12:50:02      nvme0n1      3.22      0.15     16.14      0.00      5.06      0.00      1.03      0.20
12:50:02         dm-0      4.05      0.15     16.14      0.00      4.02      0.00      1.08      0.36
12:50:02         dm-1      0.00      0.00      0.00      0.00      0.00      0.00      0.00      0.00
13:00:24        loop0      0.00      0.00      0.00      0.00      0.00      0.00      0.00      0.00
13:00:24      nvme0n1      3.26      0.12     16.55      0.00      5.10      0.00      1.02      0.20
13:00:24         dm-0      4.10      0.12     16.55      0.00      4.07      0.00      1.04      0.23
13:00:24         dm-1      0.00      0.00      0.00      0.00      0.00      0.00      0.00      0.00
13:10:12        loop0      0.00      0.00      0.00      0.00      0.00      0.00      0.00      0.00
13:10:12      nvme0n1      3.04      0.20     15.13      0.00      5.05      0.00      1.04      0.19
13:10:12         dm-0      3.78      0.20     15.13      0.00      4.06      0.00      1.08      0.23
13:10:12         dm-1      0.00      0.00      0.00      0.00      0.00      0.00      0.00      0.00
13:20:02        loop0      0.00      0.00      0.00      0.00      0.00      0.00      0.00      0.00
13:20:02      nvme0n1      3.21      0.07     15.94      0.00      4.98      0.00      1.07      0.19
13:20:02         dm-0      3.96      0.07     15.94      0.00      4.04      0.00      1.06      0.78
13:20:02         dm-1      0.00      0.00      0.00      0.00      0.00      0.00      0.00      0.00
13:30:02        loop0      0.00      0.00      0.00      0.00      0.00      0.00      0.00      0.00
13:30:02      nvme0n1      3.16      0.25     16.08      0.00      5.17      0.00      1.03      0.20
13:30:02         dm-0      3.97      0.25     16.08      0.00      4.11      0.00      1.05      0.43
13:30:02         dm-1      0.00      0.00      0.00      0.00      0.00      0.00      0.00      0.00
13:40:24        loop0      0.00      0.00      0.00      0.00      0.00      0.00      0.00      0.00
13:40:24      nvme0n1      3.03      0.05     15.48      0.00      5.13      0.00      1.06      0.19
13:40:24         dm-0      3.83      0.05     15.48      0.00      4.06      0.00      1.12      0.39
13:40:24         dm-1      0.00      0.00      0.00      0.00      0.00      0.00      0.00      0.00
13:50:00        loop0      0.00      0.00      0.00      0.00      0.00      0.00      0.00      0.00
13:50:00      nvme0n1      4.49      0.31     39.96      0.00      8.97      0.00      0.85      0.20
13:50:00         dm-0      5.41      0.31     39.96      0.00      7.44      0.01      0.93      0.21
13:50:00         dm-1      0.00      0.00      0.00      0.00      0.00      0.00      0.00      0.00
14:00:24        loop0      0.00      0.00      0.00      0.00      0.00      0.00      0.00      0.00
14:00:24      nvme0n1     16.19      0.20    162.97      0.00     10.08      0.01      0.47      0.22
14:00:24         dm-0     17.39      0.20    162.97      0.00      9.38      0.01      0.55      0.23
14:00:24         dm-1      0.00      0.00      0.00      0.00      0.00      0.00      0.00      0.00
14:10:22        loop0      0.00      0.00      0.00      0.00      0.00      0.00      0.00      0.00
14:10:22      nvme0n1     19.24      0.05    169.44      0.00      8.81      0.01      0.43      0.22
14:10:22         dm-0     20.38      0.05    169.44      0.00      8.32      0.01      0.49      0.24
14:10:22         dm-1      0.00      0.00      0.00      0.00      0.00      0.00      0.00      0.00
14:20:00        loop0      0.00      0.00      0.00      0.00      0.00      0.00      0.00      0.00
14:20:00      nvme0n1     24.14      0.01    194.43      0.00      8.05      0.01      0.36      0.22
14:20:00         dm-0     25.31      0.01    194.43      0.00      7.68      0.01      0.39      0.25
14:20:00         dm-1      0.00      0.00      0.00      0.00      0.00      0.00      0.00      0.00
14:30:12        loop0      0.00      0.00      0.00      0.00      0.00      0.00      0.00      0.00
14:30:12      nvme0n1     26.76      0.10    202.92      0.00      7.59      0.01      0.33      0.23
14:30:12         dm-0     27.91      0.10    202.92      0.00      7.27      0.01      0.38      0.39
14:30:12         dm-1      0.00      0.00      0.00      0.00      0.00      0.00      0.00      0.00
14:40:24        loop0      0.00      0.00      0.00      0.00      0.00      0.00      0.00      0.00
14:40:24      nvme0n1     29.79      0.30    214.68      0.00      7.22      0.01      0.30      0.22
14:40:24         dm-0     30.96      0.30    214.68      0.00      6.94      0.01      0.33      0.46
14:40:24         dm-1      0.00      0.00      0.00      0.00      0.00      0.00      0.00      0.00
14:50:00        loop0      0.00      0.00      0.00      0.00      0.00      0.00      0.00      0.00
14:50:00      nvme0n1     29.62      0.25    224.92      0.00      7.60      0.01      0.24      0.23
14:50:00         dm-0     30.74      0.25    224.92      0.00      7.32      0.01      0.30      0.25
14:50:00         dm-1      0.00      0.00      0.00      0.00      0.00      0.00      0.00      0.00
15:00:24        loop0      0.00      0.00      0.00      0.00      0.00      0.00      0.00      0.00
15:00:24      nvme0n1     13.92      0.06    147.74      0.00     10.62      0.01      0.50      0.22
15:00:24         dm-0     15.08      0.06    147.74      0.00      9.80      0.01      0.59      0.45
15:00:24         dm-1      0.00      0.00      0.00      0.00      0.00      0.00      0.00      0.00
15:10:12        loop0      0.00      0.00      0.00      0.00      0.00      0.00      0.00      0.00
15:10:12      nvme0n1     17.99      0.08    165.52      0.00      9.20      0.01      0.40      0.22
15:10:12         dm-0     19.16      0.08    165.52      0.00      8.64      0.01      0.47      0.23
15:10:12         dm-1      0.00      0.00      0.00      0.00      0.00      0.00      0.00      0.00
15:20:00        loop0      0.00      0.00      0.00      0.00      0.00      0.00      0.00      0.00
15:20:00      nvme0n1     22.21      0.01    178.68      0.00      8.05      0.01      0.35      0.22
15:20:00         dm-0     23.31      0.01    178.68      0.00      7.67      0.01      0.40      0.25
15:20:00         dm-1      0.00      0.00      0.00      0.00      0.00      0.00      0.00      0.00
15:30:22        loop0      0.00      0.00      0.00      0.00      0.00      0.00      0.00      0.00
15:30:22      nvme0n1     26.21      0.13    200.13      0.00      7.64      0.01      0.32      0.22
15:30:22         dm-0     27.33      0.13    200.13      0.00      7.33      0.01      0.36      0.26
15:30:22         dm-1      0.00      0.00      0.00      0.00      0.00      0.00      0.00      0.00
15:40:24        loop0      0.00      0.00      0.00      0.00      0.00      0.00      0.00      0.00
15:40:24      nvme0n1     27.16      0.19    201.58      0.00      7.43      0.01      0.26      0.23
15:40:24         dm-0     28.28      0.19    201.58      0.00      7.14      0.01      0.32      0.53
15:40:24         dm-1      0.00      0.00      0.00      0.00      0.00      0.00      0.00      0.00
15:50:00        loop0      0.00      0.00      0.00      0.00      0.00      0.00      0.00      0.00
15:50:00      nvme0n1     38.30    387.60    724.15      0.00     29.03      0.02      0.49      0.27
15:50:00         dm-0     36.28    387.60    724.15      0.00     30.64      0.01      0.33      0.30
15:50:00         dm-1      0.00      0.00      0.00      0.00      0.00      0.00      0.00      0.00
16:00:24        loop0      0.00      0.00      0.00      0.00      0.00      0.00      0.00      0.00
16:00:24      nvme0n1     18.94      0.04    175.88      0.00      9.29      0.01      0.38      0.22
16:00:24         dm-0     20.10      0.04    175.88      0.00      8.75      0.01      0.45      0.23
16:00:24         dm-1      0.00      0.00      0.00      0.00      0.00      0.00      0.00      0.00
16:10:12        loop0      0.00      0.00      0.00      0.00      0.00      0.00      0.00      0.00
16:10:12      nvme0n1     15.95      0.03    154.50      0.00      9.69      0.01      0.39      0.23
16:10:12         dm-0     17.07      0.03    154.50      0.00      9.05      0.01      0.47      0.24
16:10:12         dm-1      0.00      0.00      0.00      0.00      0.00      0.00      0.00      0.00
16:20:00        loop0      0.00      0.00      0.00      0.00      0.00      0.00      0.00      0.00
16:20:00      nvme0n1     21.25      0.03    178.56      0.00      8.40      0.01      0.37      0.22
16:20:00         dm-0     22.34      0.03    178.56      0.00      7.99      0.01      0.45      0.24
16:20:00         dm-1      0.00      0.00      0.00      0.00      0.00      0.00      0.00      0.00
16:30:22        loop0      0.00      0.00      0.00      0.00      0.00      0.00      0.00      0.00
16:30:22      nvme0n1     25.07      0.09    199.48      0.00      7.96      0.01      0.35      0.22
16:30:22         dm-0     26.20      0.09    199.48      0.00      7.62      0.01      0.39      0.24
16:30:22         dm-1      0.00      0.00      0.00      0.00      0.00      0.00      0.00      0.00
16:40:24        loop0      0.00      0.00      0.00      0.00      0.00      0.00      0.00      0.00
16:40:24      nvme0n1     26.91      0.16    201.90      0.00      7.51      0.01      0.29      0.23
16:40:24         dm-0     28.00      0.16    201.90      0.00      7.22      0.01      0.34      0.25
16:40:24         dm-1      0.00      0.00      0.00      0.00      0.00      0.00      0.00      0.00
16:50:00        loop0      0.00      0.00      0.00      0.00      0.00      0.00      0.00      0.00
16:50:00      nvme0n1     30.99      0.10    227.28      0.00      7.34      0.01      0.34      0.23
16:50:00         dm-0     32.12      0.10    227.28      0.00      7.08      0.01      0.37      0.25
16:50:00         dm-1      0.00      0.00      0.00      0.00      0.00      0.00      0.00      0.00
17:00:24        loop0      0.00      0.00      0.00      0.00      0.00      0.00      0.00      0.00
17:00:24      nvme0n1     20.72      0.08    184.88      0.00      8.93      0.01      0.37      0.22
17:00:24         dm-0     21.87      0.08    184.88      0.00      8.46      0.01      0.43      0.24
17:00:24         dm-1      0.00      0.00      0.00      0.00      0.00      0.00      0.00      0.00
17:10:22        loop0      0.00      0.00      0.00      0.00      0.00      0.00      0.00      0.00
17:10:22      nvme0n1     16.31      0.05    154.82      0.00      9.49      0.01      0.49      0.23
17:10:22         dm-0     17.45      0.05    154.82      0.00      8.88      0.01      0.54      0.25
17:10:22         dm-1      0.00      0.00      0.00      0.00      0.00      0.00      0.00      0.00
17:20:00        loop0      0.00      0.00      0.00      0.00      0.00      0.00      0.00      0.00
17:20:00      nvme0n1     19.07      0.07    167.80      0.00      8.81      0.01      0.41      0.23
17:20:00         dm-0     20.19      0.07    167.80      0.00      8.31      0.01      0.46      0.30
17:20:00         dm-1      0.00      0.00      0.00      0.00      0.00      0.00      0.00      0.00
17:30:12        loop0      0.00      0.00      0.00      0.00      0.00      0.00      0.00      0.00
17:30:12      nvme0n1     23.58      0.18    190.66      0.00      8.09      0.01      0.40      0.22
17:30:12         dm-0     24.72      0.18    190.66      0.00      7.72      0.01      0.45      0.37
17:30:12         dm-1      0.00      0.00      0.00      0.00      0.00      0.00      0.00      0.00
17:40:24        loop0      0.00      0.00      0.00      0.00      0.00      0.00      0.00      0.00
17:40:24      nvme0n1     26.85      0.01    206.19      0.00      7.68      0.01      0.37      0.23
17:40:24         dm-0     27.94      0.01    206.19      0.00      7.38      0.01      0.41      0.26
17:40:24         dm-1      0.00      0.00      0.00      0.00      0.00      0.00      0.00      0.00
17:50:00        loop0      0.00      0.00      0.00      0.00      0.00      0.00      0.00      0.00
17:50:00      nvme0n1     29.20      0.01    212.00      0.00      7.26      0.01      0.36      0.23
17:50:00         dm-0     30.26      0.01    212.00      0.00      7.01      0.01      0.40      0.25
17:50:00         dm-1      0.00      0.00      0.00      0.00      0.00      0.00      0.00      0.00
18:00:24        loop0      0.00      0.00      0.00      0.00      0.00      0.00      0.00      0.00
18:00:24      nvme0n1     26.39      0.04    207.15      0.00      7.85      0.01      0.37      0.23
18:00:24         dm-0     27.48      0.04    207.15      0.00      7.54      0.01      0.40      0.45
18:00:24         dm-1      0.00      0.00      0.00      0.00      0.00      0.00      0.00      0.00
18:10:24        loop0      0.00      0.00      0.00      0.00      0.00      0.00      0.00      0.00
18:10:24      nvme0n1     15.21      0.08    154.67      0.00     10.17      0.01      0.65      0.23
18:10:24         dm-0     16.36      0.08    154.67      0.00      9.46      0.01      0.70      0.24
18:10:24         dm-1      0.00      0.00      0.00      0.00      0.00      0.00      0.00      0.00
18:20:00        loop0      0.00      0.00      0.00      0.00      0.00      0.00      0.00      0.00
18:20:00      nvme0n1     18.98      0.03    173.32      0.00      9.13      0.01      0.46      0.22
18:20:00         dm-0     20.09      0.03    173.32      0.00      8.63      0.01      0.52      0.27
18:20:00         dm-1      0.00      0.00      0.00      0.00      0.00      0.00      0.00      0.00
Average:        loop0      0.00      0.00      0.00      0.00      0.00      0.00      0.00      0.00
Average:      nvme0n1     10.50     26.68     84.09      0.00     10.55      0.01      0.50      0.21
Average:         dm-0     11.40     26.66     84.09      0.00      9.72      0.01      0.56      0.38
Average:         dm-1      0.00      0.00      0.00      0.00      0.00      0.00      0.00      0.00
### SAR_DEV_SA03
Linux 6.8.0-138-generic (pgain-nuc) 	09/03/26 	_x86_64_	(4 CPU)

09:37:18     LINUX RESTART	(4 CPU)

09:40:29          DEV       tps     rkB/s     wkB/s     dkB/s   areq-sz    aqu-sz     await     %util
09:50:19        loop0      0.00      0.00      0.00      0.00      0.00      0.00      0.00      0.00
09:50:19      nvme0n1      3.47      2.59     16.93      0.00      5.62      0.00      1.06      0.20
09:50:19         dm-0      4.32      2.59     16.93      0.00      4.51      0.00      1.07      0.74
09:50:19         dm-1      0.00      0.00      0.00      0.00      0.00      0.00      0.00      0.00
10:00:05        loop0      0.00      0.00      0.00      0.00      0.00      0.00      0.00      0.00
10:00:05      nvme0n1      3.47      1.04     16.54      0.00      5.07      0.00      1.00      0.20
10:00:05         dm-0      4.30      1.04     16.54      0.00      4.09      0.00      1.05      0.78
10:00:05         dm-1      0.00      0.00      0.00      0.00      0.00      0.00      0.00      0.00
10:10:29        loop0      0.00      0.00      0.00      0.00      0.00      0.00      0.00      0.00
10:10:29      nvme0n1      3.01      0.10     14.90      0.00      4.98      0.00      0.98      0.19
10:10:29         dm-0      3.77      0.10     14.90      0.00      3.98      0.00      1.04      0.70
10:10:29         dm-1      0.00      0.00      0.00      0.00      0.00      0.00      0.00      0.00
10:20:29        loop0      0.00      0.00      0.00      0.00      0.00      0.00      0.00      0.00
10:20:29      nvme0n1      3.17      0.22     15.85      0.00      5.07      0.00      1.03      0.20
10:20:29         dm-0      3.97      0.22     15.85      0.00      4.05      0.00      1.05      0.62
10:20:29         dm-1      0.00      0.00      0.00      0.00      0.00      0.00      0.00      0.00
10:30:20        loop0      0.00      0.00      0.00      0.00      0.00      0.00      0.00      0.00
10:30:20      nvme0n1     40.38    311.18    532.25      0.00     20.89      0.01      0.24      0.46
10:30:20         dm-0     76.99    311.06    532.20      0.00     10.95      0.01      0.18      0.54
10:30:20         dm-1      0.00      0.00      0.00      0.00      0.00      0.00      0.00      0.00
10:40:29        loop0      0.00      0.00      0.00      0.00      0.00      0.00      0.00      0.00
10:40:29      nvme0n1      3.22      0.11     15.88      0.00      4.96      0.00      1.04      0.20
10:40:29         dm-0      4.00      0.11     15.88      0.00      4.00      0.00      1.06      0.31
10:40:29         dm-1      0.00      0.00      0.00      0.00      0.00      0.00      0.00      0.00
10:50:02        loop0      0.00      0.00      0.00      0.00      0.00      0.00      0.00      0.00
10:50:02      nvme0n1      3.21      0.24     16.02      0.00      5.07      0.00      1.06      0.20
10:50:02         dm-0      4.04      0.24     16.02      0.00      4.03      0.00      1.08      0.23
10:50:02         dm-1      0.00      0.00      0.00      0.00      0.00      0.00      0.00      0.00
11:00:20        loop0      0.00      0.00      0.00      0.00      0.00      0.00      0.00      0.00
11:00:20      nvme0n1      3.13      0.21     15.59      0.00      5.04      0.00      1.04      0.19
11:00:20         dm-0      3.93      0.21     15.59      0.00      4.02      0.00      1.11      0.95
11:00:20         dm-1      0.00      0.00      0.00      0.00      0.00      0.00      0.00      0.00
11:10:29        loop0      0.00      0.00      0.00      0.00      0.00      0.00      0.00      0.00
11:10:29      nvme0n1      3.20      0.13     15.86      0.00      5.00      0.00      1.02      0.19
11:10:29         dm-0      4.00      0.13     15.86      0.00      4.00      0.00      1.07      0.70
11:10:29         dm-1      0.00      0.00      0.00      0.00      0.00      0.00      0.00      0.00
11:20:07        loop0      0.00      0.00      0.00      0.00      0.00      0.00      0.00      0.00
11:20:07      nvme0n1      3.35      0.25     16.59      0.00      5.03      0.00      1.04      0.19
11:20:07         dm-0      4.14      0.25     16.59      0.00      4.07      0.00      1.07      0.57
11:20:07         dm-1      0.00      0.00      0.00      0.00      0.00      0.00      0.00      0.00
11:30:24        loop0      0.00      0.00      0.00      0.00      0.00      0.00      0.00      0.00
11:30:24      nvme0n1      3.42      0.38     16.87      0.00      5.04      0.00      1.02      0.20
11:30:24         dm-0      4.26      0.38     16.87      0.00      4.05      0.00      1.05      0.77
11:30:24         dm-1      0.00      0.00      0.00      0.00      0.00      0.00      0.00      0.00
11:40:04        loop0      0.00      0.00      0.00      0.00      0.00      0.00      0.00      0.00
11:40:04      nvme0n1      3.28      0.10     15.98      0.00      4.91      0.00      0.99      0.19
11:40:04         dm-0      4.04      0.10     15.98      0.00      3.98      0.00      1.03      0.47
11:40:04         dm-1      0.00      0.00      0.00      0.00      0.00      0.00      0.00      0.00
11:50:07        loop0      0.00      0.00      0.00      0.00      0.00      0.00      0.00      0.00
11:50:07      nvme0n1      3.17      0.21     15.66      0.00      5.01      0.00      1.07      0.19
11:50:07         dm-0      3.93      0.21     15.66      0.00      4.04      0.00      1.14      0.41
11:50:07         dm-1      0.00      0.00      0.00      0.00      0.00      0.00      0.00      0.00
12:00:19        loop0      0.00      0.00      0.00      0.00      0.00      0.00      0.00      0.00
12:00:19      nvme0n1      3.18      0.20     15.93      0.00      5.07      0.00      1.03      0.20
12:00:19         dm-0      4.00      0.20     15.93      0.00      4.03      0.00      1.11      0.48
12:00:19         dm-1      0.00      0.00      0.00      0.00      0.00      0.00      0.00      0.00
12:10:29        loop0      0.00      0.00      0.00      0.00      0.00      0.00      0.00      0.00
12:10:29      nvme0n1      3.26      0.13     15.92      0.00      4.93      0.00      0.96      0.19
12:10:29         dm-0      4.04      0.13     15.92      0.00      3.97      0.00      1.01      0.62
12:10:29         dm-1      0.00      0.00      0.00      0.00      0.00      0.00      0.00      0.00
12:20:07        loop0      0.00      0.00      0.00      0.00      0.00      0.00      0.00      0.00
12:20:07      nvme0n1      3.34      0.25     16.73      0.00      5.08      0.00      1.05      0.20
12:20:07         dm-0      4.18      0.25     16.73      0.00      4.06      0.00      1.09      0.82
12:20:07         dm-1      0.00      0.00      0.00      0.00      0.00      0.00      0.00      0.00
12:30:11        loop0      0.00      0.00      0.00      0.00      0.00      0.00      0.00      0.00
12:30:11      nvme0n1      3.32      0.53     16.50      0.00      5.13      0.00      1.05      0.20
12:30:11         dm-0      4.15      0.53     16.50      0.00      4.10      0.00      1.10      0.84
12:30:11         dm-1      0.00      0.00      0.00      0.00      0.00      0.00      0.00      0.00
12:40:19        loop0      0.00      0.00      0.00      0.00      0.00      0.00      0.00      0.00
12:40:19      nvme0n1      3.32      0.25     16.21      0.00      4.96      0.00      1.02      0.19
12:40:19         dm-0      4.10      0.25     16.21      0.00      4.01      0.00      1.07      0.66
12:40:19         dm-1      0.00      0.00      0.00      0.00      0.00      0.00      0.00      0.00
12:50:08        loop0      0.00      0.00      0.00      0.00      0.00      0.00      0.00      0.00
12:50:08      nvme0n1      3.23      0.26     15.95      0.00      5.02      0.00      1.02      0.20
12:50:08         dm-0      4.03      0.26     15.95      0.00      4.03      0.00      1.02      0.52
12:50:08         dm-1      0.00      0.00      0.00      0.00      0.00      0.00      0.00      0.00
13:00:20        loop0      0.00      0.00      0.00      0.00      0.00      0.00      0.00      0.00
13:00:20      nvme0n1      3.34      0.16     16.75      0.00      5.06      0.00      1.11      0.20
13:00:20         dm-0      4.19      0.16     16.75      0.00      4.04      0.00      1.14      0.20
13:00:20         dm-1      0.00      0.00      0.00      0.00      0.00      0.00      0.00      0.00
13:10:29        loop0      0.00      0.00      0.00      0.00      0.00      0.00      0.00      0.00
13:10:29      nvme0n1      3.26      0.04     15.99      0.00      4.92      0.00      1.04      0.20
13:10:29         dm-0      4.05      0.04     15.99      0.00      3.95      0.00      1.04      0.66
13:10:29         dm-1      0.00      0.00      0.00      0.00      0.00      0.00      0.00      0.00
13:20:08        loop0      0.00      0.00      0.00      0.00      0.00      0.00      0.00      0.00
13:20:08      nvme0n1      3.32      0.12     16.47      0.00      5.00      0.00      0.99      0.20
13:20:08         dm-0      4.11      0.12     16.47      0.00      4.04      0.00      1.06      0.77
13:20:08         dm-1      0.00      0.00      0.00      0.00      0.00      0.00      0.00      0.00
13:30:29        loop0      0.00      0.00      0.00      0.00      0.00      0.00      0.00      0.00
13:30:29      nvme0n1      3.22      0.23     15.64      0.00      4.93      0.00      0.99      0.20
13:30:29         dm-0      3.93      0.23     15.64      0.00      4.04      0.00      1.02      0.57
13:30:29         dm-1      0.00      0.00      0.00      0.00      0.00      0.00      0.00      0.00
13:40:11        loop0      0.00      0.00      0.00      0.00      0.00      0.00      0.00      0.00
13:40:11      nvme0n1      3.11      0.04     15.20      0.00      4.91      0.00      1.02      0.19
13:40:11         dm-0      3.85      0.04     15.20      0.00      3.96      0.00      1.05      0.78
13:40:11         dm-1      0.00      0.00      0.00      0.00      0.00      0.00      0.00      0.00
13:50:29        loop0      0.00      0.00      0.00      0.00      0.00      0.00      0.00      0.00
13:50:29      nvme0n1      3.23      0.14     15.67      0.00      4.89      0.00      1.06      0.19
13:50:29         dm-0      3.92      0.14     15.67      0.00      4.04      0.00      1.08      0.57
13:50:29         dm-1      0.00      0.00      0.00      0.00      0.00      0.00      0.00      0.00
14:00:29        loop0      0.00      0.00      0.00      0.00      0.00      0.00      0.00      0.00
14:00:29      nvme0n1      3.25      0.12     15.84      0.00      4.91      0.00      1.10      0.19
14:00:29         dm-0      3.98      0.12     15.84      0.00      4.01      0.00      1.10      0.58
14:00:29         dm-1      0.00      0.00      0.00      0.00      0.00      0.00      0.00      0.00
14:10:29        loop0      0.00      0.00      0.00      0.00      0.00      0.00      0.00      0.00
14:10:29      nvme0n1      3.22      0.03     15.49      0.00      4.81      0.00      1.04      0.19
14:10:29         dm-0      3.92      0.03     15.49      0.00      3.96      0.00      1.06      0.62
14:10:29         dm-1      0.00      0.00      0.00      0.00      0.00      0.00      0.00      0.00
14:20:08        loop0      0.00      0.00      0.00      0.00      0.00      0.00      0.00      0.00
14:20:08      nvme0n1      3.31      0.15     16.39      0.00      4.99      0.00      1.09      0.20
14:20:08         dm-0      4.09      0.15     16.39      0.00      4.04      0.00      1.14      0.38
14:20:08         dm-1      0.00      0.00      0.00      0.00      0.00      0.00      0.00      0.00
14:30:07        loop0      0.00      0.00      0.00      0.00      0.00      0.00      0.00      0.00
14:30:07      nvme0n1      3.20      0.19     15.74      0.00      4.97      0.00      0.97      0.19
14:30:07         dm-0      3.94      0.19     15.74      0.00      4.04      0.00      0.98      0.78
14:30:07         dm-1      0.00      0.00      0.00      0.00      0.00      0.00      0.00      0.00
14:40:29        loop0      0.00      0.00      0.00      0.00      0.00      0.00      0.00      0.00
14:40:29      nvme0n1      3.71      7.34     16.42      0.00      6.40      0.00      0.92      0.19
14:40:29         dm-0      4.66      7.34     16.42      0.00      5.10      0.00      0.99      0.86
14:40:29         dm-1      0.00      0.00      0.00      0.00      0.00      0.00      0.00      0.00
14:50:29        loop0      0.00      0.00      0.00      0.00      0.00      0.00      0.00      0.00
14:50:29      nvme0n1      8.42      0.21     81.20      0.00      9.67      0.01      0.57      0.20
14:50:29         dm-0      9.31      0.21     81.20      0.00      8.74      0.01      0.64      0.73
14:50:29         dm-1      0.00      0.00      0.00      0.00      0.00      0.00      0.00      0.00
15:00:20        loop0      0.00      0.00      0.00      0.00      0.00      0.00      0.00      0.00
15:00:20      nvme0n1     17.30      0.18    159.18      0.00      9.21      0.01      0.46      0.22
15:00:20         dm-0     18.39      0.18    159.18      0.00      8.67      0.01      0.50      0.24
15:00:20         dm-1      0.00      0.00      0.00      0.00      0.00      0.00      0.00      0.00
15:10:29        loop0      0.00      0.00      0.00      0.00      0.00      0.00      0.00      0.00
15:10:29      nvme0n1     20.59      0.11    176.99      0.00      8.60      0.01      0.35      0.22
15:10:29         dm-0     21.62      0.11    176.99      0.00      8.19      0.01      0.39      0.23
15:10:29         dm-1      0.00      0.00      0.00      0.00      0.00      0.00      0.00      0.00
15:20:29        loop0      0.00      0.00      0.00      0.00      0.00      0.00      0.00      0.00
15:20:29      nvme0n1     23.55      0.23    187.63      0.00      7.98      0.01      0.35      0.22
15:20:29         dm-0     24.60      0.23    187.63      0.00      7.64      0.01      0.38      0.24
15:20:29         dm-1      0.00      0.00      0.00      0.00      0.00      0.00      0.00      0.00
15:30:20        loop0      0.00      0.00      0.00      0.00      0.00      0.00      0.00      0.00
15:30:20      nvme0n1     26.61      0.27    203.71      0.00      7.67      0.01      0.31      0.23
15:30:20         dm-0     27.68      0.27    203.71      0.00      7.37      0.01      0.36      0.25
15:30:20         dm-1      0.00      0.00      0.00      0.00      0.00      0.00      0.00      0.00
15:40:29        loop0      0.00      0.00      0.00      0.00      0.00      0.00      0.00      0.00
15:40:29      nvme0n1     28.76      0.05    211.23      0.00      7.35      0.01      0.31      0.23
15:40:29         dm-0     29.79      0.05    211.23      0.00      7.09      0.01      0.36      0.25
15:40:29         dm-1      0.00      0.00      0.00      0.00      0.00      0.00      0.00      0.00
15:50:29        loop0      0.00      0.00      0.00      0.00      0.00      0.00      0.00      0.00
15:50:29      nvme0n1     22.21      0.44    185.95      0.00      8.39      0.01      0.35      0.23
15:50:29         dm-0     23.32      0.44    185.95      0.00      7.99      0.01      0.42      0.25
15:50:29         dm-1      0.00      0.00      0.00      0.00      0.00      0.00      0.00      0.00
16:00:20        loop0      0.00      0.00      0.00      0.00      0.00      0.00      0.00      0.00
16:00:20      nvme0n1     14.76      0.08    152.75      0.00     10.35      0.01      0.60      0.23
16:00:20         dm-0     15.84      0.08    152.75      0.00      9.65      0.01      0.64      0.24
16:00:20         dm-1      0.00      0.00      0.00      0.00      0.00      0.00      0.00      0.00
16:10:09        loop0      0.00      0.00      0.00      0.00      0.00      0.00      0.00      0.00
16:10:09      nvme0n1     19.01      0.01    170.07      0.00      8.95      0.01      0.37      0.23
16:10:09         dm-0     20.04      0.01    170.07      0.00      8.49      0.01      0.43      0.28
16:10:09         dm-1      0.00      0.00      0.00      0.00      0.00      0.00      0.00      0.00
16:20:04        loop0      0.00      0.00      0.00      0.00      0.00      0.00      0.00      0.00
16:20:04      nvme0n1     22.91      0.11    185.97      0.00      8.12      0.01      0.37      0.23
16:20:04         dm-0     23.95      0.11    185.97      0.00      7.77      0.01      0.43      0.26
16:20:04         dm-1      0.00      0.00      0.00      0.00      0.00      0.00      0.00      0.00
16:30:05        loop0      0.00      0.00      0.00      0.00      0.00      0.00      0.00      0.00
16:30:05      nvme0n1     25.78      0.21    198.33      0.00      7.70      0.01      0.35      0.23
16:30:05         dm-0     26.84      0.21    198.33      0.00      7.40      0.01      0.40      0.25
16:30:05         dm-1      0.00      0.00      0.00      0.00      0.00      0.00      0.00      0.00
16:40:19        loop0      0.00      0.00      0.00      0.00      0.00      0.00      0.00      0.00
16:40:19      nvme0n1     28.03      0.03    211.29      0.00      7.54      0.01      0.34      0.22
16:40:19         dm-0     29.05      0.03    211.29      0.00      7.27      0.01      0.38      0.24
16:40:19         dm-1      0.00      0.00      0.00      0.00      0.00      0.00      0.00      0.00
16:50:09        loop0      0.00      0.00      0.00      0.00      0.00      0.00      0.00      0.00
16:50:09      nvme0n1     27.37      0.24    207.36      0.00      7.58      0.01      0.35      0.23
16:50:09         dm-0     28.43      0.24    207.36      0.00      7.30      0.01      0.39      0.25
16:50:09         dm-1      0.00      0.00      0.00      0.00      0.00      0.00      0.00      0.00
17:00:20        loop0      0.00      0.00      0.00      0.00      0.00      0.00      0.00      0.00
17:00:20      nvme0n1     16.01      0.10    154.43      0.00      9.65      0.01      0.60      0.22
17:00:20         dm-0     17.08      0.10    154.43      0.00      9.05      0.01      0.66      0.24
17:00:20         dm-1      0.00      0.00      0.00      0.00      0.00      0.00      0.00      0.00
17:10:29        loop0      0.00      0.00      0.00      0.00      0.00      0.00      0.00      0.00
17:10:29      nvme0n1     19.64      0.19    167.38      0.00      8.53      0.01      0.40      0.22
17:10:29         dm-0     20.73      0.19    167.38      0.00      8.09      0.01      0.47      0.36
17:10:29         dm-1      0.00      0.00      0.00      0.00      0.00      0.00      0.00      0.00
17:20:17        loop0      0.00      0.00      0.00      0.00      0.00      0.00      0.00      0.00
17:20:17      nvme0n1     28.10    495.35    192.90      0.00     24.49      0.01      0.42      0.33
17:20:17         dm-0     29.33    495.35    192.90      0.00     23.47      0.01      0.48      0.36
17:20:17         dm-1      0.00      0.00      0.00      0.00      0.00      0.00      0.00      0.00
17:30:09        loop0      0.00      0.00      0.00      0.00      0.00      0.00      0.00      0.00
17:30:09      nvme0n1     24.33      0.26    193.36      0.00      7.96      0.01      0.31      0.22
17:30:09         dm-0     25.37      0.22    193.18      0.00      7.62      0.01      0.36      0.24
17:30:09         dm-1      0.06      0.03      0.18      0.00      3.76      0.00      0.97      0.00
17:40:29        loop0      0.00      0.00      0.00      0.00      0.00      0.00      0.00      0.00
17:40:29      nvme0n1     26.88      0.05    201.73      0.00      7.51      0.01      0.27      0.22
17:40:29         dm-0     27.94      0.05    201.73      0.00      7.22      0.01      0.31      0.25
17:40:29         dm-1      0.00      0.00      0.00      0.00      0.00      0.00      0.00      0.00
17:50:09        loop0      0.00      0.00      0.00      0.00      0.00      0.00      0.00      0.00
17:50:09      nvme0n1     31.32      0.15    220.87      0.00      7.06      0.01      0.35      0.22
17:50:09         dm-0     32.38      0.15    220.87      0.00      6.83      0.01      0.36      0.26
17:50:09         dm-1      0.00      0.00      0.00      0.00      0.00      0.00      0.00      0.00
18:00:20        loop0      0.00      0.00      0.00      0.00      0.00      0.00      0.00      0.00
18:00:20      nvme0n1     14.50      0.21    161.94      0.00     11.18      0.01      0.57      0.22
18:00:20         dm-0     15.61      0.21    161.94      0.00     10.39      0.01      0.66      0.23
18:00:20         dm-1      0.00      0.00      0.00      0.00      0.00      0.00      0.00      0.00
18:10:29        loop0      0.00      0.00      0.00      0.00      0.00      0.00      0.00      0.00
18:10:29      nvme0n1     17.57      0.09    161.02      0.00      9.17      0.01      0.44      0.22
18:10:29         dm-0     18.62      0.09    161.02      0.00      8.65      0.01      0.49      0.24
18:10:29         dm-1      0.00      0.00      0.00      0.00      0.00      0.00      0.00      0.00
18:20:29        loop0      0.00      0.00      0.00      0.00      0.00      0.00      0.00      0.00
18:20:29      nvme0n1     27.13    236.64    695.58      0.00     34.36      0.02      0.58      0.26
18:20:29         dm-0     24.95    236.64    695.58      0.00     37.36      0.01      0.45      0.29
18:20:29         dm-1      0.00      0.00      0.00      0.00      0.00      0.00      0.00      0.00
18:30:09        loop0      0.00      0.00      0.00      0.00      0.00      0.00      0.00      0.00
18:30:09      nvme0n1     25.71      0.14    195.81      0.00      7.62      0.01      0.32      0.22
18:30:09         dm-0     26.79      0.14    195.81      0.00      7.32      0.01      0.36      0.25
18:30:09         dm-1      0.00      0.00      0.00      0.00      0.00      0.00      0.00      0.00
18:40:29        loop0      0.00      0.00      0.00      0.00      0.00      0.00      0.00      0.00
18:40:29      nvme0n1     26.47      0.14    200.58      0.00      7.58      0.01      0.28      0.22
18:40:29         dm-0     27.52      0.14    200.58      0.00      7.29      0.01      0.32      0.30
18:40:29         dm-1      0.00      0.00      0.00      0.00      0.00      0.00      0.00      0.00
18:50:29        loop0      0.00      0.00      0.00      0.00      0.00      0.00      0.00      0.00
18:50:29      nvme0n1     29.31      0.08    212.10      0.00      7.24      0.01      0.31      0.24
18:50:29         dm-0     30.35      0.08    212.10      0.00      6.99      0.01      0.35      0.26
18:50:29         dm-1      0.00      0.00      0.00      0.00      0.00      0.00      0.00      0.00
19:00:12        loop0      0.00      0.00      0.00      0.00      0.00      0.00      0.00      0.00
19:00:12      nvme0n1     20.89      0.11    187.26      0.00      8.97      0.01      0.38      0.22
19:00:12         dm-0     22.02      0.11    187.26      0.00      8.51      0.01      0.44      0.24
19:00:12         dm-1      0.00      0.00      0.00      0.00      0.00      0.00      0.00      0.00
19:10:09        loop0      0.00      0.00      0.00      0.00      0.00      0.00      0.00      0.00
19:10:09      nvme0n1     16.18      0.07    155.77      0.00      9.63      0.01      0.46      0.22
19:10:09         dm-0     17.22      0.07    155.77      0.00      9.05      0.01      0.52      0.24
19:10:09         dm-1      0.00      0.00      0.00      0.00      0.00      0.00      0.00      0.00
19:20:29        loop0      0.00      0.00      0.00      0.00      0.00      0.00      0.00      0.00
19:20:29      nvme0n1     18.46      0.14    170.61      0.00      9.25      0.01      0.44      0.21
19:20:29         dm-0     19.48      0.14    170.61      0.00      8.77      0.01      0.49      0.23
19:20:29         dm-1      0.00      0.00      0.00      0.00      0.00      0.00      0.00      0.00
19:30:20        loop0      0.00      0.00      0.00      0.00      0.00      0.00      0.00      0.00
19:30:20      nvme0n1     24.37      0.08    189.08      0.00      7.76      0.01      0.41      0.22
19:30:20         dm-0     25.47      0.08    189.08      0.00      7.43      0.01      0.46      0.24
19:30:20         dm-1      0.00      0.00      0.00      0.00      0.00      0.00      0.00      0.00
19:40:29        loop0      0.00      0.00      0.00      0.00      0.00      0.00      0.00      0.00
19:40:29      nvme0n1     25.82      0.01    197.33      0.00      7.64      0.01      0.36      0.22
19:40:29         dm-0     26.86      0.01    197.33      0.00      7.35      0.01      0.41      0.24
19:40:29         dm-1      0.00      0.00      0.00      0.00      0.00      0.00      0.00      0.00
19:50:09        loop0      0.00      0.00      0.00      0.00      0.00      0.00      0.00      0.00
19:50:09      nvme0n1     28.29      0.08    207.60      0.00      7.34      0.01      0.38      0.23
19:50:09         dm-0     29.33      0.08    207.60      0.00      7.08      0.01      0.43      0.47
19:50:09         dm-1      0.00      0.00      0.00      0.00      0.00      0.00      0.00      0.00
20:00:20        loop0      0.00      0.00      0.00      0.00      0.00      0.00      0.00      0.00
20:00:20      nvme0n1     26.35      0.09    207.29      0.00      7.87      0.01      0.36      0.23
20:00:20         dm-0     27.45      0.09    207.29      0.00      7.55      0.01      0.40      0.33
20:00:20         dm-1      0.00      0.00      0.00      0.00      0.00      0.00      0.00      0.00
20:10:19        loop0      0.00      0.00      0.00      0.00      0.00      0.00      0.00      0.00
20:10:19      nvme0n1     13.56      0.04    147.53      0.00     10.88      0.01      0.45      0.22
20:10:19         dm-0     14.63      0.04    147.53      0.00     10.08      0.01      0.52      0.23
20:10:19         dm-1      0.00      0.00      0.00      0.00      0.00      0.00      0.00      0.00
20:20:29        loop0      0.00      0.00      0.00      0.00      0.00      0.00      0.00      0.00
20:20:29      nvme0n1     19.65      0.09    174.75      0.00      8.90      0.01      0.43      0.23
20:20:29         dm-0     20.71      0.09    174.75      0.00      8.44      0.01      0.49      0.52
20:20:29         dm-1      0.00      0.00      0.00      0.00      0.00      0.00      0.00      0.00
20:30:09        loop0      0.00      0.00      0.00      0.00      0.00      0.00      0.00      0.00
20:30:09      nvme0n1     22.85      0.08    188.56      0.00      8.26      0.01      0.36      0.22
20:30:09         dm-0     23.94      0.08    188.56      0.00      7.88      0.01      0.41      0.24
20:30:09         dm-1      0.00      0.00      0.00      0.00      0.00      0.00      0.00      0.00
20:40:29        loop0      0.00      0.00      0.00      0.00      0.00      0.00      0.00      0.00
20:40:29      nvme0n1     25.41      0.04    197.39      0.00      7.77      0.01      0.38      0.23
20:40:29         dm-0     26.45      0.04    197.39      0.00      7.46      0.01      0.42      0.24
20:40:29         dm-1      0.00      0.00      0.00      0.00      0.00      0.00      0.00      0.00
20:50:19        loop0      0.00      0.00      0.00      0.00      0.00      0.00      0.00      0.00
20:50:19      nvme0n1     28.19      0.09    207.98      0.00      7.38      0.01      0.29      0.23
20:50:19         dm-0     29.20      0.09    207.98      0.00      7.13      0.01      0.33      0.25
20:50:19         dm-1      0.00      0.00      0.00      0.00      0.00      0.00      0.00      0.00
21:00:20        loop0      0.00      0.00      0.00      0.00      0.00      0.00      0.00      0.00
21:00:20      nvme0n1     30.40      0.25    226.03      0.00      7.44      0.01      0.35      0.23
21:00:20         dm-0     31.49      0.25    226.03      0.00      7.19      0.01      0.39      0.49
21:00:20         dm-1      0.00      0.00      0.00      0.00      0.00      0.00      0.00      0.00
21:10:09        loop0      0.00      0.00      0.00      0.00      0.00      0.00      0.00      0.00
21:10:09      nvme0n1     13.22      0.58    145.94      0.00     11.08      0.01      0.57      0.22
21:10:09         dm-0     14.96      0.58    145.94      0.00      9.79      0.01      0.63      0.24
21:10:09         dm-1      0.00      0.00      0.00      0.00      0.00      0.00      0.00      0.00
21:20:29        loop0      0.00      0.00      0.00      0.00      0.00      0.00      0.00      0.00
21:20:29      nvme0n1     17.85      0.08    165.10      0.00      9.26      0.01      0.44      0.22
21:20:29         dm-0     18.88      0.08    165.10      0.00      8.75      0.01      0.49      0.45
21:20:29         dm-1      0.00      0.00      0.00      0.00      0.00      0.00      0.00      0.00
21:30:09        loop0      0.00      0.00      0.00      0.00      0.00      0.00      0.00      0.00
21:30:09      nvme0n1     21.95      0.01    182.82      0.00      8.33      0.01      0.38      0.23
21:30:09         dm-0     23.01      0.01    182.82      0.00      7.95      0.01      0.43      0.24
21:30:09         dm-1      0.00      0.00      0.00      0.00      0.00      0.00      0.00      0.00
21:40:26        loop0      0.00      0.00      0.00      0.00      0.00      0.00      0.00      0.00
21:40:26      nvme0n1     24.64      0.10    192.24      0.00      7.80      0.01      0.34      0.22
21:40:26         dm-0     25.70      0.10    192.24      0.00      7.48      0.01      0.39      0.24
21:40:26         dm-1      0.00      0.00      0.00      0.00      0.00      0.00      0.00      0.00
21:50:19        loop0      0.00      0.00      0.00      0.00      0.00      0.00      0.00      0.00
21:50:19      nvme0n1     31.34      0.04    224.98      0.00      7.18      0.01      0.37      0.23
21:50:19         dm-0     32.37      0.04    224.98      0.00      6.95      0.01      0.41      0.26
21:50:19         dm-1      0.00      0.00      0.00      0.00      0.00      0.00      0.00      0.00
22:00:20        loop0      0.00      0.00      0.00      0.00      0.00      0.00      0.00      0.00
22:00:20      nvme0n1     29.75      0.11    212.85      0.00      7.16      0.01      0.34      0.23
22:00:20         dm-0     30.81      0.11    212.85      0.00      6.91      0.01      0.38      0.25
22:00:20         dm-1      0.00      0.00      0.00      0.00      0.00      0.00      0.00      0.00
22:10:09        loop0      0.00      0.00      0.00      0.00      0.00      0.00      0.00      0.00
22:10:09      nvme0n1     17.43      0.11    171.65      0.00      9.86      0.01      0.42      0.22
22:10:09         dm-0     18.53      0.11    171.65      0.00      9.27      0.01      0.48      0.24
22:10:09         dm-1      0.00      0.00      0.00      0.00      0.00      0.00      0.00      0.00
22:20:24        loop0      0.00      0.00      0.00      0.00      0.00      0.00      0.00      0.00
22:20:24      nvme0n1     16.43      0.13    161.86      0.00      9.86      0.01      0.46      0.22
22:20:24         dm-0     17.43      0.13    161.86      0.00      9.29      0.01      0.51      0.23
22:20:24         dm-1      0.00      0.00      0.00      0.00      0.00      0.00      0.00      0.00
22:30:19        loop0      0.00      0.00      0.00      0.00      0.00      0.00      0.00      0.00
22:30:19      nvme0n1     20.33      0.05    176.07      0.00      8.66      0.01      0.40      0.22
22:30:19         dm-0     21.39      0.05    176.07      0.00      8.23      0.01      0.46      0.24
22:30:19         dm-1      0.00      0.00      0.00      0.00      0.00      0.00      0.00      0.00
22:40:29        loop0      0.00      0.00      0.00      0.00      0.00      0.00      0.00      0.00
22:40:29      nvme0n1     17.67      0.09    135.51      0.00      7.68      0.01      0.42      0.21
22:40:29         dm-0     18.66      0.09    135.51      0.00      7.27      0.01      0.47      0.28
22:40:29         dm-1      0.00      0.00      0.00      0.00      0.00      0.00      0.00      0.00
22:50:09        loop0      0.00      0.00      0.00      0.00      0.00      0.00      0.00      0.00
22:50:09      nvme0n1     26.29      0.17    202.08      0.00      7.69      0.01      0.32      0.23
22:50:09         dm-0     27.46      0.17    202.08      0.00      7.36      0.01      0.37      0.25
22:50:09         dm-1      0.00      0.00      0.00      0.00      0.00      0.00      0.00      0.00
23:00:20        loop0      0.00      0.00      0.00      0.00      0.00      0.00      0.00      0.00
23:00:20      nvme0n1     28.74      0.03    214.18      0.00      7.45      0.01      0.31      0.24
23:00:20         dm-0     29.85      0.03    214.18      0.00      7.18      0.01      0.37      0.27
23:00:20         dm-1      0.00      0.00      0.00      0.00      0.00      0.00      0.00      0.00
23:10:19        loop0      0.00      0.00      0.00      0.00      0.00      0.00      0.00      0.00
23:10:19      nvme0n1     25.83      0.11    207.48      0.00      8.04      0.01      0.40      0.23
23:10:19         dm-0     27.00      0.11    207.48      0.00      7.69      0.01      0.44      0.42
23:10:19         dm-1      0.00      0.00      0.00      0.00      0.00      0.00      0.00      0.00
23:20:29        loop0      0.00      0.00      0.00      0.00      0.00      0.00      0.00      0.00
23:20:29      nvme0n1     13.78      0.00    148.14      0.00     10.75      0.01      0.56      0.22
23:20:29         dm-0     15.00      0.00    148.14      0.00      9.88      0.01      0.64      0.23
23:20:29         dm-1      0.00      0.00      0.00      0.00      0.00      0.00      0.00      0.00
23:30:09        loop0      0.00      0.00      0.00      0.00      0.00      0.00      0.00      0.00
23:30:09      nvme0n1     18.60      0.32    169.22      0.00      9.11      0.01      0.46      0.22
23:30:09         dm-0     19.71      0.32    169.22      0.00      8.60      0.01      0.50      0.28
23:30:09         dm-1      0.00      0.00      0.00      0.00      0.00      0.00      0.00      0.00
23:40:29        loop0      0.00      0.00      0.00      0.00      0.00      0.00      0.00      0.00
23:40:29      nvme0n1     22.37      0.00    186.66      0.00      8.34      0.01      0.39      0.22
23:40:29         dm-0     23.45      0.00    186.66      0.00      7.96      0.01      0.44      0.24
23:40:29         dm-1      0.00      0.00      0.00      0.00      0.00      0.00      0.00      0.00
23:50:09        loop0      0.00      0.00      0.00      0.00      0.00      0.00      0.00      0.00
23:50:09      nvme0n1     25.59      0.08    194.91      0.00      7.62      0.01      0.36      0.22
23:50:09         dm-0     26.62      0.08    194.91      0.00      7.32      0.01      0.40      0.24
23:50:09         dm-1      0.00      0.00      0.00      0.00      0.00      0.00      0.00      0.00
Average:        loop0      0.00      0.00      0.00      0.00      0.00      0.00      0.00      0.00
Average:      nvme0n1     16.21     12.37    136.74      0.00      9.20      0.01      0.42      0.22
Average:         dm-0     17.57     12.37    136.74      0.00      8.49      0.01      0.47      0.40
Average:         dm-1      0.00      0.00      0.00      0.00      3.66      0.00      0.94      0.00
### SAR_DEV_SA04
Linux 6.8.0-138-generic (pgain-nuc) 	09/04/26 	_x86_64_	(4 CPU)

00:00:20          DEV       tps     rkB/s     wkB/s     dkB/s   areq-sz    aqu-sz     await     %util
00:10:15        loop0      0.00      0.00      0.00      0.00      0.00      0.00      0.00      0.00
00:10:15      nvme0n1     32.14      0.09    226.49      0.00      7.05      0.01      0.36      0.23
00:10:15         dm-0     33.54      0.09    226.49      0.00      6.75      0.01      0.42      0.47
00:10:15         dm-1      0.00      0.00      0.00      0.00      0.00      0.00      0.00      0.00
00:20:29        loop0      0.00      0.00      0.00      0.00      0.00      0.00      0.00      0.00
00:20:29      nvme0n1     12.56      0.05    147.37      0.00     11.74      0.01      0.58      0.21
00:20:29         dm-0     13.54      0.05    147.37      0.00     10.89      0.01      0.63      0.23
00:20:29         dm-1      0.00      0.00      0.00      0.00      0.00      0.00      0.00      0.00
00:30:19        loop0      0.00      0.00      0.00      0.00      0.00      0.00      0.00      0.00
00:30:19      nvme0n1     19.08      0.03    165.88      0.00      8.69      0.01      0.45      0.22
00:30:19         dm-0     20.16      0.03    165.88      0.00      8.23      0.01      0.49      0.23
00:30:19         dm-1      0.00      0.00      0.00      0.00      0.00      0.00      0.00      0.00
00:40:17        loop0      0.00      0.00      0.00      0.00      0.00      0.00      0.00      0.00
00:40:17      nvme0n1     22.15      0.07    182.38      0.00      8.24      0.01      0.40      0.22
00:40:17         dm-0     23.22      0.07    182.38      0.00      7.86      0.01      0.45      0.24
00:40:17         dm-1      0.00      0.00      0.00      0.00      0.00      0.00      0.00      0.00
00:50:19        loop0      0.00      0.00      0.00      0.00      0.00      0.00      0.00      0.00
00:50:19      nvme0n1     22.80      0.08    182.64      0.00      8.01      0.01      0.29      0.22
00:50:19         dm-0     23.85      0.08    182.64      0.00      7.66      0.01      0.34      0.24
00:50:19         dm-1      0.00      0.00      0.00      0.00      0.00      0.00      0.00      0.00
01:00:20        loop0      0.00      0.00      0.00      0.00      0.00      0.00      0.00      0.00
01:00:20      nvme0n1     27.04      0.11    202.50      0.00      7.49      0.01      0.31      0.23
01:00:20         dm-0     28.13      0.11    202.50      0.00      7.20      0.01      0.37      0.25
01:00:20         dm-1      0.00      0.00      0.00      0.00      0.00      0.00      0.00      0.00
01:10:09        loop0      0.00      0.00      0.00      0.00      0.00      0.00      0.00      0.00
01:10:09      nvme0n1     14.45      0.00     98.65      0.00      6.83      0.01      0.48      0.20
01:10:09         dm-0     15.29      0.00     98.65      0.00      6.45      0.01      0.55      0.39
01:10:09         dm-1      0.00      0.00      0.00      0.00      0.00      0.00      0.00      0.00
01:20:09        loop0      0.00      0.00      0.00      0.00      0.00      0.00      0.00      0.00
01:20:09      nvme0n1      3.17      0.05     15.53      0.00      4.91      0.00      1.04      0.19
01:20:09         dm-0      3.91      0.05     15.53      0.00      3.99      0.00      1.07      0.52
01:20:09         dm-1      0.00      0.00      0.00      0.00      0.00      0.00      0.00      0.00
Average:        loop0      0.00      0.00      0.00      0.00      0.00      0.00      0.00      0.00
Average:      nvme0n1     19.15      0.06    152.68      0.00      7.97      0.01      0.40      0.22
Average:         dm-0     20.18      0.06    152.68      0.00      7.57      0.01      0.46      0.32
Average:         dm-1      0.00      0.00      0.00      0.00      0.00      0.00      0.00      0.00
### SAR_DEV_SA27
Linux 6.8.0-138-generic (pgain-nuc) 	08/27/26 	_x86_64_	(4 CPU)

00:00:21          DEV       tps     rkB/s     wkB/s     dkB/s   areq-sz    aqu-sz     await     %util
00:10:21        loop0      0.00      0.00      0.00      0.00      0.00      0.00      0.00      0.00
00:10:21      nvme0n1      2.33      8.11     13.29      0.00      9.18      0.00      1.47      0.12
00:10:21         dm-0      3.40      8.11     13.29      0.00      6.31      0.00      1.37      5.28
00:10:21         dm-1      0.00      0.00      0.00      0.00      0.00      0.00      0.00      0.00
00:20:21        loop0      0.00      0.00      0.00      0.00      0.00      0.00      0.00      0.00
00:20:21      nvme0n1      3.23      0.18     15.56      0.00      4.87      0.00      1.06      0.20
00:20:21         dm-0      3.94      0.18     15.56      0.00      3.99      0.00      1.14      0.20
00:20:21         dm-1      0.00      0.00      0.00      0.00      0.00      0.00      0.00      0.00
00:30:16        loop0      0.00      0.00      0.00      0.00      0.00      0.00      0.00      0.00
00:30:16      nvme0n1      3.18      0.09     15.57      0.00      4.92      0.00      1.02      0.19
00:30:16         dm-0      3.90      0.09     15.57      0.00      4.02      0.00      1.06      0.47
00:30:16         dm-1      0.00      0.00      0.00      0.00      0.00      0.00      0.00      0.00
00:40:21        loop0      0.00      0.00      0.00      0.00      0.00      0.00      0.00      0.00
00:40:21      nvme0n1      3.20      0.09     15.76      0.00      4.95      0.00      0.96      0.19
00:40:21         dm-0      3.94      0.09     15.76      0.00      4.02      0.00      1.00      1.01
00:40:21         dm-1      0.00      0.00      0.00      0.00      0.00      0.00      0.00      0.00
00:50:06        loop0      0.00      0.00      0.00      0.00      0.00      0.00      0.00      0.00
00:50:06      nvme0n1      3.13      0.05     14.97      0.00      4.80      0.00      1.05      0.19
00:50:06         dm-0      3.80      0.05     14.97      0.00      3.95      0.00      1.08      0.59
00:50:06         dm-1      0.00      0.00      0.00      0.00      0.00      0.00      0.00      0.00
01:00:21        loop0      0.00      0.00      0.00      0.00      0.00      0.00      0.00      0.00
01:00:21      nvme0n1      3.22      0.12     15.60      0.00      4.88      0.00      0.99      0.20
01:00:21         dm-0      3.94      0.12     15.60      0.00      4.00      0.00      1.00      0.36
01:00:21         dm-1      0.00      0.00      0.00      0.00      0.00      0.00      0.00      0.00
01:10:21        loop0      0.00      0.00      0.00      0.00      0.00      0.00      0.00      0.00
01:10:21      nvme0n1      3.22      0.11     15.75      0.00      4.93      0.00      0.98      0.19
01:10:21         dm-0      3.95      0.11     15.75      0.00      4.01      0.00      1.00      0.65
01:10:21         dm-1      0.00      0.00      0.00      0.00      0.00      0.00      0.00      0.00
01:20:16        loop0      0.00      0.00      0.00      0.00      0.00      0.00      0.00      0.00
01:20:16      nvme0n1      3.26      0.07     15.84      0.00      4.88      0.00      0.99      0.19
01:20:16         dm-0      4.00      0.07     15.84      0.00      3.98      0.00      1.02      0.65
01:20:16         dm-1      0.00      0.00      0.00      0.00      0.00      0.00      0.00      0.00
01:30:21        loop0      0.00      0.00      0.00      0.00      0.00      0.00      0.00      0.00
01:30:21      nvme0n1      3.22      0.20     15.50      0.00      4.88      0.00      1.03      0.20
01:30:21         dm-0      3.90      0.20     15.50      0.00      4.03      0.00      1.09      0.38
01:30:21         dm-1      0.00      0.00      0.00      0.00      0.00      0.00      0.00      0.00
01:40:07        loop0      0.00      0.00      0.00      0.00      0.00      0.00      0.00      0.00
01:40:07      nvme0n1      3.26      0.08     15.87      0.00      4.89      0.00      1.04      0.19
01:40:07         dm-0      3.97      0.08     15.87      0.00      4.01      0.00      1.08      0.64
01:40:07         dm-1      0.00      0.00      0.00      0.00      0.00      0.00      0.00      0.00
01:50:07        loop0      0.00      0.00      0.00      0.00      0.00      0.00      0.00      0.00
01:50:07      nvme0n1     16.22      0.11    106.21      0.00      6.55      0.01      0.52      0.20
01:50:07         dm-0     17.10      0.11    106.21      0.00      6.22      0.01      0.57      0.43
01:50:07         dm-1      0.00      0.00      0.00      0.00      0.00      0.00      0.00      0.00
02:00:16        loop0      0.00      0.00      0.00      0.00      0.00      0.00      0.00      0.00
02:00:16      nvme0n1     32.32      0.33    236.78      0.00      7.34      0.01      0.28      0.22
02:00:16         dm-0     33.29      0.33    236.78      0.00      7.12      0.01      0.34      0.24
02:00:16         dm-1      0.00      0.00      0.00      0.00      0.00      0.00      0.00      0.00
02:10:21        loop0      0.00      0.00      0.00      0.00      0.00      0.00      0.00      0.00
02:10:21      nvme0n1     13.36      0.05    188.79      0.00     14.13      0.01      0.37      0.17
02:10:21         dm-0     13.98      0.05    188.79      0.00     13.51      0.01      0.64      0.18
02:10:21         dm-1      0.00      0.00      0.00      0.00      0.00      0.00      0.00      0.00
02:20:07        loop0      0.00      0.00      0.00      0.00      0.00      0.00      0.00      0.00
02:20:07      nvme0n1     18.96      0.79    205.12      0.00     10.86      0.01      0.28      0.17
02:20:07         dm-0     19.45      0.79    205.12      0.00     10.59      0.01      0.44      0.22
02:20:07         dm-1      0.00      0.00      0.00      0.00      0.00      0.00      0.00      0.00
02:30:21        loop0      0.00      0.00      0.00      0.00      0.00      0.00      0.00      0.00
02:30:21      nvme0n1     25.61      0.18    219.79      0.00      8.59      0.01      0.35      0.21
02:30:21         dm-0     26.40      0.18    219.79      0.00      8.33      0.01      0.40      0.23
02:30:21         dm-1      0.00      0.00      0.00      0.00      0.00      0.00      0.00      0.00
02:40:21        loop0      0.00      0.00      0.00      0.00      0.00      0.00      0.00      0.00
02:40:21      nvme0n1     30.42      0.06    233.48      0.00      7.68      0.01      0.30      0.22
02:40:21         dm-0     31.35      0.06    233.48      0.00      7.45      0.01      0.35      0.24
02:40:21         dm-1      0.00      0.00      0.00      0.00      0.00      0.00      0.00      0.00
02:50:07        loop0      0.00      0.00      0.00      0.00      0.00      0.00      0.00      0.00
02:50:07      nvme0n1     25.98      0.23    231.03      0.00      8.90      0.01      0.26      0.19
02:50:07         dm-0     26.71      0.23    231.03      0.00      8.66      0.01      0.36      0.40
02:50:07         dm-1      0.00      0.00      0.00      0.00      0.00      0.00      0.00      0.00
03:00:21        loop0      0.00      0.00      0.00      0.00      0.00      0.00      0.00      0.00
03:00:21      nvme0n1     14.73      0.18    175.62      0.00     11.93      0.01      0.47      0.19
03:00:21         dm-0     15.49      0.18    175.62      0.00     11.35      0.01      0.57      0.21
03:00:21         dm-1      0.00      0.00      0.00      0.00      0.00      0.00      0.00      0.00
03:10:21        loop0      0.00      0.00      0.00      0.00      0.00      0.00      0.00      0.00
03:10:21      nvme0n1     20.67      0.03    206.14      0.00      9.97      0.01      0.28      0.18
03:10:21         dm-0     21.36      0.03    206.14      0.00      9.65      0.01      0.39      0.20
03:10:21         dm-1      0.00      0.00      0.00      0.00      0.00      0.00      0.00      0.00
03:20:07        loop0      0.00      0.00      0.00      0.00      0.00      0.00      0.00      0.00
03:20:07      nvme0n1     19.91     23.87    154.01      0.00      8.94      0.01      0.37      0.21
03:20:07         dm-0     22.98     23.80    153.98      0.00      7.74      0.01      0.42      0.62
03:20:07         dm-1      0.02      0.07      0.03      0.00      4.31      0.00      0.85      0.00
03:30:21        loop0      0.00      0.00      0.00      0.00      0.00      0.00      0.00      0.00
03:30:21      nvme0n1     27.32      0.04    205.60      0.00      7.53      0.01      0.31      0.24
03:30:21         dm-0     28.39      0.04    205.60      0.00      7.24      0.01      0.36      0.25
03:30:21         dm-1      0.00      0.00      0.00      0.00      0.00      0.00      0.00      0.00
03:40:21        loop0      0.00      0.00      0.00      0.00      0.00      0.00      0.00      0.00
03:40:21      nvme0n1     31.57      0.20    224.76      0.00      7.13      0.01      0.32      0.23
03:40:21         dm-0     32.67      0.20    224.76      0.00      6.88      0.01      0.35      0.25
03:40:21         dm-1      0.00      0.00      0.00      0.00      0.00      0.00      0.00      0.00
03:50:07        loop0      0.00      0.00      0.00      0.00      0.00      0.00      0.00      0.00
03:50:07      nvme0n1     15.06      0.09    167.78      0.00     11.15      0.01      0.50      0.22
03:50:07         dm-0     16.06      0.09    167.78      0.00     10.45      0.01      0.57      0.23
03:50:07         dm-1      0.00      0.00      0.00      0.00      0.00      0.00      0.00      0.00
04:00:21        loop0      0.00      0.00      0.00      0.00      0.00      0.00      0.00      0.00
04:00:21      nvme0n1     16.38      0.09    186.27      0.00     11.38      0.01      0.38      0.18
04:00:21         dm-0     17.03      0.09    186.27      0.00     10.94      0.01      0.52      0.45
04:00:21         dm-1      0.00      0.00      0.00      0.00      0.00      0.00      0.00      0.00
04:10:21        loop0      0.00      0.00      0.00      0.00      0.00      0.00      0.00      0.00
04:10:21      nvme0n1     22.93      0.07    204.16      0.00      8.91      0.01      0.34      0.21
04:10:21         dm-0     23.82      0.07    204.16      0.00      8.58      0.01      0.45      0.23
04:10:21         dm-1      0.00      0.00      0.00      0.00      0.00      0.00      0.00      0.00
04:20:07        loop0      0.00      0.00      0.00      0.00      0.00      0.00      0.00      0.00
04:20:07      nvme0n1     28.87      0.09    229.18      0.00      7.94      0.01      0.30      0.22
04:20:07         dm-0     29.81      0.09    229.18      0.00      7.69      0.01      0.36      0.26
04:20:07         dm-1      0.00      0.00      0.00      0.00      0.00      0.00      0.00      0.00
04:30:21        loop0      0.00      0.00      0.00      0.00      0.00      0.00      0.00      0.00
04:30:21      nvme0n1     31.87      0.08    230.45      0.00      7.23      0.01      0.31      0.22
04:30:21         dm-0     32.94      0.08    230.45      0.00      7.00      0.01      0.34      0.31
04:30:21         dm-1      0.00      0.00      0.00      0.00      0.00      0.00      0.00      0.00
04:40:21        loop0      0.00      0.00      0.00      0.00      0.00      0.00      0.00      0.00
04:40:21      nvme0n1     18.52      0.10    178.85      0.00      9.66      0.01      0.46      0.22
04:40:21         dm-0     19.68      0.10    178.85      0.00      9.09      0.01      0.51      0.26
04:40:21         dm-1      0.00      0.00      0.00      0.00      0.00      0.00      0.00      0.00
Average:        loop0      0.00      0.00      0.00      0.00      0.00      0.00      0.00      0.00
Average:      nvme0n1     15.81      1.25    133.69      0.00      8.54      0.01      0.39      0.20
Average:         dm-0     16.71      1.25    133.69      0.00      8.08      0.01      0.47      0.55
Average:         dm-1      0.00      0.00      0.00      0.00      4.31      0.00      0.85      0.00

11:50:53     LINUX RESTART	(4 CPU)

12:00:04          DEV       tps     rkB/s     wkB/s     dkB/s   areq-sz    aqu-sz     await     %util
12:10:04        loop0      0.00      0.00      0.00      0.00      0.00      0.00      0.00      0.00
12:10:04      nvme0n1      3.35      1.13     15.52      0.00      4.97      0.00      1.00      0.19
12:10:04         dm-0      4.10      1.13     15.52      0.00      4.07      0.00      1.03      0.25
12:10:04         dm-1      0.00      0.00      0.00      0.00      0.00      0.00      0.00      0.00
12:20:04        loop0      0.00      0.00      0.00      0.00      0.00      0.00      0.00      0.00
12:20:04      nvme0n1      4.30    103.29     16.67      0.00     27.87      0.00      0.82      0.20
12:20:04         dm-0      5.16    103.29     16.67      0.00     23.27      0.00      0.86      0.23
12:20:04         dm-1      0.00      0.00      0.00      0.00      0.00      0.00      0.00      0.00
12:30:04        loop0      0.00      0.00      0.00      0.00      0.00      0.00      0.00      0.00
12:30:04      nvme0n1      3.17      0.43     15.58      0.00      5.04      0.00      1.06      0.19
12:30:04         dm-0      3.93      0.43     15.58      0.00      4.07      0.00      1.11      0.72
12:30:04         dm-1      0.00      0.00      0.00      0.00      0.00      0.00      0.00      0.00
12:40:04        loop0      0.00      0.00      0.00      0.00      0.00      0.00      0.00      0.00
12:40:04      nvme0n1      3.19      0.59     15.63      0.00      5.08      0.00      0.99      0.19
12:40:04         dm-0      3.93      0.59     15.63      0.00      4.13      0.00      1.01      0.35
12:40:04         dm-1      0.00      0.00      0.00      0.00      0.00      0.00      0.00      0.00
12:50:04        loop0      0.00      0.00      0.00      0.00      0.00      0.00      0.00      0.00
12:50:04      nvme0n1      3.21      0.09     15.61      0.00      4.90      0.00      1.07      0.20
12:50:04         dm-0      3.96      0.09     15.61      0.00      3.97      0.00      1.14      0.34
12:50:04         dm-1      0.00      0.00      0.00      0.00      0.00      0.00      0.00      0.00
13:00:04        loop0      0.00      0.00      0.00      0.00      0.00      0.00      0.00      0.00
13:00:04      nvme0n1      3.22      0.24     15.71      0.00      4.96      0.00      1.02      0.20
13:00:04         dm-0      3.97      0.24     15.71      0.00      4.02      0.00      1.06      0.39
13:00:04         dm-1      0.00      0.00      0.00      0.00      0.00      0.00      0.00      0.00
13:10:04        loop0      0.00      0.00      0.00      0.00      0.00      0.00      0.00      0.00
13:10:04      nvme0n1      3.35      0.19     16.74      0.00      5.06      0.00      1.04      0.20
13:10:04         dm-0      4.17      0.19     16.74      0.00      4.06      0.00      1.08      0.34
13:10:04         dm-1      0.00      0.00      0.00      0.00      0.00      0.00      0.00      0.00
13:20:04        loop0      0.00      0.00      0.00      0.00      0.00      0.00      0.00      0.00
13:20:04      nvme0n1    139.00  16915.72     23.68      0.00    121.86      0.02      0.16      1.23
13:20:04         dm-0     11.10    340.15     23.36      0.00     32.76      0.01      0.56      0.43
13:20:04         dm-1    133.02  16575.52      0.25      0.00    124.61      0.02      0.13      1.36
13:30:03        loop0      0.00      0.00      0.00      0.00      0.00      0.00      0.00      0.00
13:30:03      nvme0n1     62.75   7479.44     17.95      0.00    119.48      0.01      0.22      0.72
13:30:03         dm-0      4.56      4.14     17.95      0.00      4.85      0.00      0.66      0.62
13:30:03         dm-1     59.23   7475.30      0.00      0.00    126.21      0.01      0.19      0.81
13:40:04        loop0      0.00      0.00      0.00      0.00      0.00      0.00      0.00      0.00
13:40:04      nvme0n1     10.19    881.90     17.05      0.00     88.20      0.00      0.44      0.25
13:40:04         dm-0      4.18      0.35     17.05      0.00      4.16      0.00      0.75      1.48
13:40:04         dm-1      6.97    881.56      0.00      0.00    126.42      0.00      0.30      0.14
13:50:04        loop0      0.00      0.00      0.00      0.00      0.00      0.00      0.00      0.00
13:50:04      nvme0n1      8.67    708.96     16.57      0.00     83.70      0.00      0.47      0.23
13:50:04         dm-0      4.03      0.11     16.57      0.00      4.14      0.00      0.82      0.93
13:50:04         dm-1      5.59    708.85      0.00      0.00    126.84      0.00      0.28      0.11
14:00:02        loop0      0.00      0.00      0.00      0.00      0.00      0.00      0.00      0.00
14:00:02      nvme0n1      6.41    428.34     16.62      0.00     69.44      0.00      0.53      0.21
14:00:02         dm-0      3.98      0.21     16.62      0.00      4.23      0.00      0.83      1.27
14:00:02         dm-1      3.37    428.14      0.00      0.00    126.99      0.00      0.25      0.06
14:10:04        loop0      0.00      0.00      0.00      0.00      0.00      0.00      0.00      0.00
14:10:04      nvme0n1      4.55    143.75     18.09      0.00     35.56      0.00      0.83      0.21
14:10:04         dm-0      4.41      0.24     18.09      0.00      4.15      0.00      1.06      1.35
14:10:04         dm-1      1.12    143.51      0.00      0.00    128.00      0.00      0.24      0.02
14:20:04        loop0      0.00      0.00      0.00      0.00      0.00      0.00      0.00      0.00
14:20:04      nvme0n1      3.08      0.04     15.60      0.00      5.07      0.00      1.06      0.20
14:20:04         dm-0      3.93      0.04     15.60      0.00      3.98      0.00      1.12      0.62
14:20:04         dm-1      0.00      0.00      0.00      0.00      0.00      0.00      0.00      0.00
14:30:04        loop0      0.00      0.00      0.00      0.00      0.00      0.00      0.00      0.00
14:30:04      nvme0n1      2.95      0.27     15.25      0.00      5.26      0.00      1.20      0.20
14:30:04         dm-0      3.81      0.27     15.25      0.00      4.08      0.00      1.29      1.15
14:30:04         dm-1      0.00      0.00      0.00      0.00      0.00      0.00      0.00      0.00
14:40:04        loop0      0.00      0.00      0.00      0.00      0.00      0.00      0.00      0.00
14:40:04      nvme0n1      2.83      0.25     14.56      0.00      5.24      0.00      1.13      0.19
14:40:04         dm-0      3.64      0.25     14.56      0.00      4.06      0.00      1.27      0.19
14:40:04         dm-1      0.00      0.00      0.00      0.00      0.00      0.00      0.00      0.00
14:50:04        loop0      0.00      0.00      0.00      0.00      0.00      0.00      0.00      0.00
14:50:04      nvme0n1      2.98      0.09     14.94      0.00      5.04      0.00      1.13      0.20
14:50:04         dm-0      3.78      0.09     14.94      0.00      3.98      0.00      1.21      0.22
14:50:04         dm-1      0.00      0.00      0.00      0.00      0.00      0.00      0.00      0.00
15:00:04        loop0      0.00      0.00      0.00      0.00      0.00      0.00      0.00      0.00
15:00:04      nvme0n1      3.26      0.35     16.31      0.00      5.11      0.00      1.02      0.20
15:00:04         dm-0      4.09      0.35     16.31      0.00      4.07      0.00      1.08      0.77
15:00:04         dm-1      0.00      0.00      0.00      0.00      0.00      0.00      0.00      0.00
15:10:04        loop0      0.00      0.00      0.00      0.00      0.00      0.00      0.00      0.00
15:10:04      nvme0n1      3.00      0.15     15.25      0.00      5.14      0.00      1.08      0.20
15:10:04         dm-0      3.83      0.15     15.25      0.00      4.02      0.00      1.15      0.20
15:10:04         dm-1      0.00      0.00      0.00      0.00      0.00      0.00      0.00      0.00
15:20:04        loop0      0.00      0.00      0.00      0.00      0.00      0.00      0.00      0.00
15:20:04      nvme0n1      3.18      0.11     16.04      0.00      5.08      0.00      1.08      0.19
15:20:04         dm-0      4.05      0.11     16.04      0.00      3.99      0.00      1.12      0.36
15:20:04         dm-1      0.00      0.00      0.00      0.00      0.00      0.00      0.00      0.00
15:30:04        loop0      0.00      0.00      0.00      0.00      0.00      0.00      0.00      0.00
15:30:04      nvme0n1      3.24      0.23     16.03      0.00      5.01      0.00      1.08      0.20
15:30:04         dm-0      4.05      0.23     16.03      0.00      4.02      0.00      1.14      0.60
15:30:04         dm-1      0.00      0.00      0.00      0.00      0.00      0.00      0.00      0.00
15:40:04        loop0      0.00      0.00      0.00      0.00      0.00      0.00      0.00      0.00
15:40:04      nvme0n1      3.16      0.25     15.59      0.00      5.02      0.00      0.99      0.20
15:40:04         dm-0      3.94      0.25     15.59      0.00      4.03      0.00      1.06      0.20
15:40:04         dm-1      0.00      0.00      0.00      0.00      0.00      0.00      0.00      0.00
15:50:04        loop0      0.00      0.00      0.00      0.00      0.00      0.00      0.00      0.00
15:50:04      nvme0n1      3.08      0.25     15.41      0.00      5.08      0.00      1.00      0.19
15:50:04         dm-0      3.87      0.25     15.41      0.00      4.05      0.00      1.02      0.21
15:50:04         dm-1      0.00      0.00      0.00      0.00      0.00      0.00      0.00      0.00
16:00:04        loop0      0.00      0.00      0.00      0.00      0.00      0.00      0.00      0.00
16:00:04      nvme0n1      3.15      0.13     15.75      0.00      5.04      0.00      1.02      0.20
16:00:04         dm-0      3.98      0.13     15.75      0.00      3.99      0.00      1.09      0.53
16:00:04         dm-1      0.00      0.00      0.00      0.00      0.00      0.00      0.00      0.00
16:10:04        loop0      0.00      0.00      0.00      0.00      0.00      0.00      0.00      0.00
16:10:04      nvme0n1      3.19      0.15     15.81      0.00      4.99      0.00      1.11      0.20
16:10:04         dm-0      3.97      0.15     15.81      0.00      4.02      0.00      1.13      0.20
16:10:04         dm-1      0.00      0.00      0.00      0.00      0.00      0.00      0.00      0.00
16:20:04        loop0      0.00      0.00      0.00      0.00      0.00      0.00      0.00      0.00
16:20:04      nvme0n1      3.31      0.13     16.09      0.00      4.91      0.00      1.06      0.20
16:20:04         dm-0      4.08      0.13     16.09      0.00      3.98      0.00      1.07      0.26
16:20:04         dm-1      0.00      0.00      0.00      0.00      0.00      0.00      0.00      0.00
16:30:04        loop0      0.00      0.00      0.00      0.00      0.00      0.00      0.00      0.00
16:30:04      nvme0n1     13.88    895.93    185.15      0.00     77.87      0.01      0.44      0.43
16:30:04         dm-0     54.37    845.11    185.15      0.00     18.95      0.01      0.26      0.62
16:30:04         dm-1      0.41     50.81      0.00      0.00    124.44      0.00      0.16      0.00
16:40:04        loop0      0.00      0.00      0.00      0.00      0.00      0.00      0.00      0.00
16:40:04      nvme0n1     45.65   2291.95   1598.72      0.00     85.22      0.02      0.35      0.91
16:40:04         dm-0    435.16   2208.44   1598.72      0.00      8.75      0.13      0.29      1.45
16:40:04         dm-1      0.67     83.51      0.00      0.00    123.71      0.00      0.17      0.01
16:50:04        loop0      0.00      0.00      0.00      0.00      0.00      0.00      0.00      0.00
16:50:04      nvme0n1      4.42     19.17     16.79      0.00      8.14      0.00      0.88      0.22
16:50:04         dm-0      5.38     19.17     16.79      0.00      6.68      0.01      0.96      0.22
16:50:04         dm-1      0.00      0.00      0.00      0.00      0.00      0.00      0.00      0.00
17:00:04        loop0      0.00      0.00      0.00      0.00      0.00      0.00      0.00      0.00
17:00:04      nvme0n1      3.27      1.79     15.61      0.00      5.33      0.00      1.01      0.20
17:00:04         dm-0      4.13      1.79     15.61      0.00      4.22      0.00      1.05      0.91
17:00:04         dm-1      0.00      0.00      0.00      0.00      0.00      0.00      0.00      0.00
17:10:04        loop0      0.00      0.00      0.00      0.00      0.00      0.00      0.00      0.00
17:10:04      nvme0n1      3.22      1.58     15.63      0.00      5.35      0.00      1.02      0.20
17:10:04         dm-0      4.13      1.58     15.63      0.00      4.17      0.00      1.08      0.44
17:10:04         dm-1      0.00      0.00      0.00      0.00      0.00      0.00      0.00      0.00
17:20:04        loop0      0.00      0.00      0.00      0.00      0.00      0.00      0.00      0.00
17:20:04      nvme0n1      3.45      1.46     16.35      0.00      5.16      0.00      1.03      0.20
17:20:04         dm-0      4.34      1.46     16.35      0.00      4.11      0.00      1.08      0.93
17:20:04         dm-1      0.00      0.00      0.00      0.00      0.00      0.00      0.00      0.00
17:30:04        loop0      0.00      0.00      0.00      0.00      0.00      0.00      0.00      0.00
17:30:04      nvme0n1      3.37      1.13     16.33      0.00      5.18      0.00      0.99      0.20
17:30:04         dm-0      4.28      1.13     16.33      0.00      4.08      0.00      1.05      0.20
17:30:04         dm-1      0.00      0.00      0.00      0.00      0.00      0.00      0.00      0.00
17:40:04        loop0      0.00      0.00      0.00      0.00      0.00      0.00      0.00      0.00
17:40:04      nvme0n1      3.32      1.07     15.95      0.00      5.13      0.00      1.09      0.20
17:40:04         dm-0      4.22      1.07     15.95      0.00      4.03      0.00      1.12      0.35
17:40:04         dm-1      0.00      0.00      0.00      0.00      0.00      0.00      0.00      0.00
17:50:04        loop0      0.00      0.00      0.00      0.00      0.00      0.00      0.00      0.00
17:50:04      nvme0n1      2.35      2.83     11.07      0.00      5.92      0.00      1.47      0.18
17:50:04         dm-0      3.25      2.83     11.07      0.00      4.27      0.01      1.73      1.10
17:50:04         dm-1      0.00      0.00      0.00      0.00      0.00      0.00      0.00      0.00
18:00:04        loop0      0.00      0.00      0.00      0.00      0.00      0.00      0.00      0.00
18:00:04      nvme0n1      2.30     22.01      7.67      0.00     12.88      0.00      1.52      0.11
18:00:04         dm-0      4.46     22.01      7.67      0.00      6.66      0.01      1.55      0.46
18:00:04         dm-1      0.00      0.00      0.00      0.00      0.00      0.00      0.00      0.00
18:10:02        loop0      0.00      0.00      0.00      0.00      0.00      0.00      0.00      0.00
18:10:02      nvme0n1      2.97      1.33     14.36      0.00      5.29      0.00      0.98      0.19
18:10:02         dm-0      3.81      1.33     14.36      0.00      4.11      0.00      1.05      0.19
18:10:02         dm-1      0.00      0.00      0.00      0.00      0.00      0.00      0.00      0.00
18:20:04        loop0      0.00      0.00      0.00      0.00      0.00      0.00      0.00      0.00
18:20:04      nvme0n1      3.44      0.80     16.86      0.00      5.14      0.00      0.97      0.20
18:20:04         dm-0      4.37      0.80     16.86      0.00      4.04      0.00      1.01      0.67
18:20:04         dm-1      0.00      0.00      0.00      0.00      0.00      0.00      0.00      0.00
18:30:04        loop0      0.00      0.00      0.00      0.00      0.00      0.00      0.00      0.00
18:30:04      nvme0n1      3.29      0.95     15.87      0.00      5.11      0.00      0.96      0.19
18:30:04         dm-0      4.10      0.95     15.87      0.00      4.10      0.00      1.00      0.48
18:30:04         dm-1      0.00      0.00      0.00      0.00      0.00      0.00      0.00      0.00
18:40:04        loop0      0.00      0.00      0.00      0.00      0.00      0.00      0.00      0.00
18:40:04      nvme0n1      3.37      1.99     16.03      0.00      5.34      0.00      0.98      0.20
18:40:04         dm-0      4.27      1.99     16.03      0.00      4.22      0.00      1.03      1.03
18:40:04         dm-1      0.00      0.00      0.00      0.00      0.00      0.00      0.00      0.00
18:50:04        loop0      0.00      0.00      0.00      0.00      0.00      0.00      0.00      0.00
18:50:04      nvme0n1      2.76      0.64     13.79      0.00      5.23      0.00      1.27      0.18
18:50:04         dm-0      3.62      0.64     13.79      0.00      3.99      0.01      1.56      1.03
18:50:04         dm-1      0.00      0.00      0.00      0.00      0.00      0.00      0.00      0.00
19:00:04        loop0      0.00      0.00      0.00      0.00      0.00      0.00      0.00      0.00
19:00:04      nvme0n1      3.27      0.51     15.81      0.00      4.99      0.00      1.00      0.20
19:00:04         dm-0      4.09      0.51     15.81      0.00      3.99      0.00      1.06      0.58
19:00:04         dm-1      0.00      0.00      0.00      0.00      0.00      0.00      0.00      0.00
19:10:04        loop0      0.00      0.00      0.00      0.00      0.00      0.00      0.00      0.00
19:10:04      nvme0n1      3.22      0.27     15.46      0.00      4.88      0.00      1.06      0.19
19:10:04         dm-0      3.99      0.27     15.46      0.00      3.94      0.00      1.11      0.67
19:10:04         dm-1      0.00      0.00      0.00      0.00      0.00      0.00      0.00      0.00
19:20:04        loop0      0.00      0.00      0.00      0.00      0.00      0.00      0.00      0.00
19:20:04      nvme0n1      7.58    234.56     19.21      0.00     33.48      0.00      0.54      0.23
19:20:04         dm-0     11.12     60.93     18.80      0.00      7.17      0.01      0.48      1.06
19:20:04         dm-1      1.53    173.62      0.41      0.00    113.99      0.00      0.20      0.02
19:30:04        loop0      0.00      0.00      0.00      0.00      0.00      0.00      0.00      0.00
19:30:04      nvme0n1      5.22     14.49    123.36      0.00     26.40      0.00      0.83      0.22
19:30:04         dm-0     25.23     14.49    123.36      0.00      5.46      0.01      0.34      0.43
19:30:04         dm-1      0.00      0.00      0.00      0.00      0.00      0.00      0.00      0.00
19:40:04        loop0      0.00      0.00      0.00      0.00      0.00      0.00      0.00      0.00
19:40:04      nvme0n1      2.98      0.09     14.23      0.00      4.80      0.00      0.99      0.19
19:40:04         dm-0      3.64      0.09     14.23      0.00      3.93      0.00      1.02      0.82
19:40:04         dm-1      0.00      0.00      0.00      0.00      0.00      0.00      0.00      0.00
19:50:02        loop0      0.00      0.00      0.00      0.00      0.00      0.00      0.00      0.00
19:50:02      nvme0n1      3.07      0.15     14.71      0.00      4.85      0.00      1.01      0.19
19:50:02         dm-0      3.73      0.15     14.71      0.00      3.99      0.00      1.06      0.63
19:50:02         dm-1      0.00      0.00      0.00      0.00      0.00      0.00      0.00      0.00
20:00:04        loop0      0.00      0.00      0.00      0.00      0.00      0.00      0.00      0.00
20:00:04      nvme0n1      3.11      0.19     14.89      0.00      4.85      0.00      1.08      0.20
20:00:04         dm-0      3.78      0.19     14.89      0.00      3.99      0.00      1.08      0.82
20:00:04         dm-1      0.00      0.00      0.00      0.00      0.00      0.00      0.00      0.00
20:10:04        loop0      0.00      0.00      0.00      0.00      0.00      0.00      0.00      0.00
20:10:04      nvme0n1      3.15      0.14     14.97      0.00      4.80      0.00      1.05      0.19
20:10:04         dm-0      3.81      0.14     14.97      0.00      3.97      0.00      1.07      0.64
20:10:04         dm-1      0.00      0.00      0.00      0.00      0.00      0.00      0.00      0.00
20:20:04        loop0      0.00      0.00      0.00      0.00      0.00      0.00      0.00      0.00
20:20:04      nvme0n1      3.38      2.77     15.53      0.00      5.42      0.00      0.96      0.19
20:20:04         dm-0      4.05      2.77     15.53      0.00      4.52      0.00      0.99      0.42
20:20:04         dm-1      0.00      0.00      0.00      0.00      0.00      0.00      0.00      0.00
20:30:02        loop0      0.00      0.00      0.00      0.00      0.00      0.00      0.00      0.00
20:30:02      nvme0n1      3.08      0.13     14.93      0.00      4.90      0.00      0.98      0.20
20:30:02         dm-0      3.77      0.13     14.93      0.00      4.00      0.00      1.03      0.39
20:30:02         dm-1      0.00      0.00      0.00      0.00      0.00      0.00      0.00      0.00
20:40:04        loop0      0.00      0.00      0.00      0.00      0.00      0.00      0.00      0.00
20:40:04      nvme0n1      3.19      0.03     15.16      0.00      4.76      0.00      0.99      0.19
20:40:04         dm-0      3.84      0.03     15.16      0.00      3.95      0.00      1.03      0.54
20:40:04         dm-1      0.00      0.00      0.00      0.00      0.00      0.00      0.00      0.00
20:50:04        loop0      0.00      0.00      0.00      0.00      0.00      0.00      0.00      0.00
20:50:04      nvme0n1      3.04      0.09     14.60      0.00      4.83      0.00      0.95      0.19
20:50:04         dm-0      3.67      0.09     14.60      0.00      4.00      0.00      1.00      0.34
20:50:04         dm-1      0.00      0.00      0.00      0.00      0.00      0.00      0.00      0.00
21:00:04        loop0      0.00      0.00      0.00      0.00      0.00      0.00      0.00      0.00
21:00:04      nvme0n1      3.09      0.12     14.93      0.00      4.87      0.00      1.00      0.19
21:00:04         dm-0      3.77      0.12     14.93      0.00      3.99      0.00      1.04      0.41
21:00:04         dm-1      0.00      0.00      0.00      0.00      0.00      0.00      0.00      0.00
21:10:02        loop0      0.00      0.00      0.00      0.00      0.00      0.00      0.00      0.00
21:10:02      nvme0n1      3.14      0.09     15.02      0.00      4.81      0.00      1.06      0.19
21:10:02         dm-0      3.82      0.09     15.02      0.00      3.95      0.00      1.12      0.20
21:10:02         dm-1      0.00      0.00      0.00      0.00      0.00      0.00      0.00      0.00
21:20:04        loop0      0.00      0.00      0.00      0.00      0.00      0.00      0.00      0.00
21:20:04      nvme0n1     16.09    484.22    950.49      0.00     89.14      0.01      0.76      0.28
21:20:04         dm-0    120.86    484.22    950.49      0.00     11.87      0.02      0.16      0.44
21:20:04         dm-1      0.00      0.00      0.00      0.00      0.00      0.00      0.00      0.00
21:30:04        loop0      0.00      0.00      0.00      0.00      0.00      0.00      0.00      0.00
21:30:04      nvme0n1      3.25      0.21     15.65      0.00      4.88      0.00      1.04      0.20
21:30:04         dm-0      3.92      0.21     15.65      0.00      4.05      0.00      1.07      0.47
21:30:04         dm-1      0.00      0.00      0.00      0.00      0.00      0.00      0.00      0.00
21:40:04        loop0      0.00      0.00      0.00      0.00      0.00      0.00      0.00      0.00
21:40:04      nvme0n1      3.16      0.10     15.07      0.00      4.80      0.00      1.00      0.19
21:40:04         dm-0      3.85      0.10     15.07      0.00      3.94      0.00      1.03      0.66
21:40:04         dm-1      0.00      0.00      0.00      0.00      0.00      0.00      0.00      0.00
21:50:00        loop0      0.00      0.00      0.00      0.00      0.00      0.00      0.00      0.00
21:50:00      nvme0n1      3.28      0.54     15.95      0.00      5.03      0.00      1.10      0.19
21:50:00         dm-0      4.05      0.54     15.95      0.00      4.07      0.00      1.15      0.29
21:50:00         dm-1      0.00      0.00      0.00      0.00      0.00      0.00      0.00      0.00
22:00:04        loop0      0.00      0.00      0.00      0.00      0.00      0.00      0.00      0.00
22:00:04      nvme0n1      3.09      2.10     14.90      0.00      5.51      0.00      1.00      0.19
22:00:04         dm-0      3.76      2.10     14.90      0.00      4.52      0.00      1.02      0.34
22:00:04         dm-1      0.00      0.00      0.00      0.00      0.00      0.00      0.00      0.00
22:10:02        loop0      0.00      0.00      0.00      0.00      0.00      0.00      0.00      0.00
22:10:02      nvme0n1      3.13      0.02     14.91      0.00      4.76      0.00      1.03      0.18
22:10:02         dm-0      3.78      0.02     14.91      0.00      3.95      0.00      1.04      0.54
22:10:02         dm-1      0.00      0.00      0.00      0.00      0.00      0.00      0.00      0.00
22:20:04        loop0      0.00      0.00      0.00      0.00      0.00      0.00      0.00      0.00
22:20:04      nvme0n1      3.15      0.07     15.02      0.00      4.79      0.00      1.00      0.20
22:20:04         dm-0      3.79      0.07     15.02      0.00      3.98      0.00      1.06      0.20
22:20:04         dm-1      0.00      0.00      0.00      0.00      0.00      0.00      0.00      0.00
22:30:04        loop0      0.00      0.00      0.00      0.00      0.00      0.00      0.00      0.00
22:30:04      nvme0n1      3.16      0.19     15.12      0.00      4.85      0.00      1.07      0.19
22:30:04         dm-0      3.82      0.19     15.12      0.00      4.01      0.00      1.09      0.39
22:30:04         dm-1      0.00      0.00      0.00      0.00      0.00      0.00      0.00      0.00
22:40:04        loop0      0.00      0.00      0.00      0.00      0.00      0.00      0.00      0.00
22:40:04      nvme0n1      2.25      0.06     10.99      0.00      4.91      0.00      1.32      0.15
22:40:04         dm-0      2.77      0.06     10.99      0.00      4.00      0.00      1.46      0.53
22:40:04         dm-1      0.00      0.00      0.00      0.00      0.00      0.00      0.00      0.00
22:50:02        loop0      0.00      0.00      0.00      0.00      0.00      0.00      0.00      0.00
22:50:02      nvme0n1      3.10      0.15     14.85      0.00      4.84      0.00      1.05      0.19
22:50:02         dm-0      3.75      0.15     14.85      0.00      4.00      0.00      1.11      0.42
22:50:02         dm-1      0.00      0.00      0.00      0.00      0.00      0.00      0.00      0.00
23:00:04        loop0      0.00      0.00      0.00      0.00      0.00      0.00      0.00      0.00
23:00:04      nvme0n1      2.54      0.04     12.78      0.00      5.04      0.00      1.22      0.17
23:00:04         dm-0      3.22      0.04     12.78      0.00      3.98      0.00      1.44      0.39
23:00:04         dm-1      0.00      0.00      0.00      0.00      0.00      0.00      0.00      0.00
23:10:04        loop0      0.00      0.00      0.00      0.00      0.00      0.00      0.00      0.00
23:10:04      nvme0n1      1.54      0.09      7.62      0.00      4.99      0.00      1.82      0.12
23:10:04         dm-0      1.89      0.09      7.62      0.00      4.07      0.00      2.08      1.25
23:10:04         dm-1      0.00      0.00      0.00      0.00      0.00      0.00      0.00      0.00
23:20:04        loop0      0.00      0.00      0.00      0.00      0.00      0.00      0.00      0.00
23:20:04      nvme0n1      3.25      0.27     15.84      0.00      4.95      0.00      1.01      0.20
23:20:04         dm-0      4.00      0.27     15.84      0.00      4.03      0.00      1.03      0.41
23:20:04         dm-1      0.00      0.00      0.00      0.00      0.00      0.00      0.00      0.00
23:30:02        loop0      0.00      0.00      0.00      0.00      0.00      0.00      0.00      0.00
23:30:02      nvme0n1      1.94      0.19      9.68      0.00      5.10      0.00      1.54      0.16
23:30:02         dm-0      2.50      0.19      9.68      0.00      3.95      0.00      1.94      0.37
23:30:02         dm-1      0.00      0.00      0.00      0.00      0.00      0.00      0.00      0.00
23:40:04        loop0      0.00      0.00      0.00      0.00      0.00      0.00      0.00      0.00
23:40:04      nvme0n1      2.41      0.16     12.07      0.00      5.08      0.00      1.27      0.17
23:40:04         dm-0      3.08      0.16     12.07      0.00      3.97      0.00      1.60      0.18
23:40:04         dm-1      0.00      0.00      0.00      0.00      0.00      0.00      0.00      0.00
23:50:04        loop0      0.00      0.00      0.00      0.00      0.00      0.00      0.00      0.00
23:50:04      nvme0n1      2.92      3.06     13.86      0.00      5.80      0.00      1.08      0.18
23:50:04         dm-0      3.62      3.06     13.86      0.00      4.68      0.00      1.27      1.27
23:50:04         dm-1      0.00      0.00      0.00      0.00      0.00      0.00      0.00      0.00
Average:        loop0      0.00      0.00      0.00      0.00      0.00      0.00      0.00      0.00
Average:      nvme0n1      7.12    431.61     54.66      0.00     68.29      0.00      0.58      0.23
Average:         dm-0     12.84     58.27     54.65      0.00      8.79      0.01      0.51      0.57
Average:         dm-1      2.98    373.34      0.01      0.00    125.15      0.00      0.16      0.04
### SAR_DEV_SA28
Linux 6.8.0-138-generic (pgain-nuc) 	08/28/26 	_x86_64_	(4 CPU)

00:00:04          DEV       tps     rkB/s     wkB/s     dkB/s   areq-sz    aqu-sz     await     %util
00:10:02        loop0      0.00      0.00      0.00      0.00      0.00      0.00      0.00      0.00
00:10:02      nvme0n1      2.31      4.42     11.19      0.00      6.76      0.00      1.37      0.13
00:10:02         dm-0      3.04      4.42     11.19      0.00      5.14      0.00      1.55      3.55
00:10:02         dm-1      0.00      0.00      0.00      0.00      0.00      0.00      0.00      0.00
00:20:04        loop0      0.00      0.00      0.00      0.00      0.00      0.00      0.00      0.00
00:20:04      nvme0n1      2.00      0.05     10.14      0.00      5.10      0.00      1.57      0.16
00:20:04         dm-0      2.58      0.05     10.14      0.00      3.95      0.01      2.04      0.16
00:20:04         dm-1      0.00      0.00      0.00      0.00      0.00      0.00      0.00      0.00
00:30:04        loop0      0.00      0.00      0.00      0.00      0.00      0.00      0.00      0.00
00:30:04      nvme0n1      2.34      0.15     11.36      0.00      4.91      0.00      1.40      0.15
00:30:04         dm-0      2.86      0.15     11.36      0.00      4.02      0.00      1.48      1.43
00:30:04         dm-1      0.00      0.00      0.00      0.00      0.00      0.00      0.00      0.00
00:40:04        loop0      0.00      0.00      0.00      0.00      0.00      0.00      0.00      0.00
00:40:04      nvme0n1      2.36      0.15     11.73      0.00      5.04      0.00      1.34      0.15
00:40:04         dm-0      2.91      0.15     11.73      0.00      4.08      0.00      1.44      0.25
00:40:04         dm-1      0.00      0.00      0.00      0.00      0.00      0.00      0.00      0.00
00:50:02        loop0      0.00      0.00      0.00      0.00      0.00      0.00      0.00      0.00
00:50:02      nvme0n1      2.49      8.92     10.37      0.00      7.75      0.00      1.25      0.16
00:50:02         dm-0      3.17      8.92     10.37      0.00      6.08      0.01      1.68      0.16
00:50:02         dm-1      0.00      0.00      0.00      0.00      0.00      0.00      0.00      0.00
01:00:04        loop0      0.00      0.00      0.00      0.00      0.00      0.00      0.00      0.00
01:00:04      nvme0n1      3.63      0.19     18.54      0.00      5.16      0.00      0.85      0.18
01:00:04         dm-0      4.44      0.19     18.54      0.00      4.22      0.00      0.87      1.04
01:00:04         dm-1      0.00      0.00      0.00      0.00      0.00      0.00      0.00      0.00
01:10:04        loop0      0.00      0.00      0.00      0.00      0.00      0.00      0.00      0.00
01:10:04      nvme0n1      2.77      0.24     14.76      0.00      5.41      0.00      1.24      0.15
01:10:04         dm-0      3.49      0.24     14.76      0.00      4.30      0.00      1.38      0.76
01:10:04         dm-1      0.00      0.00      0.00      0.00      0.00      0.00      0.00      0.00
01:20:04        loop0      0.00      0.00      0.00      0.00      0.00      0.00      0.00      0.00
01:20:04      nvme0n1      1.93      0.04      9.49      0.00      4.93      0.00      1.47      0.13
01:20:04         dm-0      2.37      0.04      9.49      0.00      4.03      0.00      1.52      0.35
01:20:04         dm-1      0.00      0.00      0.00      0.00      0.00      0.00      0.00      0.00
01:30:02        loop0      0.00      0.00      0.00      0.00      0.00      0.00      0.00      0.00
01:30:02      nvme0n1      2.46      0.09     12.11      0.00      4.97      0.00      1.21      0.16
01:30:02         dm-0      3.03      0.09     12.11      0.00      4.03      0.00      1.26      0.16
01:30:02         dm-1      0.00      0.00      0.00      0.00      0.00      0.00      0.00      0.00
01:40:04        loop0      0.00      0.00      0.00      0.00      0.00      0.00      0.00      0.00
01:40:04      nvme0n1      1.93      0.04      9.45      0.00      4.93      0.00      1.61      0.13
01:40:04         dm-0      2.34      0.04      9.45      0.00      4.05      0.00      1.66      1.41
01:40:04         dm-1      0.00      0.00      0.00      0.00      0.00      0.00      0.00      0.00
01:50:02        loop0      0.00      0.00      0.00      0.00      0.00      0.00      0.00      0.00
01:50:02      nvme0n1      2.06      0.12     10.40      0.00      5.10      0.00      1.54      0.13
01:50:02         dm-0      2.53      0.12     10.40      0.00      4.15      0.00      1.69      1.82
01:50:02         dm-1      0.00      0.00      0.00      0.00      0.00      0.00      0.00      0.00
02:00:04        loop0      0.00      0.00      0.00      0.00      0.00      0.00      0.00      0.00
02:00:04      nvme0n1      3.29      0.10     16.04      0.00      4.91      0.00      1.08      0.20
02:00:04         dm-0      4.01      0.10     16.04      0.00      4.02      0.00      1.13      0.91
02:00:04         dm-1      0.00      0.00      0.00      0.00      0.00      0.00      0.00      0.00
02:10:04        loop0      0.00      0.00      0.00      0.00      0.00      0.00      0.00      0.00
02:10:04      nvme0n1      3.05      0.10     14.71      0.00      4.86      0.00      1.02      0.18
02:10:04         dm-0      3.73      0.10     14.71      0.00      3.97      0.00      1.06      0.71
02:10:04         dm-1      0.00      0.00      0.00      0.00      0.00      0.00      0.00      0.00
02:20:04        loop0      0.00      0.00      0.00      0.00      0.00      0.00      0.00      0.00
02:20:04      nvme0n1      3.10      0.13     15.13      0.00      4.92      0.00      1.05      0.19
02:20:04         dm-0      3.80      0.13     15.13      0.00      4.02      0.00      1.09      0.19
02:20:04         dm-1      0.00      0.00      0.00      0.00      0.00      0.00      0.00      0.00
02:30:02        loop0      0.00      0.00      0.00      0.00      0.00      0.00      0.00      0.00
02:30:02      nvme0n1      3.17      0.09     15.56      0.00      4.94      0.00      1.05      0.19
02:30:02         dm-0      3.90      0.09     15.56      0.00      4.02      0.00      1.09      0.28
02:30:02         dm-1      0.00      0.00      0.00      0.00      0.00      0.00      0.00      0.00
02:40:04        loop0      0.00      0.00      0.00      0.00      0.00      0.00      0.00      0.00
02:40:04      nvme0n1      3.22      0.05     15.58      0.00      4.86      0.00      1.04      0.19
02:40:04         dm-0      3.91      0.05     15.58      0.00      4.00      0.00      1.07      0.51
02:40:04         dm-1      0.00      0.00      0.00      0.00      0.00      0.00      0.00      0.00
02:50:04        loop0      0.00      0.00      0.00      0.00      0.00      0.00      0.00      0.00
02:50:04      nvme0n1      3.30      0.21     16.07      0.00      4.93      0.00      0.97      0.19
02:50:04         dm-0      4.03      0.21     16.07      0.00      4.04      0.00      0.99      0.50
02:50:04         dm-1      0.00      0.00      0.00      0.00      0.00      0.00      0.00      0.00
03:00:04        loop0      0.00      0.00      0.00      0.00      0.00      0.00      0.00      0.00
03:00:04      nvme0n1      3.20      0.10     15.59      0.00      4.90      0.00      1.08      0.19
03:00:04         dm-0      3.91      0.10     15.59      0.00      4.01      0.00      1.12      0.99
03:00:04         dm-1      0.00      0.00      0.00      0.00      0.00      0.00      0.00      0.00
03:10:02        loop0      0.00      0.00      0.00      0.00      0.00      0.00      0.00      0.00
03:10:02      nvme0n1      3.29      0.03     15.88      0.00      4.84      0.00      1.02      0.19
03:10:02         dm-0      4.00      0.03     15.88      0.00      3.98      0.00      1.04      0.51
03:10:02         dm-1      0.00      0.00      0.00      0.00      0.00      0.00      0.00      0.00
03:20:04        loop0      0.00      0.00      0.00      0.00      0.00      0.00      0.00      0.00
03:20:04      nvme0n1      4.36     25.68     21.23      0.00     10.76      0.00      0.92      0.21
03:20:04         dm-0      5.19     25.68     21.23      0.00      9.03      0.01      0.97      0.53
03:20:04         dm-1      0.00      0.00      0.00      0.00      0.00      0.00      0.00      0.00
03:30:04        loop0      0.00      0.00      0.00      0.00      0.00      0.00      0.00      0.00
03:30:04      nvme0n1      3.21      0.16     15.66      0.00      4.93      0.00      1.01      0.19
03:30:04         dm-0      3.92      0.16     15.66      0.00      4.04      0.00      1.05      0.34
03:30:04         dm-1      0.00      0.00      0.00      0.00      0.00      0.00      0.00      0.00
03:40:04        loop0      0.00      0.00      0.00      0.00      0.00      0.00      0.00      0.00
03:40:04      nvme0n1      3.08      0.11     15.15      0.00      4.96      0.00      0.97      0.18
03:40:04         dm-0      3.79      0.11     15.15      0.00      4.03      0.00      1.05      0.19
03:40:04         dm-1      0.00      0.00      0.00      0.00      0.00      0.00      0.00      0.00
03:50:04        loop0      0.00      0.00      0.00      0.00      0.00      0.00      0.00      0.00
03:50:04      nvme0n1      3.02      0.05     14.91      0.00      4.95      0.00      1.02      0.19
03:50:04         dm-0      3.71      0.05     14.91      0.00      4.03      0.00      1.02      0.19
03:50:04         dm-1      0.00      0.00      0.00      0.00      0.00      0.00      0.00      0.00
04:00:04        loop0      0.00      0.00      0.00      0.00      0.00      0.00      0.00      0.00
04:00:04      nvme0n1      3.20      0.36     15.84      0.00      5.07      0.00      1.03      0.19
04:00:04         dm-0      3.95      0.36     15.84      0.00      4.10      0.00      1.08      0.43
04:00:04         dm-1      0.00      0.00      0.00      0.00      0.00      0.00      0.00      0.00
04:10:04        loop0      0.00      0.00      0.00      0.00      0.00      0.00      0.00      0.00
04:10:04      nvme0n1      3.12      0.03     15.09      0.00      4.85      0.00      0.93      0.19
04:10:04         dm-0      3.81      0.03     15.09      0.00      3.96      0.00      0.95      0.60
04:10:04         dm-1      0.00      0.00      0.00      0.00      0.00      0.00      0.00      0.00
04:20:04        loop0      0.00      0.00      0.00      0.00      0.00      0.00      0.00      0.00
04:20:04      nvme0n1      4.34     15.87     21.74      0.00      8.66      0.00      0.82      0.20
04:20:04         dm-0      7.90     15.87     21.74      0.00      4.76      0.01      0.66      0.77
04:20:04         dm-1      0.00      0.00      0.00      0.00      0.00      0.00      0.00      0.00
04:30:04        loop0      0.00      0.00      0.00      0.00      0.00      0.00      0.00      0.00
04:30:04      nvme0n1     11.33      0.24    113.99      0.00     10.09      0.01      0.50      0.20
04:30:04         dm-0     12.29      0.24    113.99      0.00      9.30      0.01      0.59      0.33
04:30:04         dm-1      0.00      0.00      0.00      0.00      0.00      0.00      0.00      0.00
04:40:04        loop0      0.00      0.00      0.00      0.00      0.00      0.00      0.00      0.00
04:40:04      nvme0n1     17.66      0.32    159.56      0.00      9.06      0.01      0.41      0.20
04:40:04         dm-0     18.72      0.32    159.56      0.00      8.54      0.01      0.48      0.22
04:40:04         dm-1      0.00      0.00      0.00      0.00      0.00      0.00      0.00      0.00
04:50:04        loop0      0.00      0.00      0.00      0.00      0.00      0.00      0.00      0.00
04:50:04      nvme0n1     20.40      0.13    172.73      0.00      8.47      0.01      0.36      0.21
04:50:04         dm-0     21.48      0.13    172.73      0.00      8.05      0.01      0.43      0.29
04:50:04         dm-1      0.00      0.00      0.00      0.00      0.00      0.00      0.00      0.00
05:00:04        loop0      0.00      0.00      0.00      0.00      0.00      0.00      0.00      0.00
05:00:04      nvme0n1     23.12      0.26    185.68      0.00      8.04      0.01      0.33      0.21
05:00:04         dm-0     24.29      0.26    185.68      0.00      7.66      0.01      0.38      0.23
05:00:04         dm-1      0.00      0.00      0.00      0.00      0.00      0.00      0.00      0.00
05:10:04        loop0      0.00      0.00      0.00      0.00      0.00      0.00      0.00      0.00
05:10:04      nvme0n1     28.44      0.00    202.75      0.00      7.13      0.01      0.29      0.21
05:10:04         dm-0     29.54      0.00    202.75      0.00      6.86      0.01      0.34      0.23
05:10:04         dm-1      0.00      0.00      0.00      0.00      0.00      0.00      0.00      0.00
05:20:04        loop0      0.00      0.00      0.00      0.00      0.00      0.00      0.00      0.00
05:20:04      nvme0n1     32.21      0.11    224.54      0.00      6.97      0.01      0.24      0.22
05:20:04         dm-0     33.32      0.11    224.54      0.00      6.74      0.01      0.30      0.24
05:20:04         dm-1      0.00      0.00      0.00      0.00      0.00      0.00      0.00      0.00
05:30:04        loop0      0.00      0.00      0.00      0.00      0.00      0.00      0.00      0.00
05:30:04      nvme0n1     19.93      0.32    182.97      0.00      9.19      0.01      0.37      0.21
05:30:04         dm-0     21.14      0.32    182.97      0.00      8.67      0.01      0.43      0.22
05:30:04         dm-1      0.00      0.00      0.00      0.00      0.00      0.00      0.00      0.00
05:40:04        loop0      0.00      0.00      0.00      0.00      0.00      0.00      0.00      0.00
05:40:04      nvme0n1     16.87      0.09    157.68      0.00      9.35      0.01      0.39      0.21
05:40:04         dm-0     18.01      0.09    157.68      0.00      8.76      0.01      0.48      0.23
05:40:04         dm-1      0.00      0.00      0.00      0.00      0.00      0.00      0.00      0.00
05:50:04        loop0      0.00      0.00      0.00      0.00      0.00      0.00      0.00      0.00
05:50:04      nvme0n1     19.10      0.07    166.85      0.00      8.74      0.01      0.33      0.21
05:50:04         dm-0     20.16      0.07    166.85      0.00      8.28      0.01      0.39      0.23
05:50:04         dm-1      0.00      0.00      0.00      0.00      0.00      0.00      0.00      0.00
06:00:04        loop0      0.00      0.00      0.00      0.00      0.00      0.00      0.00      0.00
06:00:04      nvme0n1     22.76      0.44    181.48      0.00      7.99      0.01      0.33      0.21
06:00:04         dm-0     23.91      0.44    181.48      0.00      7.61      0.01      0.38      0.23
06:00:04         dm-1      0.00      0.00      0.00      0.00      0.00      0.00      0.00      0.00
06:10:04        loop0      0.00      0.00      0.00      0.00      0.00      0.00      0.00      0.00
06:10:04      nvme0n1     63.37    547.79   1190.89      0.00     27.44      0.02      0.25      0.46
06:10:04         dm-0    186.07    543.90   1190.85      0.00      9.32      0.04      0.21      0.65
06:10:04         dm-1      0.01      0.19      0.00      0.00     28.00      0.00      0.25      0.00
06:20:04        loop0      0.00      0.00      0.00      0.00      0.00      0.00      0.00      0.00
06:20:04      nvme0n1     28.64      0.10    210.37      0.00      7.35      0.01      0.28      0.22
06:20:04         dm-0     29.72      0.10    210.37      0.00      7.08      0.01      0.32      0.24
06:20:04         dm-1      0.00      0.00      0.00      0.00      0.00      0.00      0.00      0.00
06:30:04        loop0      0.00      0.00      0.00      0.00      0.00      0.00      0.00      0.00
06:30:04      nvme0n1     28.21      0.23    211.94      0.00      7.52      0.01      0.31      0.22
06:30:04         dm-0     29.39      0.23    211.94      0.00      7.22      0.01      0.35      0.53
06:30:04         dm-1      0.00      0.00      0.00      0.00      0.00      0.00      0.00      0.00
06:40:04        loop0      0.00      0.00      0.00      0.00      0.00      0.00      0.00      0.00
06:40:04      nvme0n1     14.78      0.00    146.42      0.00      9.91      0.01      0.50      0.22
06:40:04         dm-0     15.94      0.00    146.42      0.00      9.19      0.01      0.56      0.29
06:40:04         dm-1      0.00      0.00      0.00      0.00      0.00      0.00      0.00      0.00
06:50:04        loop0      0.00      0.00      0.00      0.00      0.00      0.00      0.00      0.00
06:50:04      nvme0n1     18.63      0.15    163.80      0.00      8.80      0.01      0.44      0.22
06:50:04         dm-0     19.74      0.15    163.80      0.00      8.31      0.01      0.50      0.23
06:50:04         dm-1      0.00      0.00      0.00      0.00      0.00      0.00      0.00      0.00
07:00:04        loop0      0.00      0.00      0.00      0.00      0.00      0.00      0.00      0.00
07:00:04      nvme0n1     22.16      0.14    182.72      0.00      8.25      0.01      0.36      0.22
07:00:04         dm-0     23.32      0.14    182.72      0.00      7.84      0.01      0.41      0.24
07:00:04         dm-1      0.00      0.00      0.00      0.00      0.00      0.00      0.00      0.00
07:10:04        loop0      0.00      0.00      0.00      0.00      0.00      0.00      0.00      0.00
07:10:04      nvme0n1     22.99      0.03    186.24      0.00      8.10      0.01      0.39      0.22
07:10:04         dm-0     24.09      0.03    186.24      0.00      7.73      0.01      0.43      0.26
07:10:04         dm-1      0.00      0.00      0.00      0.00      0.00      0.00      0.00      0.00
07:20:04        loop0      0.00      0.00      0.00      0.00      0.00      0.00      0.00      0.00
07:20:04      nvme0n1     26.98      0.06    201.32      0.00      7.46      0.01      0.36      0.22
07:20:04         dm-0     28.11      0.06    201.32      0.00      7.16      0.01      0.40      0.44
07:20:04         dm-1      0.00      0.00      0.00      0.00      0.00      0.00      0.00      0.00
07:30:04        loop0      0.00      0.00      0.00      0.00      0.00      0.00      0.00      0.00
07:30:04      nvme0n1     31.29      0.06    222.80      0.00      7.12      0.01      0.28      0.23
07:30:04         dm-0     32.43      0.06    222.80      0.00      6.87      0.01      0.34      0.33
07:30:04         dm-1      0.00      0.00      0.00      0.00      0.00      0.00      0.00      0.00
07:40:04        loop0      0.00      0.00      0.00      0.00      0.00      0.00      0.00      0.00
07:40:04      nvme0n1      8.84      0.01     53.06      0.00      6.00      0.01      0.56      0.21
07:40:04         dm-0      9.66      0.01     53.06      0.00      5.50      0.01      0.61      0.98
07:40:04         dm-1      0.00      0.00      0.00      0.00      0.00      0.00      0.00      0.00
07:50:04        loop0      0.00      0.00      0.00      0.00      0.00      0.00      0.00      0.00
07:50:04      nvme0n1      5.52      6.91     33.95      0.00      7.40      0.00      0.79      0.20
07:50:04         dm-0      6.48      6.91     33.95      0.00      6.31      0.01      0.85      1.27
07:50:04         dm-1      0.00      0.00      0.00      0.00      0.00      0.00      1.00      0.00
08:00:04        loop0      0.00      0.00      0.00      0.00      0.00      0.00      0.00      0.00
08:00:04      nvme0n1     12.44      0.05    146.81      0.00     11.80      0.01      0.55      0.22
08:00:04         dm-0     13.56      0.05    146.81      0.00     10.83      0.01      0.65      0.23
08:00:04         dm-1      0.00      0.00      0.00      0.00      0.00      0.00      0.00      0.00
08:10:04        loop0      0.00      0.00      0.00      0.00      0.00      0.00      0.00      0.00
08:10:04      nvme0n1     19.03      0.07    167.91      0.00      8.83      0.01      0.42      0.21
08:10:04         dm-0     20.18      0.07    167.91      0.00      8.32      0.01      0.48      0.23
08:10:04         dm-1      0.00      0.00      0.00      0.00      0.00      0.00      0.00      0.00
08:20:04        loop0      0.00      0.00      0.00      0.00      0.00      0.00      0.00      0.00
08:20:04      nvme0n1     21.22      0.20    173.98      0.00      8.21      0.01      0.36      0.22
08:20:04         dm-0     22.36      0.20    173.98      0.00      7.79      0.01      0.43      0.24
08:20:04         dm-1      0.00      0.00      0.00      0.00      0.00      0.00      0.00      0.00
08:30:02        loop0      0.00      0.00      0.00      0.00      0.00      0.00      0.00      0.00
08:30:02      nvme0n1     25.62      0.08    197.66      0.00      7.72      0.01      0.36      0.23
08:30:02         dm-0     26.80      0.08    197.66      0.00      7.38      0.01      0.40      0.37
08:30:02         dm-1      0.00      0.00      0.00      0.00      0.00      0.00      0.00      0.00
08:40:04        loop0      0.00      0.00      0.00      0.00      0.00      0.00      0.00      0.00
08:40:04      nvme0n1     28.26      0.00    205.99      0.00      7.29      0.01      0.29      0.22
08:40:04         dm-0     29.38      0.00    205.99      0.00      7.01      0.01      0.33      0.24
08:40:04         dm-1      0.00      0.00      0.00      0.00      0.00      0.00      0.00      0.00
08:50:04        loop0      0.00      0.00      0.00      0.00      0.00      0.00      0.00      0.00
08:50:04      nvme0n1     29.88      0.03    212.41      0.00      7.11      0.01      0.26      0.23
08:50:04         dm-0     31.00      0.03    212.41      0.00      6.85      0.01      0.32      0.44
08:50:04         dm-1      0.00      0.00      0.00      0.00      0.00      0.00      0.00      0.00
09:00:04        loop0      0.00      0.00      0.00      0.00      0.00      0.00      0.00      0.00
09:00:04      nvme0n1     20.65      0.58    185.10      0.00      8.99      0.01      0.41      0.23
09:00:04         dm-0     21.89      0.58    185.10      0.00      8.48      0.01      0.48      0.25
09:00:04         dm-1      0.00      0.00      0.00      0.00      0.00      0.00      0.00      0.00
09:10:02        loop0      0.00      0.00      0.00      0.00      0.00      0.00      0.00      0.00
09:10:02      nvme0n1     15.18      0.11    154.35      0.00     10.18      0.01      0.45      0.22
09:10:02         dm-0     16.28      0.11    154.35      0.00      9.49      0.01      0.51      0.23
09:10:02         dm-1      0.00      0.00      0.00      0.00      0.00      0.00      0.00      0.00
09:20:04        loop0      0.00      0.00      0.00      0.00      0.00      0.00      0.00      0.00
09:20:04      nvme0n1     19.10      0.41    167.47      0.00      8.79      0.01      0.46      0.22
09:20:04         dm-0     20.39      0.41    167.47      0.00      8.23      0.01      0.52      0.45
09:20:04         dm-1      0.00      0.00      0.00      0.00      0.00      0.00      0.00      0.00
09:30:04        loop0      0.00      0.00      0.00      0.00      0.00      0.00      0.00      0.00
09:30:04      nvme0n1     22.91      0.43    181.58      0.00      7.94      0.01      0.37      0.22
09:30:04         dm-0     24.05      0.43    181.58      0.00      7.57      0.01      0.43      0.23
09:30:04         dm-1      0.00      0.00      0.00      0.00      0.00      0.00      0.00      0.00
09:40:03        loop0      0.00      0.00      0.00      0.00      0.00      0.00      0.00      0.00
09:40:03      nvme0n1     26.08      0.20    200.41      0.00      7.69      0.01      0.33      0.21
09:40:03         dm-0     27.18      0.20    200.41      0.00      7.38      0.01      0.38      0.24
09:40:03         dm-1      0.00      0.00      0.00      0.00      0.00      0.00      0.00      0.00
09:50:02        loop0      0.00      0.00      0.00      0.00      0.00      0.00      0.00      0.00
09:50:02      nvme0n1     28.11      0.16    207.80      0.00      7.40      0.01      0.31      0.23
09:50:02         dm-0     29.22      0.16    207.80      0.00      7.12      0.01      0.36      0.25
09:50:02         dm-1      0.00      0.00      0.00      0.00      0.00      0.00      0.00      0.00
10:00:04        loop0      0.00      0.00      0.00      0.00      0.00      0.00      0.00      0.00
10:00:04      nvme0n1     26.62      0.13    211.90      0.00      7.96      0.01      0.31      0.22
10:00:04         dm-0     27.76      0.13    211.90      0.00      7.64      0.01      0.37      0.24
10:00:04         dm-1      0.00      0.00      0.00      0.00      0.00      0.00      0.00      0.00
10:10:04        loop0      0.00      0.00      0.00      0.00      0.00      0.00      0.00      0.00
10:10:04      nvme0n1     12.33      0.09    142.36      0.00     11.56      0.01      0.54      0.21
10:10:04         dm-0     13.47      0.09    142.36      0.00     10.58      0.01      0.61      0.48
10:10:04         dm-1      0.00      0.00      0.00      0.00      0.00      0.00      0.00      0.00
10:20:04        loop0      0.00      0.00      0.00      0.00      0.00      0.00      0.00      0.00
10:20:04      nvme0n1     18.24      0.16    163.80      0.00      8.99      0.01      0.42      0.21
10:20:04         dm-0     19.38      0.16    163.80      0.00      8.46      0.01      0.50      0.23
10:20:04         dm-1      0.00      0.00      0.00      0.00      0.00      0.00      0.00      0.00
10:30:04        loop0      0.00      0.00      0.00      0.00      0.00      0.00      0.00      0.00
10:30:04      nvme0n1     20.95      0.12    175.53      0.00      8.39      0.01      0.34      0.21
10:30:04         dm-0     22.07      0.12    175.53      0.00      7.96      0.01      0.41      0.48
10:30:04         dm-1      0.00      0.00      0.00      0.00      0.00      0.00      0.00      0.00
10:40:04        loop0      0.00      0.00      0.00      0.00      0.00      0.00      0.00      0.00
10:40:04      nvme0n1     25.06      0.06    196.66      0.00      7.85      0.01      0.34      0.21
10:40:04         dm-0     26.17      0.06    196.66      0.00      7.52      0.01      0.40      0.23
10:40:04         dm-1      0.00      0.00      0.00      0.00      0.00      0.00      0.00      0.00
10:50:04        loop0      0.00      0.00      0.00      0.00      0.00      0.00      0.00      0.00
10:50:04      nvme0n1     28.44      0.11    207.51      0.00      7.30      0.01      0.32      0.22
10:50:04         dm-0     29.57      0.11    207.51      0.00      7.02      0.01      0.36      0.45
10:50:04         dm-1      0.00      0.00      0.00      0.00      0.00      0.00      0.00      0.00
11:00:04        loop0      0.00      0.00      0.00      0.00      0.00      0.00      0.00      0.00
11:00:04      nvme0n1     31.41      0.12    224.74      0.00      7.16      0.01      0.29      0.23
11:00:04         dm-0     32.50      0.12    224.74      0.00      6.92      0.01      0.33      0.25
11:00:04         dm-1      0.00      0.00      0.00      0.00      0.00      0.00      0.00      0.00
11:10:04        loop0      0.00      0.00      0.00      0.00      0.00      0.00      0.00      0.00
11:10:04      nvme0n1     13.69      0.09    151.96      0.00     11.11      0.01      0.55      0.22
11:10:04         dm-0     14.85      0.09    151.96      0.00     10.24      0.01      0.62      0.23
11:10:04         dm-1      0.00      0.00      0.00      0.00      0.00      0.00      0.00      0.00
11:20:04        loop0      0.00      0.00      0.00      0.00      0.00      0.00      0.00      0.00
11:20:04      nvme0n1     15.85      0.12    153.59      0.00      9.70      0.01      0.45      0.22
11:20:04         dm-0     16.97      0.12    153.59      0.00      9.06      0.01      0.51      0.24
11:20:04         dm-1      0.00      0.00      0.00      0.00      0.00      0.00      0.00      0.00
11:30:04        loop0      0.00      0.00      0.00      0.00      0.00      0.00      0.00      0.00
11:30:04      nvme0n1     21.81      0.32    187.08      0.00      8.59      0.01      0.38      0.22
11:30:04         dm-0     22.98      0.32    187.08      0.00      8.15      0.01      0.42      0.24
11:30:04         dm-1      0.00      0.00      0.00      0.00      0.00      0.00      0.00      0.00
11:40:04        loop0      0.00      0.00      0.00      0.00      0.00      0.00      0.00      0.00
11:40:04      nvme0n1     24.16      0.09    193.98      0.00      8.03      0.01      0.43      0.23
11:40:04         dm-0     25.37      0.09    193.98      0.00      7.65      0.01      0.48      0.25
11:40:04         dm-1      0.00      0.00      0.00      0.00      0.00      0.00      0.00      0.00
11:50:04        loop0      0.00      0.00      0.00      0.00      0.00      0.00      0.00      0.00
11:50:04      nvme0n1     25.55      0.09    195.56      0.00      7.66      0.01      0.34      0.22
11:50:04         dm-0     26.66      0.09    195.56      0.00      7.34      0.01      0.37      0.24
11:50:04         dm-1      0.00      0.00      0.00      0.00      0.00      0.00      0.00      0.00
12:00:04        loop0      0.00      0.00      0.00      0.00      0.00      0.00      0.00      0.00
12:00:04      nvme0n1     28.11      2.63    205.45      0.00      7.40      0.01      0.34      0.22
12:00:04         dm-0     29.39      2.63    205.45      0.00      7.08      0.01      0.38      0.26
12:00:04         dm-1      0.00      0.00      0.00      0.00      0.00      0.00      0.00      0.00
12:10:04        loop0      0.00      0.00      0.00      0.00      0.00      0.00      0.00      0.00
12:10:04      nvme0n1     21.19      0.61    189.05      0.00      8.95      0.01      0.32      0.22
12:10:04         dm-0     22.43      0.61    189.05      0.00      8.46      0.01      0.39      0.40
12:10:04         dm-1      0.00      0.00      0.00      0.00      0.00      0.00      0.00      0.00
12:20:04        loop0      0.00      0.00      0.00      0.00      0.00      0.00      0.00      0.00
12:20:04      nvme0n1     15.74      0.46    153.24      0.00      9.77      0.01      0.55      0.22
12:20:04         dm-0     16.90      0.46    153.24      0.00      9.10      0.01      0.61      0.23
12:20:04         dm-1      0.00      0.00      0.00      0.00      0.00      0.00      0.00      0.00
12:30:04        loop0      0.00      0.00      0.00      0.00      0.00      0.00      0.00      0.00
12:30:04      nvme0n1     20.12      0.15    169.60      0.00      8.44      0.01      0.39      0.22
12:30:04         dm-0     21.27      0.15    169.60      0.00      7.98      0.01      0.47      0.29
12:30:04         dm-1      0.00      0.00      0.00      0.00      0.00      0.00      0.00      0.00
12:40:04        loop0      0.00      0.00      0.00      0.00      0.00      0.00      0.00      0.00
12:40:04      nvme0n1     22.64      0.07    184.03      0.00      8.13      0.01      0.44      0.22
12:40:04         dm-0     23.81      0.07    184.03      0.00      7.73      0.01      0.50      0.24
12:40:04         dm-1      0.00      0.00      0.00      0.00      0.00      0.00      0.00      0.00
12:50:04        loop0      0.00      0.00      0.00      0.00      0.00      0.00      0.00      0.00
12:50:04      nvme0n1     27.43      6.93    325.25      0.00     12.11      0.01      0.34      0.24
12:50:04         dm-0     59.09      6.93    325.25      0.00      5.62      0.01      0.23      0.77
12:50:04         dm-1      0.00      0.00      0.00      0.00      0.00      0.00      0.00      0.00
13:00:04        loop0      0.00      0.00      0.00      0.00      0.00      0.00      0.00      0.00
13:00:04      nvme0n1     29.15      0.12    214.02      0.00      7.35      0.01      0.32      0.23
13:00:04         dm-0     30.26      0.12    214.02      0.00      7.08      0.01      0.36      0.25
13:00:04         dm-1      0.00      0.00      0.00      0.00      0.00      0.00      0.00      0.00
13:10:04        loop0      0.00      0.00      0.00      0.00      0.00      0.00      0.00      0.00
13:10:04      nvme0n1     26.87      0.01    212.12      0.00      7.89      0.01      0.35      0.22
13:10:04         dm-0     28.07      0.01    212.12      0.00      7.56      0.01      0.39      0.47
13:10:04         dm-1      0.00      0.00      0.00      0.00      0.00      0.00      0.00      0.00
13:20:04        loop0      0.00      0.00      0.00      0.00      0.00      0.00      0.00      0.00
13:20:04      nvme0n1     14.82      0.16    149.09      0.00     10.07      0.01      0.51      0.22
13:20:04         dm-0     15.97      0.16    149.09      0.00      9.35      0.01      0.58      0.49
13:20:04         dm-1      0.00      0.00      0.00      0.00      0.00      0.00      0.00      0.00
13:30:04        loop0      0.00      0.00      0.00      0.00      0.00      0.00      0.00      0.00
13:30:04      nvme0n1     17.17      0.20    160.15      0.00      9.34      0.01      0.41      0.23
13:30:04         dm-0     18.30      0.20    160.15      0.00      8.76      0.01      0.49      0.24
13:30:04         dm-1      0.00      0.00      0.00      0.00      0.00      0.00      0.00      0.00
13:40:04        loop0      0.00      0.00      0.00      0.00      0.00      0.00      0.00      0.00
13:40:04      nvme0n1     23.72      0.53    189.35      0.00      8.00      0.01      0.36      0.23
13:40:04         dm-0     25.06      0.53    189.35      0.00      7.58      0.01      0.41      0.47
13:40:04         dm-1      0.00      0.00      0.00      0.00      0.00      0.00      1.00      0.00
13:50:04        loop0      0.00      0.00      0.00      0.00      0.00      0.00      0.00      0.00
13:50:04      nvme0n1     25.41      0.19    196.68      0.00      7.75      0.01      0.36      0.23
13:50:04         dm-0     26.51      0.19    196.68      0.00      7.43      0.01      0.39      0.25
13:50:04         dm-1      0.00      0.00      0.00      0.00      0.00      0.00      0.00      0.00
14:00:04        loop0      0.00      0.00      0.00      0.00      0.00      0.00      0.00      0.00
14:00:04      nvme0n1     38.12     57.47    397.79      0.00     11.94      0.01      0.29      0.29
14:00:04         dm-0     75.62      8.81    387.02      0.00      5.23      0.02      0.24      0.28
14:00:04         dm-1     14.83     48.61     10.70      0.00      4.00      0.00      0.21      0.05
14:10:04        loop0      0.00      0.00      0.00      0.00      0.00      0.00      0.00      0.00
14:10:04      nvme0n1      9.03      0.05     61.31      0.00      6.79      0.00      0.49      0.20
14:10:04         dm-0      9.91      0.05     61.31      0.00      6.19      0.01      0.58      0.31
14:10:04         dm-1      0.00      0.00      0.00      0.00      0.00      0.00      0.00      0.00
14:20:02        loop0      0.00      0.00      0.00      0.00      0.00      0.00      0.00      0.00
14:20:02      nvme0n1      3.17      0.08     15.66      0.00      4.97      0.00      1.10      0.19
14:20:02         dm-0      3.95      0.08     15.66      0.00      3.99      0.00      1.09      0.72
14:20:02         dm-1      0.00      0.00      0.00      0.00      0.00      0.00      0.00      0.00
14:30:04        loop0      0.00      0.00      0.00      0.00      0.00      0.00      0.00      0.00
14:30:04      nvme0n1      2.83      0.36     14.07      0.00      5.09      0.00      1.10      0.19
14:30:04         dm-0      3.63      0.36     14.07      0.00      3.98      0.00      1.17      0.19
14:30:04         dm-1      0.00      0.00      0.00      0.00      0.00      0.00      0.00      0.00
14:40:04        loop0      0.00      0.00      0.00      0.00      0.00      0.00      0.00      0.00
14:40:04      nvme0n1      3.24      0.07     16.16      0.00      5.01      0.00      1.06      0.19
14:40:04         dm-0      4.11      0.07     16.16      0.00      3.95      0.00      1.11      0.98
14:40:04         dm-1      0.00      0.00      0.00      0.00      0.00      0.00      0.00      0.00
14:50:04        loop0      0.00      0.00      0.00      0.00      0.00      0.00      0.00      0.00
14:50:04      nvme0n1      7.52      0.11     44.78      0.00      5.97      0.00      0.50      0.19
14:50:04         dm-0      8.38      0.11     44.78      0.00      5.36      0.01      0.60      0.81
14:50:04         dm-1      0.00      0.00      0.00      0.00      0.00      0.00      0.00      0.00
15:00:04        loop0      0.00      0.00      0.00      0.00      0.00      0.00      0.00      0.00
15:00:04      nvme0n1     25.26      0.58    202.48      0.00      8.04      0.01      0.33      0.22
15:00:04         dm-0     26.43      0.58    202.48      0.00      7.68      0.01      0.38      0.39
15:00:04         dm-1      0.00      0.00      0.00      0.00      0.00      0.00      0.00      0.00
15:10:04        loop0      0.00      0.00      0.00      0.00      0.00      0.00      0.00      0.00
15:10:04      nvme0n1     14.34      0.05    147.65      0.00     10.30      0.01      0.52      0.21
15:10:04         dm-0     15.44      0.05    147.65      0.00      9.57      0.01      0.59      0.61
15:10:04         dm-1      0.00      0.00      0.00      0.00      0.00      0.00      0.00      0.00
15:20:04        loop0      0.00      0.00      0.00      0.00      0.00      0.00      0.00      0.00
15:20:04      nvme0n1     18.35      0.16    164.23      0.00      8.96      0.01      0.45      0.21
15:20:04         dm-0     19.45      0.16    164.23      0.00      8.45      0.01      0.51      0.34
15:20:04         dm-1      0.00      0.00      0.00      0.00      0.00      0.00      0.00      0.00
15:30:04        loop0      0.00      0.00      0.00      0.00      0.00      0.00      0.00      0.00
15:30:04      nvme0n1     22.06      0.11    183.43      0.00      8.32      0.01      0.40      0.22
15:30:04         dm-0     23.20      0.11    183.43      0.00      7.91      0.01      0.44      0.31
15:30:04         dm-1      0.00      0.00      0.00      0.00      0.00      0.00      0.00      0.00
15:40:04        loop0      0.00      0.00      0.00      0.00      0.00      0.00      0.00      0.00
15:40:04      nvme0n1     24.59      0.04    191.77      0.00      7.80      0.01      0.36      0.23
15:40:04         dm-0     25.67      0.04    191.77      0.00      7.47      0.01      0.40      0.43
15:40:04         dm-1      0.00      0.00      0.00      0.00      0.00      0.00      0.00      0.00
15:50:04        loop0      0.00      0.00      0.00      0.00      0.00      0.00      0.00      0.00
15:50:04      nvme0n1     27.68      0.13    207.47      0.00      7.50      0.01      0.31      0.22
15:50:04         dm-0     28.77      0.13    207.47      0.00      7.22      0.01      0.36      0.27
15:50:04         dm-1      0.00      0.00      0.00      0.00      0.00      0.00      0.00      0.00
16:00:04        loop0      0.00      0.00      0.00      0.00      0.00      0.00      0.00      0.00
16:00:04      nvme0n1     31.33      0.15    219.41      0.00      7.01      0.01      0.32      0.22
16:00:04         dm-0     32.47      0.15    219.41      0.00      6.76      0.01      0.36      0.31
16:00:04         dm-1      0.00      0.00      0.00      0.00      0.00      0.00      0.00      0.00
16:10:04        loop0      0.00      0.00      0.00      0.00      0.00      0.00      0.00      0.00
16:10:04      nvme0n1     12.52      0.31    149.19      0.00     11.94      0.01      0.52      0.21
16:10:04         dm-0     13.70      0.31    149.19      0.00     10.91      0.01      0.60      0.29
16:10:04         dm-1      0.00      0.00      0.00      0.00      0.00      0.00      0.00      0.00
16:20:04        loop0      0.00      0.00      0.00      0.00      0.00      0.00      0.00      0.00
16:20:04      nvme0n1     18.52      1.83    170.86      0.00      9.32      0.01      0.48      0.23
16:20:04         dm-0     20.29      1.83    170.86      0.00      8.51      0.01      0.54      0.29
16:20:04         dm-1      0.00      0.00      0.00      0.00      0.00      0.00      0.00      0.00
16:30:04        loop0      0.00      0.00      0.00      0.00      0.00      0.00      0.00      0.00
16:30:04      nvme0n1     20.34      0.15    175.43      0.00      8.63      0.01      0.43      0.22
16:30:04         dm-0     21.54      0.15    175.43      0.00      8.15      0.01      0.44      0.24
16:30:04         dm-1      0.00      0.00      0.00      0.00      0.00      0.00      0.00      0.00
16:40:02        loop0      0.00      0.00      0.00      0.00      0.00      0.00      0.00      0.00
16:40:02      nvme0n1     25.01      0.03    195.11      0.00      7.80      0.01      0.59      0.22
16:40:02         dm-0     26.21      0.03    195.11      0.00      7.45      0.02      0.60      0.24
16:40:02         dm-1      0.00      0.00      0.00      0.00      0.00      0.00      0.00      0.00
16:50:04        loop0      0.00      0.00      0.00      0.00      0.00      0.00      0.00      0.00
16:50:04      nvme0n1     27.67      0.17    203.46      0.00      7.36      0.01      0.37      0.22
16:50:04         dm-0     28.85      0.17    203.46      0.00      7.06      0.01      0.40      0.25
16:50:04         dm-1      0.00      0.00      0.00      0.00      0.00      0.00      0.00      0.00
17:00:04        loop0      0.00      0.00      0.00      0.00      0.00      0.00      0.00      0.00
17:00:04      nvme0n1     30.29      0.13    219.59      0.00      7.26      0.01      0.36      0.23
17:00:04         dm-0     31.49      0.13    219.59      0.00      6.98      0.01      0.39      0.27
17:00:04         dm-1      0.00      0.00      0.00      0.00      0.00      0.00      0.00      0.00
17:10:04        loop0      0.00      0.00      0.00      0.00      0.00      0.00      0.00      0.00
17:10:04      nvme0n1     18.25      0.14    171.17      0.00      9.38      0.01      0.40      0.22
17:10:04         dm-0     19.48      0.14    171.17      0.00      8.80      0.01      0.44      0.24
17:10:04         dm-1      0.00      0.00      0.00      0.00      0.00      0.00      0.00      0.00
17:20:04        loop0      0.00      0.00      0.00      0.00      0.00      0.00      0.00      0.00
17:20:04      nvme0n1     15.92      0.09    152.16      0.00      9.56      0.01      0.53      0.22
17:20:04         dm-0     17.12      0.09    152.16      0.00      8.89      0.01      0.58      0.24
17:20:04         dm-1      0.00      0.00      0.00      0.00      0.00      0.00      0.00      0.00
17:30:02        loop0      0.00      0.00      0.00      0.00      0.00      0.00      0.00      0.00
17:30:02      nvme0n1     19.18      0.07    169.40      0.00      8.83      0.01      0.44      0.22
17:30:02         dm-0     20.38      0.07    169.40      0.00      8.32      0.01      0.47      0.23
17:30:02         dm-1      0.00      0.00      0.00      0.00      0.00      0.00      0.00      0.00
17:40:04        loop0      0.00      0.00      0.00      0.00      0.00      0.00      0.00      0.00
17:40:04      nvme0n1     22.73      0.03    184.59      0.00      8.12      0.01      0.38      0.22
17:40:04         dm-0     23.88      0.03    184.59      0.00      7.73      0.01      0.41      0.43
17:40:04         dm-1      0.00      0.00      0.00      0.00      0.00      0.00      0.00      0.00
17:50:04        loop0      0.00      0.00      0.00      0.00      0.00      0.00      0.00      0.00
17:50:04      nvme0n1     28.82      0.01    206.52      0.00      7.17      0.01      0.36      0.23
17:50:04         dm-0     30.03      0.01    206.52      0.00      6.88      0.01      0.38      0.25
17:50:04         dm-1      0.00      0.00      0.00      0.00      0.00      0.00      0.00      0.00
18:00:04        loop0      0.00      0.00      0.00      0.00      0.00      0.00      0.00      0.00
18:00:04      nvme0n1     29.10      0.14    212.81      0.00      7.32      0.01      0.36      0.23
18:00:04         dm-0     30.25      0.14    212.81      0.00      7.04      0.01      0.38      0.26
18:00:04         dm-1      0.00      0.00      0.00      0.00      0.00      0.00      0.00      0.00
18:10:02        loop0      0.00      0.00      0.00      0.00      0.00      0.00      0.00      0.00
18:10:02      nvme0n1     30.60    125.70    434.78      0.00     18.32      0.01      0.36      0.25
18:10:02         dm-0     86.98    125.70    434.78      0.00      6.44      0.02      0.26      0.29
18:10:02         dm-1      0.00      0.00      0.00      0.00      0.00      0.00      0.00      0.00
18:20:04        loop0      0.00      0.00      0.00      0.00      0.00      0.00      0.00      0.00
18:20:04      nvme0n1     15.16      0.13    149.40      0.00      9.86      0.01      0.54      0.22
18:20:04         dm-0     16.38      0.13    149.40      0.00      9.13      0.01      0.54      0.43
18:20:04         dm-1      0.00      0.00      0.00      0.00      0.00      0.00      0.00      0.00
18:30:04        loop0      0.00      0.00      0.00      0.00      0.00      0.00      0.00      0.00
18:30:04      nvme0n1     18.20      0.07    162.89      0.00      8.96      0.01      0.40      0.23
18:30:04         dm-0     19.38      0.07    162.89      0.00      8.41      0.01      0.45      0.47
18:30:04         dm-1      0.00      0.00      0.00      0.00      0.00      0.00      0.00      0.00
18:40:04        loop0      0.00      0.00      0.00      0.00      0.00      0.00      0.00      0.00
18:40:04      nvme0n1     21.03      0.05    176.96      0.00      8.42      0.01      0.41      0.22
18:40:04         dm-0     22.19      0.05    176.96      0.00      7.98      0.01      0.44      0.34
18:40:04         dm-1      0.00      0.00      0.00      0.00      0.00      0.00      0.00      0.00
18:50:02        loop0      0.00      0.00      0.00      0.00      0.00      0.00      0.00      0.00
18:50:02      nvme0n1     24.66      0.11    192.84      0.00      7.82      0.01      0.38      0.23
18:50:02         dm-0     25.79      0.11    192.84      0.00      7.48      0.01      0.38      0.26
18:50:02         dm-1      0.00      0.00      0.00      0.00      0.00      0.00      0.00      0.00
19:00:04        loop0      0.00      0.00      0.00      0.00      0.00      0.00      0.00      0.00
19:00:04      nvme0n1     27.76      0.29    205.82      0.00      7.43      0.01      0.36      0.23
19:00:04         dm-0     28.89      0.29    205.82      0.00      7.14      0.01      0.38      0.25
19:00:04         dm-1      0.00      0.00      0.00      0.00      0.00      0.00      0.00      0.00
19:10:04        loop0      0.00      0.00      0.00      0.00      0.00      0.00      0.00      0.00
19:10:04      nvme0n1     30.13      0.09    214.40      0.00      7.12      0.01      0.31      0.22
19:10:04         dm-0     31.28      0.09    214.40      0.00      6.86      0.01      0.33      0.51
19:10:04         dm-1      0.00      0.00      0.00      0.00      0.00      0.00      0.00      0.00
19:20:04        loop0      0.00      0.00      0.00      0.00      0.00      0.00      0.00      0.00
19:20:04      nvme0n1     17.41      0.03    164.97      0.00      9.48      0.01      0.43      0.21
19:20:04         dm-0     18.65      0.03    164.97      0.00      8.85      0.01      0.47      0.29
19:20:04         dm-1      0.00      0.00      0.00      0.00      0.00      0.00      0.00      0.00
19:30:02        loop0      0.00      0.00      0.00      0.00      0.00      0.00      0.00      0.00
19:30:02      nvme0n1     16.55      0.07    155.03      0.00      9.37      0.01      0.48      0.21
19:30:02         dm-0     17.74      0.07    155.03      0.00      8.74      0.01      0.52      0.29
19:30:02         dm-1      0.00      0.00      0.00      0.00      0.00      0.00      0.00      0.00
19:40:04        loop0      0.00      0.00      0.00      0.00      0.00      0.00      0.00      0.00
19:40:04      nvme0n1     20.32      0.03    385.26      0.00     18.96      0.01      0.36      0.22
19:40:04         dm-0     74.51      0.03    385.26      0.00      5.17      0.02      0.21      0.32
19:40:04         dm-1      0.00      0.00      0.00      0.00      0.00      0.00      0.00      0.00
19:50:04        loop0      0.00      0.00      0.00      0.00      0.00      0.00      0.00      0.00
19:50:04      nvme0n1     25.87      4.93    436.27      0.00     17.06      0.01      0.36      0.23
19:50:04         dm-0     80.32      4.93    436.27      0.00      5.49      0.02      0.21      0.50
19:50:04         dm-1      0.00      0.00      0.00      0.00      0.00      0.00      0.00      0.00
20:00:04        loop0      0.00      0.00      0.00      0.00      0.00      0.00      0.00      0.00
20:00:04      nvme0n1     26.15      0.03    200.11      0.00      7.65      0.01      0.28      0.22
20:00:04         dm-0     27.30      0.03    200.11      0.00      7.33      0.01      0.31      0.24
20:00:04         dm-1      0.00      0.00      0.00      0.00      0.00      0.00      0.00      0.00
20:10:02        loop0      0.00      0.00      0.00      0.00      0.00      0.00      0.00      0.00
20:10:02      nvme0n1     27.65    244.45    185.53      0.00     15.55      0.01      0.37      0.27
20:10:02         dm-0     28.99    244.45    185.53      0.00     14.83      0.01      0.39      0.71
20:10:02         dm-1      0.00      0.00      0.00      0.00      0.00      0.00      0.00      0.00
20:20:04        loop0      0.00      0.00      0.00      0.00      0.00      0.00      0.00      0.00
20:20:04      nvme0n1     27.38      0.02    217.41      0.00      7.94      0.01      0.35      0.24
20:20:04         dm-0     28.61      0.02    217.41      0.00      7.60      0.01      0.37      0.26
20:20:04         dm-1      0.00      0.00      0.00      0.00      0.00      0.00      0.00      0.00
20:30:02        loop0      0.00      0.00      0.00      0.00      0.00      0.00      0.00      0.00
20:30:02      nvme0n1     13.83      0.16    145.59      0.00     10.54      0.01      0.50      0.22
20:30:02         dm-0     15.03      0.16    145.59      0.00      9.70      0.01      0.53      0.23
20:30:02         dm-1      0.00      0.00      0.00      0.00      0.00      0.00      0.00      0.00
20:40:04        loop0      0.00      0.00      0.00      0.00      0.00      0.00      0.00      0.00
20:40:04      nvme0n1     19.28      0.06    169.38      0.00      8.79      0.01      0.44      0.21
20:40:04         dm-0     20.45      0.06    169.38      0.00      8.28      0.01      0.46      0.29
20:40:04         dm-1      0.00      0.00      0.00      0.00      0.00      0.00      0.00      0.00
20:50:04        loop0      0.00      0.00      0.00      0.00      0.00      0.00      0.00      0.00
20:50:04      nvme0n1     20.85      0.04    175.15      0.00      8.40      0.01      0.37      0.22
20:50:04         dm-0     22.01      0.04    175.15      0.00      7.96      0.01      0.40      0.24
20:50:04         dm-1      0.00      0.00      0.00      0.00      0.00      0.00      0.00      0.00
21:00:04        loop0      0.00      0.00      0.00      0.00      0.00      0.00      0.00      0.00
21:00:04      nvme0n1     26.41      0.00    198.97      0.00      7.53      0.01      0.33      0.22
21:00:04         dm-0     27.57      0.00    198.97      0.00      7.22      0.01      0.37      0.35
21:00:04         dm-1      0.00      0.00      0.00      0.00      0.00      0.00      0.00      0.00
21:10:02        loop0      0.00      0.00      0.00      0.00      0.00      0.00      0.00      0.00
21:10:02      nvme0n1     27.18      0.12    204.88      0.00      7.54      0.01      0.33      0.23
21:10:02         dm-0     28.29      0.12    204.88      0.00      7.25      0.01      0.36      0.47
21:10:02         dm-1      0.00      0.00      0.00      0.00      0.00      0.00      0.00      0.00
21:20:04        loop0      0.00      0.00      0.00      0.00      0.00      0.00      0.00      0.00
21:20:04      nvme0n1     31.15      0.03    220.36      0.00      7.08      0.01      0.34      0.23
21:20:04         dm-0     32.28      0.03    220.36      0.00      6.83      0.01      0.36      0.25
21:20:04         dm-1      0.00      0.00      0.00      0.00      0.00      0.00      0.00      0.00
21:30:04        loop0      0.00      0.00      0.00      0.00      0.00      0.00      0.00      0.00
21:30:04      nvme0n1     16.96      0.01    165.10      0.00      9.74      0.01      0.43      0.22
21:30:04         dm-0     18.15      0.01    165.10      0.00      9.10      0.01      0.45      0.53
21:30:04         dm-1      0.00      0.00      0.00      0.00      0.00      0.00      0.00      0.00
21:40:04        loop0      0.00      0.00      0.00      0.00      0.00      0.00      0.00      0.00
21:40:04      nvme0n1     17.34      0.29    288.06      0.00     16.63      0.01      0.51      0.24
21:40:04         dm-0     50.00      0.29    288.06      0.00      5.77      0.01      0.29      0.27
21:40:04         dm-1      0.00      0.00      0.00      0.00      0.00      0.00      0.00      0.00
21:50:02        loop0      0.00      0.00      0.00      0.00      0.00      0.00      0.00      0.00
21:50:02      nvme0n1     20.09      6.43    169.56      0.00      8.76      0.01      0.43      0.23
21:50:02         dm-0     21.30      6.43    169.56      0.00      8.26      0.01      0.46      0.25
21:50:02         dm-1      0.00      0.00      0.00      0.00      0.00      0.00      0.00      0.00
22:00:04        loop0      0.00      0.00      0.00      0.00      0.00      0.00      0.00      0.00
22:00:04      nvme0n1     25.58      0.05    198.13      0.00      7.75      0.01      0.37      0.22
22:00:04         dm-0     26.73      0.05    198.13      0.00      7.41      0.01      0.41      0.62
22:00:04         dm-1      0.00      0.00      0.00      0.00      0.00      0.00      0.00      0.00
22:10:04        loop0      0.00      0.00      0.00      0.00      0.00      0.00      0.00      0.00
22:10:04      nvme0n1     26.86      0.01    202.81      0.00      7.55      0.01      0.32      0.23
22:10:04         dm-0     27.95      0.01    202.81      0.00      7.26      0.01      0.35      0.47
22:10:04         dm-1      0.00      0.00      0.00      0.00      0.00      0.00      0.00      0.00
22:20:04        loop0      0.00      0.00      0.00      0.00      0.00      0.00      0.00      0.00
22:20:04      nvme0n1     30.81      0.28    213.87      0.00      6.95      0.01      0.33      0.23
22:20:04         dm-0     31.93      0.28    213.87      0.00      6.71      0.01      0.35      0.47
22:20:04         dm-1      0.00      0.00      0.00      0.00      0.00      0.00      0.00      0.00
22:30:02        loop0      0.00      0.00      0.00      0.00      0.00      0.00      0.00      0.00
22:30:02      nvme0n1     23.53      0.41    201.14      0.00      8.57      0.01      0.36      0.22
22:30:02         dm-0     24.68      0.41    201.14      0.00      8.17      0.01      0.39      0.24
22:30:02         dm-1      0.00      0.00      0.00      0.00      0.00      0.00      0.00      0.00
22:40:04        loop0      0.00      0.00      0.00      0.00      0.00      0.00      0.00      0.00
22:40:04      nvme0n1     15.27      0.01    148.42      0.00      9.72      0.01      0.57      0.22
22:40:04         dm-0     16.41      0.01    148.42      0.00      9.04      0.01      0.60      0.47
22:40:04         dm-1      0.00      0.00      0.00      0.00      0.00      0.00      0.00      0.00
22:50:04        loop0      0.00      0.00      0.00      0.00      0.00      0.00      0.00      0.00
22:50:04      nvme0n1     20.29      0.00    177.25      0.00      8.74      0.01      0.45      0.23
22:50:04         dm-0     21.38      0.00    177.25      0.00      8.29      0.01      0.46      0.24
22:50:04         dm-1      0.00      0.00      0.00      0.00      0.00      0.00      0.00      0.00
23:00:04        loop0      0.00      0.00      0.00      0.00      0.00      0.00      0.00      0.00
23:00:04      nvme0n1     23.59      0.07    182.06      0.00      7.72      0.01      0.36      0.23
23:00:04         dm-0     24.70      0.07    182.06      0.00      7.37      0.01      0.41      0.24
23:00:04         dm-1      0.00      0.00      0.00      0.00      0.00      0.00      0.00      0.00
23:10:04        loop0      0.00      0.00      0.00      0.00      0.00      0.00      0.00      0.00
23:10:04      nvme0n1     24.90      0.01    192.15      0.00      7.72      0.01      0.32      0.22
23:10:04         dm-0     25.98      0.01    192.15      0.00      7.40      0.01      0.35      0.26
23:10:04         dm-1      0.00      0.00      0.00      0.00      0.00      0.00      0.00      0.00
23:20:04        loop0      0.00      0.00      0.00      0.00      0.00      0.00      0.00      0.00
23:20:04      nvme0n1     28.83      0.00    209.15      0.00      7.26      0.01      0.39      0.22
23:20:04         dm-0     29.95      0.00    209.15      0.00      6.98      0.01      0.40      0.25
23:20:04         dm-1      0.00      0.00      0.00      0.00      0.00      0.00      0.00      0.00
23:30:04        loop0      0.00      0.00      0.00      0.00      0.00      0.00      0.00      0.00
23:30:04      nvme0n1     28.57      0.05    217.90      0.00      7.63      0.01      0.38      0.22
23:30:04         dm-0     29.65      0.05    217.90      0.00      7.35      0.01      0.41      0.24
23:30:04         dm-1      0.00      0.00      0.00      0.00      0.00      0.00      0.00      0.00
23:40:04        loop0      0.00      0.00      0.00      0.00      0.00      0.00      0.00      0.00
23:40:04      nvme0n1     14.47      0.04    146.52      0.00     10.13      0.01      0.53      0.22
23:40:04         dm-0     15.61      0.04    146.52      0.00      9.39      0.01      0.57      0.45
23:40:04         dm-1      0.00      0.00      0.00      0.00      0.00      0.00      0.00      0.00
23:50:04        loop0      0.00      0.00      0.00      0.00      0.00      0.00      0.00      0.00
23:50:04      nvme0n1     17.78      0.11    167.43      0.00      9.42      0.01      0.52      0.23
23:50:04         dm-0     18.96      0.11    167.43      0.00      8.84      0.01      0.53      0.49
23:50:04         dm-1      0.00      0.00      0.00      0.00      0.00      0.00      0.00      0.00
Average:        loop0      0.00      0.00      0.00      0.00      0.00      0.00      0.00      0.00
Average:      nvme0n1     18.62      7.53    161.06      0.00      9.05      0.01      0.40      0.21
Average:         dm-0     22.36      7.16    160.99      0.00      7.52      0.01      0.41      0.42
Average:         dm-1      0.10      0.34      0.07      0.00      4.00      0.00      0.21      0.00
### SAR_DEV_SA29
Linux 6.8.0-138-generic (pgain-nuc) 	08/29/26 	_x86_64_	(4 CPU)

00:00:04          DEV       tps     rkB/s     wkB/s     dkB/s   areq-sz    aqu-sz     await     %util
00:10:02        loop0      0.00      0.00      0.00      0.00      0.00      0.00      0.00      0.00
00:10:02      nvme0n1     25.49      4.93    196.95      0.00      7.92      0.01      0.36      0.23
00:10:02         dm-0     27.19      4.93    196.95      0.00      7.43      0.01      0.39      0.25
00:10:02         dm-1      0.00      0.00      0.00      0.00      0.00      0.00      0.00      0.00
00:20:04        loop0      0.00      0.00      0.00      0.00      0.00      0.00      0.00      0.00
00:20:04      nvme0n1     27.69      0.00    209.20      0.00      7.55      0.01      0.40      0.23
00:20:04         dm-0     28.99      0.00    209.20      0.00      7.22      0.01      0.42      0.26
00:20:04         dm-1      0.00      0.00      0.00      0.00      0.00      0.00      0.00      0.00
00:30:03        loop0      0.00      0.00      0.00      0.00      0.00      0.00      0.00      0.00
00:30:03      nvme0n1     30.33      0.11    215.73      0.00      7.12      0.01      0.32      0.23
00:30:03         dm-0     31.49      0.11    215.73      0.00      6.85      0.01      0.36      0.27
00:30:03         dm-1      0.00      0.00      0.00      0.00      0.00      0.00      0.00      0.00
00:40:04        loop0      0.00      0.00      0.00      0.00      0.00      0.00      0.00      0.00
00:40:04      nvme0n1     19.43      1.06    182.23      0.00      9.43      0.01      0.41      0.22
00:40:04         dm-0     22.00      1.06    182.23      0.00      8.33      0.01      0.47      0.36
00:40:04         dm-1      0.00      0.00      0.00      0.00      0.00      0.00      0.00      0.00
00:50:02        loop0      0.00      0.00      0.00      0.00      0.00      0.00      0.00      0.00
00:50:02      nvme0n1     15.10      0.06    146.31      0.00      9.69      0.01      0.46      0.21
00:50:02         dm-0     16.17      0.06    146.31      0.00      9.05      0.01      0.52      0.22
00:50:02         dm-1      0.00      0.00      0.00      0.00      0.00      0.00      0.00      0.00
01:00:04        loop0      0.00      0.00      0.00      0.00      0.00      0.00      0.00      0.00
01:00:04      nvme0n1     19.13      0.05    169.91      0.00      8.88      0.01      0.39      0.22
01:00:04         dm-0     20.15      0.05    169.91      0.00      8.44      0.01      0.45      0.23
01:00:04         dm-1      0.00      0.00      0.00      0.00      0.00      0.00      0.00      0.00
01:10:04        loop0      0.00      0.00      0.00      0.00      0.00      0.00      0.00      0.00
01:10:04      nvme0n1     23.12      0.05    186.16      0.00      8.06      0.01      0.34      0.21
01:10:04         dm-0     24.19      0.05    186.16      0.00      7.70      0.01      0.39      0.23
01:10:04         dm-1      0.00      0.00      0.00      0.00      0.00      0.00      0.00      0.00
01:20:04        loop0      0.00      0.00      0.00      0.00      0.00      0.00      0.00      0.00
01:20:04      nvme0n1     26.73      0.00    201.25      0.00      7.53      0.01      0.33      0.21
01:20:04         dm-0     27.77      0.00    201.25      0.00      7.25      0.01      0.38      0.24
01:20:04         dm-1      0.00      0.00      0.00      0.00      0.00      0.00      0.00      0.00
01:30:04        loop0      0.00      0.00      0.00      0.00      0.00      0.00      0.00      0.00
01:30:04      nvme0n1     30.43      0.00    213.06      0.00      7.00      0.01      0.32      0.23
01:30:04         dm-0     31.51      0.00    213.06      0.00      6.76      0.01      0.35      0.76
01:30:04         dm-1      0.00      0.00      0.00      0.00      0.00      0.00      0.00      0.00
01:40:04        loop0      0.00      0.00      0.00      0.00      0.00      0.00      0.00      0.00
01:40:04      nvme0n1     26.04      0.09    208.03      0.00      7.99      0.01      0.35      0.22
01:40:04         dm-0     27.08      0.09    208.03      0.00      7.68      0.01      0.40      0.57
01:40:04         dm-1      0.00      0.00      0.00      0.00      0.00      0.00      0.00      0.00
01:50:04        loop0      0.00      0.00      0.00      0.00      0.00      0.00      0.00      0.00
01:50:04      nvme0n1     16.09      0.21    152.82      0.00      9.51      0.01      0.46      0.22
01:50:04         dm-0     17.18      0.21    152.82      0.00      8.91      0.01      0.52      0.23
01:50:04         dm-1      0.00      0.00      0.00      0.00      0.00      0.00      0.00      0.00
02:00:04        loop0      0.00      0.00      0.00      0.00      0.00      0.00      0.00      0.00
02:00:04      nvme0n1     18.60     12.37    230.23      0.00     13.04      0.01      0.41      0.23
02:00:04         dm-0     37.53     12.37    230.23      0.00      6.46      0.02      0.40      0.25
02:00:04         dm-1      0.00      0.00      0.00      0.00      0.00      0.00      0.00      0.00
02:10:04        loop0      0.00      0.00      0.00      0.00      0.00      0.00      0.00      0.00
02:10:04      nvme0n1     21.62      0.06    181.20      0.00      8.38      0.01      0.41      0.22
02:10:04         dm-0     22.62      0.06    181.20      0.00      8.01      0.01      0.46      0.26
02:10:04         dm-1      0.00      0.00      0.00      0.00      0.00      0.00      0.00      0.00
Average:        loop0      0.00      0.00      0.00      0.00      0.00      0.00      0.00      0.00
Average:      nvme0n1     23.06      1.46    191.78      0.00      8.38      0.01      0.37      0.22
Average:         dm-0     25.68      1.46    191.78      0.00      7.52      0.01      0.41      0.32
Average:         dm-1      0.00      0.00      0.00      0.00      0.00      0.00      0.00      0.00
### SAR_DEV_SA30
Linux 6.8.0-138-generic (pgain-nuc) 	08/30/26 	_x86_64_	(4 CPU)

00:32:34     LINUX RESTART	(4 CPU)

00:40:05          DEV       tps     rkB/s     wkB/s     dkB/s   areq-sz    aqu-sz     await     %util
00:50:05        loop0      0.00      0.00      0.00      0.00      0.00      0.00      0.00      0.00
00:50:05      nvme0n1      3.44      1.07     16.22      0.00      5.03      0.00      1.03      0.19
00:50:05         dm-0      4.23      1.07     16.22      0.00      4.09      0.00      1.08      0.75
00:50:05         dm-1      0.00      0.00      0.00      0.00      0.00      0.00      0.00      0.00
01:00:05        loop0      0.00      0.00      0.00      0.00      0.00      0.00      0.00      0.00
01:00:05      nvme0n1      5.42    119.31     19.54      0.00     25.61      0.00      0.76      0.21
01:00:05         dm-0      7.02    119.31     19.54      0.00     19.79      0.01      0.84      1.01
01:00:05         dm-1      0.00      0.00      0.00      0.00      0.00      0.00      0.00      0.00
01:10:05        loop0      0.00      0.00      0.00      0.00      0.00      0.00      0.00      0.00
01:10:05      nvme0n1      3.10      0.20     15.29      0.00      5.00      0.00      1.06      0.20
01:10:05         dm-0      3.88      0.20     15.29      0.00      4.00      0.00      1.14      0.35
01:10:05         dm-1      0.00      0.00      0.00      0.00      0.00      0.00      0.00      0.00
01:20:05        loop0      0.00      0.00      0.00      0.00      0.00      0.00      0.00      0.00
01:20:05      nvme0n1      3.29      0.41     16.38      0.00      5.10      0.00      1.05      0.19
01:20:05         dm-0      4.09      0.41     16.38      0.00      4.11      0.00      1.09      0.41
01:20:05         dm-1      0.00      0.00      0.00      0.00      0.00      0.00      0.00      0.00
01:30:05        loop0      0.00      0.00      0.00      0.00      0.00      0.00      0.00      0.00
01:30:05      nvme0n1      3.12      0.21     15.46      0.00      5.03      0.00      1.01      0.19
01:30:05         dm-0      3.89      0.21     15.46      0.00      4.03      0.00      1.04      0.72
01:30:05         dm-1      0.00      0.00      0.00      0.00      0.00      0.00      0.00      0.00
01:40:05        loop0      0.00      0.00      0.00      0.00      0.00      0.00      0.00      0.00
01:40:05      nvme0n1      3.20      0.11     16.03      0.00      5.04      0.00      1.08      0.19
01:40:05         dm-0      4.04      0.11     16.03      0.00      3.99      0.00      1.09      0.20
01:40:05         dm-1      0.00      0.00      0.00      0.00      0.00      0.00      0.00      0.00
01:50:05        loop0      0.00      0.00      0.00      0.00      0.00      0.00      0.00      0.00
01:50:05      nvme0n1      3.69      7.75     16.01      0.00      6.44      0.00      0.85      0.19
01:50:05         dm-0      4.58      7.75     16.01      0.00      5.19      0.00      0.91      0.40
01:50:05         dm-1      0.00      0.00      0.00      0.00      0.00      0.00      0.00      0.00
02:00:05        loop0      0.00      0.00      0.00      0.00      0.00      0.00      0.00      0.00
02:00:05      nvme0n1      3.18      0.43     15.81      0.00      5.10      0.00      0.99      0.19
02:00:05         dm-0      3.97      0.43     15.81      0.00      4.09      0.00      1.04      0.19
02:00:05         dm-1      0.00      0.00      0.00      0.00      0.00      0.00      0.00      0.00
02:10:05        loop0      0.00      0.00      0.00      0.00      0.00      0.00      0.00      0.00
02:10:05      nvme0n1      3.00      0.09     14.75      0.00      4.95      0.00      1.04      0.19
02:10:05         dm-0      3.75      0.09     14.75      0.00      3.95      0.00      1.08      0.41
02:10:05         dm-1      0.00      0.00      0.00      0.00      0.00      0.00      0.00      0.00
02:20:03        loop0      0.00      0.00      0.00      0.00      0.00      0.00      0.00      0.00
02:20:03      nvme0n1      3.28      0.24     16.35      0.00      5.05      0.00      1.06      0.20
02:20:03         dm-0      4.09      0.24     16.35      0.00      4.06      0.00      1.08      0.20
02:20:03         dm-1      0.00      0.00      0.00      0.00      0.00      0.00      0.00      0.00
02:30:05        loop0      0.00      0.00      0.00      0.00      0.00      0.00      0.00      0.00
02:30:05      nvme0n1      8.59    319.15     27.12      0.00     40.33      0.01      0.67      0.29
02:30:05         dm-0      8.93    298.33     26.19      0.00     36.32      0.01      0.76      0.50
02:30:05         dm-1      3.22     20.82      0.93      0.00      6.76      0.00      0.24      0.01
02:40:03        loop0      0.00      0.00      0.00      0.00      0.00      0.00      0.00      0.00
02:40:03      nvme0n1      4.82      0.11     25.76      0.00      5.36      0.00      0.86      0.21
02:40:03         dm-0      6.03      0.11     25.76      0.00      4.29      0.01      0.85      0.44
02:40:03         dm-1      0.00      0.00      0.00      0.00      0.00      0.00      0.00      0.00
02:50:01        loop0      0.00      0.00      0.00      0.00      0.00      0.00      0.00      0.00
02:50:01      nvme0n1      4.87      0.20     25.77      0.00      5.33      0.00      0.94      0.22
02:50:01         dm-0      6.03      0.20     25.77      0.00      4.31      0.01      0.94      0.39
02:50:01         dm-1      0.00      0.00      0.00      0.00      0.00      0.00      0.00      0.00
03:00:05        loop0      0.00      0.00      0.00      0.00      0.00      0.00      0.00      0.00
03:00:05      nvme0n1      4.79      0.16     25.73      0.00      5.40      0.01      1.02      0.22
03:00:05         dm-0      6.00      0.16     25.73      0.00      4.31      0.01      1.02      0.63
03:00:05         dm-1      0.00      0.00      0.00      0.00      0.00      0.00      0.00      0.00
03:10:01        loop0      0.00      0.00      0.00      0.00      0.00      0.00      0.00      0.00
03:10:01      nvme0n1      4.90      0.11     26.34      0.00      5.40      0.00      0.93      0.21
03:10:01         dm-0      6.10      0.11     26.34      0.00      4.33      0.01      0.90      0.51
03:10:01         dm-1      0.00      0.00      0.00      0.00      0.00      0.00      0.00      0.00
03:20:05        loop0      0.00      0.00      0.00      0.00      0.00      0.00      0.00      0.00
03:20:05      nvme0n1      4.75      0.36     25.68      0.00      5.49      0.00      0.92      0.21
03:20:05         dm-0      5.90      0.36     25.68      0.00      4.41      0.01      0.91      0.46
03:20:05         dm-1      0.00      0.00      0.00      0.00      0.00      0.00      0.00      0.00
03:30:00        loop0      0.00      0.00      0.00      0.00      0.00      0.00      0.00      0.00
03:30:00      nvme0n1      4.73      0.15     25.13      0.00      5.34      0.00      0.91      0.21
03:30:00         dm-0      5.84      0.15     25.13      0.00      4.33      0.01      0.92      0.74
03:30:00         dm-1      0.00      0.00      0.00      0.00      0.00      0.00      0.00      0.00
03:40:05        loop0      0.00      0.00      0.00      0.00      0.00      0.00      0.00      0.00
03:40:05      nvme0n1      4.62      0.15     24.70      0.00      5.38      0.00      0.93      0.21
03:40:05         dm-0      5.75      0.15     24.70      0.00      4.32      0.01      0.94      0.31
03:40:05         dm-1      0.00      0.00      0.00      0.00      0.00      0.00      0.00      0.00
03:50:05        loop0      0.00      0.00      0.00      0.00      0.00      0.00      0.00      0.00
03:50:05      nvme0n1      4.88      0.27     25.89      0.00      5.36      0.01      0.98      0.22
03:50:05         dm-0      6.00      0.27     25.89      0.00      4.36      0.01      1.00      0.46
03:50:05         dm-1      0.00      0.00      0.00      0.00      0.00      0.00      0.00      0.00
04:00:05        loop0      0.00      0.00      0.00      0.00      0.00      0.00      0.00      0.00
04:00:05      nvme0n1      4.76      0.12     25.53      0.00      5.39      0.01      1.04      0.21
04:00:05         dm-0      5.91      0.12     25.53      0.00      4.34      0.01      0.99      0.43
04:00:05         dm-1      0.00      0.00      0.00      0.00      0.00      0.00      0.00      0.00
04:10:00        loop0      0.00      0.00      0.00      0.00      0.00      0.00      0.00      0.00
04:10:00      nvme0n1     10.92      0.09     98.27      0.00      9.01      0.01      0.61      0.21
04:10:00         dm-0     12.20      0.09     98.27      0.00      8.06      0.01      0.63      0.45
04:10:00         dm-1      0.00      0.00      0.00      0.00      0.00      0.00      0.00      0.00
04:20:05        loop0      0.00      0.00      0.00      0.00      0.00      0.00      0.00      0.00
04:20:05      nvme0n1     18.95      0.21    173.08      0.00      9.14      0.01      0.43      0.23
04:20:05         dm-0     20.27      0.21    173.08      0.00      8.55      0.01      0.45      0.32
04:20:05         dm-1      0.00      0.00      0.00      0.00      0.00      0.00      0.00      0.00
04:30:05        loop0      0.00      0.00      0.00      0.00      0.00      0.00      0.00      0.00
04:30:05      nvme0n1      5.39      0.15     31.11      0.00      5.79      0.00      0.84      0.22
04:30:05         dm-0      6.58      0.15     31.11      0.00      4.75      0.01      0.85      0.44
04:30:05         dm-1      0.00      0.00      0.00      0.00      0.00      0.00      0.00      0.00
04:40:05        loop0      0.00      0.00      0.00      0.00      0.00      0.00      0.00      0.00
04:40:05      nvme0n1      4.98      0.11     26.73      0.00      5.39      0.00      0.93      0.21
04:40:05         dm-0      6.12      0.11     26.73      0.00      4.38      0.01      0.93      0.21
04:40:05         dm-1      0.00      0.00      0.00      0.00      0.00      0.00      0.00      0.00
04:50:05        loop0      0.00      0.00      0.00      0.00      0.00      0.00      0.00      0.00
04:50:05      nvme0n1      4.56      0.17     24.94      0.00      5.51      0.00      0.88      0.21
04:50:05         dm-0      5.69      0.17     24.94      0.00      4.41      0.01      0.89      0.64
04:50:05         dm-1      0.00      0.00      0.00      0.00      0.00      0.00      0.00      0.00
05:00:05        loop0      0.00      0.00      0.00      0.00      0.00      0.00      0.00      0.00
05:00:05      nvme0n1      4.91      0.17     27.17      0.00      5.57      0.00      0.89      0.22
05:00:05         dm-0      6.07      0.17     27.17      0.00      4.50      0.01      0.86      0.41
05:00:05         dm-1      0.00      0.00      0.00      0.00      0.00      0.00      0.00      0.00
05:10:05        loop0      0.00      0.00      0.00      0.00      0.00      0.00      0.00      0.00
05:10:05      nvme0n1      4.75      0.08     25.81      0.00      5.45      0.00      0.92      0.21
05:10:05         dm-0      5.83      0.08     25.81      0.00      4.44      0.01      0.91      0.27
05:10:05         dm-1      0.00      0.00      0.00      0.00      0.00      0.00      0.00      0.00
05:20:05        loop0      0.00      0.00      0.00      0.00      0.00      0.00      0.00      0.00
05:20:05      nvme0n1      4.97      0.17     27.42      0.00      5.56      0.01      0.96      0.22
05:20:05         dm-0      6.12      0.17     27.42      0.00      4.51      0.01      0.94      0.54
05:20:05         dm-1      0.00      0.00      0.00      0.00      0.00      0.00      0.00      0.00
05:30:05        loop0      0.00      0.00      0.00      0.00      0.00      0.00      0.00      0.00
05:30:05      nvme0n1      4.98      0.43     27.35      0.00      5.58      0.00      0.91      0.21
05:30:05         dm-0      6.12      0.43     27.35      0.00      4.54      0.01      0.88      0.21
05:30:05         dm-1      0.00      0.00      0.00      0.00      0.00      0.00      0.00      0.00
05:40:05        loop0      0.00      0.00      0.00      0.00      0.00      0.00      0.00      0.00
05:40:05      nvme0n1      4.82      0.11     26.44      0.00      5.51      0.00      0.87      0.22
05:40:05         dm-0      5.98      0.11     26.44      0.00      4.44      0.01      0.87      0.75
05:40:05         dm-1      0.00      0.00      0.00      0.00      0.00      0.00      0.00      0.00
05:50:00        loop0      0.00      0.00      0.00      0.00      0.00      0.00      0.00      0.00
05:50:00      nvme0n1      5.39      0.32     30.01      0.00      5.62      0.01      0.97      0.22
05:50:00         dm-0      6.57      0.32     30.01      0.00      4.62      0.01      0.94      0.73
05:50:00         dm-1      0.00      0.00      0.00      0.00      0.00      0.00      0.00      0.00
06:00:05        loop0      0.00      0.00      0.00      0.00      0.00      0.00      0.00      0.00
06:00:05      nvme0n1      9.60    501.37     30.57      0.00     55.40      0.01      0.96      0.73
06:00:05         dm-0     10.84    501.37     30.57      0.00     49.08      0.01      0.89      0.74
06:00:05         dm-1      0.00      0.00      0.00      0.00      0.00      0.00      0.00      0.00
06:10:00        loop0      0.00      0.00      0.00      0.00      0.00      0.00      0.00      0.00
06:10:00      nvme0n1     10.61    638.41     29.38      0.00     62.94      0.01      0.97      0.87
06:10:00         dm-0     11.78    638.41     29.23      0.00     56.70      0.01      0.87      1.96
06:10:00         dm-1      0.04      0.01      0.15      0.00      3.68      0.00      0.84      0.00
06:20:05        loop0      0.00      0.00      0.00      0.00      0.00      0.00      0.00      0.00
06:20:05      nvme0n1     32.42   2733.45    469.27      0.00     98.78      0.02      0.47      1.22
06:20:05         dm-0     31.17   2733.45    469.27      0.00    102.75      0.01      0.41      1.29
06:20:05         dm-1      0.00      0.00      0.00      0.00      0.00      0.00      0.00      0.00
06:30:05        loop0      0.00      0.00      0.00      0.00      0.00      0.00      0.00      0.00
06:30:05      nvme0n1      7.11    183.66     31.01      0.00     30.21      0.01      0.88      0.41
06:30:05         dm-0      8.33    183.66     30.93      0.00     25.75      0.01      0.85      0.62
06:30:05         dm-1      0.03      0.00      0.09      0.00      3.25      0.00      1.12      0.00
06:40:05        loop0      0.00      0.00      0.00      0.00      0.00      0.00      0.00      0.00
06:40:05      nvme0n1      4.99      0.15     27.17      0.00      5.47      0.00      0.92      0.22
06:40:05         dm-0      6.14      0.15     27.17      0.00      4.45      0.01      0.93      0.39
06:40:05         dm-1      0.00      0.00      0.00      0.00      0.00      0.00      0.00      0.00
06:50:05        loop0      0.00      0.00      0.00      0.00      0.00      0.00      0.00      0.00
06:50:05      nvme0n1      5.14      0.09     28.00      0.00      5.46      0.00      0.84      0.22
06:50:05         dm-0      6.35      0.09     28.00      0.00      4.43      0.01      0.83      0.29
06:50:05         dm-1      0.00      0.00      0.00      0.00      0.00      0.00      0.00      0.00
07:00:05        loop0      0.00      0.00      0.00      0.00      0.00      0.00      0.00      0.00
07:00:05      nvme0n1      5.14      0.09     27.83      0.00      5.43      0.01      1.00      0.22
07:00:05         dm-0      6.30      0.09     27.83      0.00      4.43      0.01      1.01      0.29
07:00:05         dm-1      0.00      0.00      0.00      0.00      0.00      0.00      0.00      0.00
07:10:05        loop0      0.00      0.00      0.00      0.00      0.00      0.00      0.00      0.00
07:10:05      nvme0n1      5.17      0.09     27.86      0.00      5.41      0.01      0.90      0.22
07:10:05         dm-0      6.36      0.09     27.86      0.00      4.40      0.01      0.91      0.22
07:10:05         dm-1      0.00      0.00      0.00      0.00      0.00      0.00      0.00      0.00
07:20:05        loop0      0.00      0.00      0.00      0.00      0.00      0.00      0.00      0.00
07:20:05      nvme0n1      4.81      0.17     25.87      0.00      5.41      0.00      0.87      0.21
07:20:05         dm-0      5.96      0.17     25.87      0.00      4.37      0.01      0.88      0.22
07:20:05         dm-1      0.00      0.00      0.00      0.00      0.00      0.00      0.00      0.00
07:30:05        loop0      0.00      0.00      0.00      0.00      0.00      0.00      0.00      0.00
07:30:05      nvme0n1      5.96      7.94     33.64      0.00      6.97      0.01      0.80      0.22
07:30:05         dm-0      8.28      7.94     33.64      0.00      5.02      0.01      0.71      0.52
07:30:05         dm-1      0.00      0.00      0.00      0.00      0.00      0.00      0.00      0.00
07:40:05        loop0      0.00      0.00      0.00      0.00      0.00      0.00      0.00      0.00
07:40:05      nvme0n1      4.88      0.04     25.93      0.00      5.32      0.00      0.92      0.22
07:40:05         dm-0      6.01      0.04     25.93      0.00      4.32      0.01      0.92      0.70
07:40:05         dm-1      0.00      0.00      0.00      0.00      0.00      0.00      0.00      0.00
07:50:05        loop0      0.00      0.00      0.00      0.00      0.00      0.00      0.00      0.00
07:50:05      nvme0n1      5.60      0.29     29.36      0.00      5.30      0.01      0.84      0.22
07:50:05         dm-0      6.81      0.29     29.36      0.00      4.35      0.01      0.85      0.22
07:50:05         dm-1      0.00      0.00      0.00      0.00      0.00      0.00      0.00      0.00
08:00:05        loop0      0.00      0.00      0.00      0.00      0.00      0.00      0.00      0.00
08:00:05      nvme0n1      5.65      0.15     29.21      0.00      5.20      0.00      0.81      0.21
08:00:05         dm-0      6.83      0.15     29.21      0.00      4.30      0.01      0.84      0.40
08:00:05         dm-1      0.00      0.00      0.00      0.00      0.00      0.00      0.00      0.00
08:10:05        loop0      0.00      0.00      0.00      0.00      0.00      0.00      0.00      0.00
08:10:05      nvme0n1      5.58      0.08     28.73      0.00      5.16      0.01      0.88      0.23
08:10:05         dm-0      6.76      0.08     28.73      0.00      4.26      0.01      0.92      0.48
08:10:05         dm-1      0.00      0.00      0.00      0.00      0.00      0.00      0.00      0.00
08:20:05        loop0      0.00      0.00      0.00      0.00      0.00      0.00      0.00      0.00
08:20:05      nvme0n1      5.16      0.17     26.78      0.00      5.22      0.00      0.87      0.22
08:20:05         dm-0      6.31      0.17     26.78      0.00      4.27      0.01      0.88      0.25
08:20:05         dm-1      0.00      0.00      0.00      0.00      0.00      0.00      0.00      0.00
08:30:03        loop0      0.00      0.00      0.00      0.00      0.00      0.00      0.00      0.00
08:30:03      nvme0n1      3.01      0.00     15.66      0.00      5.20      0.00      1.33      0.18
08:30:03         dm-0      3.86      0.00     15.66      0.00      4.06      0.01      1.56      1.51
08:30:03         dm-1      0.00      0.00      0.00      0.00      0.00      0.00      0.00      0.00
08:40:05        loop0      0.00      0.00      0.00      0.00      0.00      0.00      0.00      0.00
08:40:05      nvme0n1      2.81      0.12     14.88      0.00      5.34      0.00      1.46      0.17
08:40:05         dm-0      3.61      0.12     14.88      0.00      4.16      0.01      1.66      0.41
08:40:05         dm-1      0.00      0.00      0.00      0.00      0.00      0.00      0.00      0.00
08:50:05        loop0      0.00      0.00      0.00      0.00      0.00      0.00      0.00      0.00
08:50:05      nvme0n1      5.49      0.03     28.17      0.00      5.13      0.00      0.81      0.22
08:50:05         dm-0      6.59      0.03     28.17      0.00      4.28      0.01      0.84      0.23
08:50:05         dm-1      0.00      0.00      0.00      0.00      0.00      0.00      0.00      0.00
09:00:00        loop0      0.00      0.00      0.00      0.00      0.00      0.00      0.00      0.00
09:00:00      nvme0n1      5.15      0.09     26.33      0.00      5.13      0.00      0.89      0.22
09:00:00         dm-0      6.24      0.09     26.33      0.00      4.24      0.01      0.91      0.39
09:00:00         dm-1      0.00      0.00      0.00      0.00      0.00      0.00      0.00      0.00
09:10:04        loop0      0.00      0.00      0.00      0.00      0.00      0.00      0.00      0.00
09:10:04      nvme0n1      2.38      0.00     12.56      0.00      5.27      0.00      1.59      0.18
09:10:04         dm-0      3.15      0.00     12.56      0.00      3.99      0.01      1.79      1.74
09:10:04         dm-1      0.00      0.00      0.00      0.00      0.00      0.00      0.00      0.00
09:20:05        loop0      0.00      0.00      0.00      0.00      0.00      0.00      0.00      0.00
09:20:05      nvme0n1      3.23      0.01     17.33      0.00      5.37      0.00      1.43      0.19
09:20:05         dm-0      4.20      0.01     17.33      0.00      4.12      0.01      1.58      0.36
09:20:05         dm-1      0.00      0.00      0.00      0.00      0.00      0.00      0.00      0.00
09:30:05        loop0      0.00      0.00      0.00      0.00      0.00      0.00      0.00      0.00
09:30:05      nvme0n1      3.68      0.13     19.05      0.00      5.21      0.00      1.23      0.18
09:30:05         dm-0      4.52      0.13     19.05      0.00      4.24      0.01      1.29      0.35
09:30:05         dm-1      0.00      0.00      0.00      0.00      0.00      0.00      0.00      0.00
09:40:05        loop0      0.00      0.00      0.00      0.00      0.00      0.00      0.00      0.00
09:40:05      nvme0n1      5.94      0.12     31.05      0.00      5.25      0.00      0.77      0.21
09:40:05         dm-0      7.12      0.12     31.05      0.00      4.38      0.01      0.79      0.55
09:40:05         dm-1      0.00      0.00      0.00      0.00      0.00      0.00      0.00      0.00
09:50:05        loop0      0.00      0.00      0.00      0.00      0.00      0.00      0.00      0.00
09:50:05      nvme0n1      5.56      0.11     28.35      0.00      5.12      0.01      0.84      0.22
09:50:05         dm-0      6.67      0.11     28.35      0.00      4.27      0.01      0.88      0.53
09:50:05         dm-1      0.00      0.00      0.00      0.00      0.00      0.00      0.00      0.00
10:00:03        loop0      0.00      0.00      0.00      0.00      0.00      0.00      0.00      0.00
10:00:03      nvme0n1      5.06      0.24     25.83      0.00      5.15      0.00      0.90      0.21
10:00:03         dm-0      6.12      0.24     25.83      0.00      4.26      0.01      0.93      0.57
10:00:03         dm-1      0.00      0.00      0.00      0.00      0.00      0.00      0.00      0.00
10:10:03        loop0      0.00      0.00      0.00      0.00      0.00      0.00      0.00      0.00
10:10:03      nvme0n1      8.24     12.03     40.85      0.00      6.42      0.01      0.62      0.22
10:10:03         dm-0      9.57     12.03     40.85      0.00      5.53      0.01      0.66      1.02
10:10:03         dm-1      0.00      0.00      0.00      0.00      0.00      0.00      0.00      0.00
10:20:05        loop0      0.00      0.00      0.00      0.00      0.00      0.00      0.00      0.00
10:20:05      nvme0n1      6.71    117.18     28.98      0.00     21.77      0.01      0.71      0.30
10:20:05         dm-0      7.87    117.18     28.98      0.00     18.57      0.01      0.65      2.02
10:20:05         dm-1      0.00      0.00      0.00      0.00      0.00      0.00      0.00      0.00
10:30:05        loop0      0.00      0.00      0.00      0.00      0.00      0.00      0.00      0.00
10:30:05      nvme0n1      5.23      1.82     26.89      0.00      5.49      0.00      0.56      0.16
10:30:05         dm-0      6.26      1.82     26.89      0.00      4.58      0.00      0.58      2.28
10:30:05         dm-1      0.00      0.00      0.00      0.00      0.00      0.00      0.00      0.00
10:40:05        loop0      0.00      0.00      0.00      0.00      0.00      0.00      0.00      0.00
10:40:05      nvme0n1      4.29     90.81     17.23      0.00     25.20      0.00      0.83      0.26
10:40:05         dm-0      5.07     90.81     17.23      0.00     21.31      0.00      0.83      1.75
10:40:05         dm-1      0.00      0.00      0.00      0.00      0.00      0.00      0.00      0.00
10:50:03        loop0      0.00      0.00      0.00      0.00      0.00      0.00      0.00      0.00
10:50:03      nvme0n1      3.26      0.48     15.83      0.00      5.00      0.00      1.00      0.19
10:50:03         dm-0      4.02      0.48     15.83      0.00      4.05      0.00      1.06      0.39
10:50:03         dm-1      0.00      0.00      0.00      0.00      0.00      0.00      0.00      0.00
11:00:05        loop0      0.00      0.00      0.00      0.00      0.00      0.00      0.00      0.00
11:00:05      nvme0n1      2.77      0.03     13.49      0.00      4.88      0.00      1.32      0.18
11:00:05         dm-0      3.42      0.03     13.49      0.00      3.96      0.00      1.45      0.26
11:00:05         dm-1      0.00      0.00      0.00      0.00      0.00      0.00      0.00      0.00
11:10:05        loop0      0.00      0.00      0.00      0.00      0.00      0.00      0.00      0.00
11:10:05      nvme0n1      1.91      0.04      9.96      0.00      5.24      0.00      1.82      0.15
11:10:05         dm-0      2.51      0.04      9.96      0.00      3.99      0.01      2.22      0.15
11:10:05         dm-1      0.00      0.00      0.00      0.00      0.00      0.00      0.00      0.00
11:20:05        loop0      0.00      0.00      0.00      0.00      0.00      0.00      0.00      0.00
11:20:05      nvme0n1      2.74      0.13     13.92      0.00      5.13      0.00      1.37      0.18
11:20:05         dm-0      3.45      0.13     13.92      0.00      4.08      0.01      1.51      2.30
11:20:05         dm-1      0.00      0.00      0.00      0.00      0.00      0.00      0.00      0.00
11:30:03        loop0      0.00      0.00      0.00      0.00      0.00      0.00      0.00      0.00
11:30:03      nvme0n1      8.23      0.17     61.95      0.00      7.54      0.01      0.58      0.20
11:30:03         dm-0      9.09      0.17     61.95      0.00      6.84      0.01      0.64      0.55
11:30:03         dm-1      0.00      0.00      0.00      0.00      0.00      0.00      0.00      0.00
11:40:05        loop0      0.00      0.00      0.00      0.00      0.00      0.00      0.00      0.00
11:40:05      nvme0n1      3.41      0.09     16.72      0.00      4.93      0.00      1.02      0.20
11:40:05         dm-0      4.20      0.09     16.72      0.00      4.00      0.00      1.06      0.39
11:40:05         dm-1      0.00      0.00      0.00      0.00      0.00      0.00      0.00      0.00
11:50:05        loop0      0.00      0.00      0.00      0.00      0.00      0.00      0.00      0.00
11:50:05      nvme0n1      3.26      0.16     16.13      0.00      5.00      0.00      1.03      0.19
11:50:05         dm-0      4.04      0.16     16.13      0.00      4.03      0.00      1.09      0.33
11:50:05         dm-1      0.00      0.00      0.00      0.00      0.00      0.00      0.00      0.00
12:00:05        loop0      0.00      0.00      0.00      0.00      0.00      0.00      0.00      0.00
12:00:05      nvme0n1      3.37      0.05     16.59      0.00      4.93      0.00      1.03      0.20
12:00:05         dm-0      4.16      0.05     16.59      0.00      4.00      0.00      1.08      0.47
12:00:05         dm-1      0.00      0.00      0.00      0.00      0.00      0.00      0.00      0.00
12:10:03        loop0      0.00      0.00      0.00      0.00      0.00      0.00      0.00      0.00
12:10:03      nvme0n1      3.37      0.01     16.58      0.00      4.93      0.00      1.07      0.20
12:10:03         dm-0      4.17      0.01     16.58      0.00      3.98      0.00      1.09      1.11
12:10:03         dm-1      0.00      0.00      0.00      0.00      0.00      0.00      0.00      0.00
12:20:05        loop0      0.00      0.00      0.00      0.00      0.00      0.00      0.00      0.00
12:20:05      nvme0n1      3.53      0.47     17.52      0.00      5.09      0.00      1.04      0.20
12:20:05         dm-0      4.38      0.47     17.52      0.00      4.11      0.00      1.06      0.34
12:20:05         dm-1      0.00      0.00      0.00      0.00      0.00      0.00      0.00      0.00
12:30:03        loop0      0.00      0.00      0.00      0.00      0.00      0.00      0.00      0.00
12:30:03      nvme0n1      3.28      0.07     16.22      0.00      4.96      0.00      1.08      0.20
12:30:03         dm-0      4.06      0.07     16.22      0.00      4.01      0.00      1.12      0.28
12:30:03         dm-1      0.00      0.00      0.00      0.00      0.00      0.00      0.00      0.00
12:40:05        loop0      0.00      0.00      0.00      0.00      0.00      0.00      0.00      0.00
12:40:05      nvme0n1      3.43      0.03     16.84      0.00      4.92      0.00      1.09      0.20
12:40:05         dm-0      4.21      0.03     16.84      0.00      4.01      0.00      1.14      0.20
12:40:05         dm-1      0.00      0.00      0.00      0.00      0.00      0.00      0.00      0.00
12:50:05        loop0      0.00      0.00      0.00      0.00      0.00      0.00      0.00      0.00
12:50:05      nvme0n1      3.32      0.08     16.63      0.00      5.03      0.00      1.07      0.20
12:50:05         dm-0      4.15      0.08     16.63      0.00      4.03      0.00      1.14      0.21
12:50:05         dm-1      0.00      0.00      0.00      0.00      0.00      0.00      0.00      0.00
13:00:05        loop0      0.00      0.00      0.00      0.00      0.00      0.00      0.00      0.00
13:00:05      nvme0n1      3.32      0.07     16.58      0.00      5.01      0.00      1.02      0.20
13:00:05         dm-0      4.13      0.07     16.58      0.00      4.03      0.00      1.06      0.21
13:00:05         dm-1      0.00      0.00      0.00      0.00      0.00      0.00      0.00      0.00
13:10:03        loop0      0.00      0.00      0.00      0.00      0.00      0.00      0.00      0.00
13:10:03      nvme0n1      3.36      0.00     16.62      0.00      4.94      0.00      1.00      0.20
13:10:03         dm-0      4.18      0.00     16.62      0.00      3.97      0.00      1.04      0.48
13:10:03         dm-1      0.00      0.00      0.00      0.00      0.00      0.00      0.00      0.00
13:20:05        loop0      0.00      0.00      0.00      0.00      0.00      0.00      0.00      0.00
13:20:05      nvme0n1      3.54      0.05     17.48      0.00      4.96      0.00      1.06      0.20
13:20:05         dm-0      4.35      0.05     17.48      0.00      4.03      0.00      1.06      0.35
13:20:05         dm-1      0.00      0.00      0.00      0.00      0.00      0.00      0.00      0.00
13:30:05        loop0      0.00      0.00      0.00      0.00      0.00      0.00      0.00      0.00
13:30:05      nvme0n1    151.28  18655.82     19.67      0.00    123.45      0.02      0.16      1.27
13:30:05         dm-0      5.05      5.51     19.67      0.00      4.99      0.00      0.91      0.79
13:30:05         dm-1    147.11  18650.31      0.00      0.00    126.78      0.02      0.13      1.53
13:40:05        loop0      0.00      0.00      0.00      0.00      0.00      0.00      0.00      0.00
13:40:05      nvme0n1      5.68      0.90    166.69      0.00     29.50      0.01      0.95      0.22
13:40:05         dm-0     25.30      0.90    166.69      0.00      6.63      0.02      0.63      0.44
13:40:05         dm-1      0.00      0.00      0.00      0.00      0.00      0.00      0.00      0.00
13:50:03        loop0      0.00      0.00      0.00      0.00      0.00      0.00      0.00      0.00
13:50:03      nvme0n1      3.30      0.05     16.22      0.00      4.93      0.00      0.98      0.19
13:50:03         dm-0      4.12      0.05     16.22      0.00      3.95      0.00      0.99      0.35
13:50:03         dm-1      0.00      0.00      0.00      0.00      0.00      0.00      0.00      0.00
14:00:05        loop0      0.00      0.00      0.00      0.00      0.00      0.00      0.00      0.00
14:00:05      nvme0n1      3.35      0.15     16.56      0.00      4.99      0.00      1.05      0.20
14:00:05         dm-0      4.14      0.15     16.56      0.00      4.03      0.00      1.13      0.49
14:00:05         dm-1      0.00      0.00      0.00      0.00      0.00      0.00      0.00      0.00
14:10:01        loop0      0.00      0.00      0.00      0.00      0.00      0.00      0.00      0.00
14:10:01      nvme0n1      3.24      0.04     16.01      0.00      4.96      0.00      0.99      0.19
14:10:01         dm-0      4.01      0.04     16.01      0.00      4.01      0.00      1.03      0.65
14:10:01         dm-1      0.00      0.00      0.00      0.00      0.00      0.00      0.00      0.00
14:20:05        loop0      0.00      0.00      0.00      0.00      0.00      0.00      0.00      0.00
14:20:05      nvme0n1      3.43      0.04     16.92      0.00      4.95      0.00      1.09      0.20
14:20:05         dm-0      4.22      0.04     16.92      0.00      4.02      0.00      1.09      0.53
14:20:05         dm-1      0.00      0.00      0.00      0.00      0.00      0.00      0.00      0.00
14:30:03        loop0      0.00      0.00      0.00      0.00      0.00      0.00      0.00      0.00
14:30:03      nvme0n1      3.37      0.11     16.75      0.00      5.00      0.00      0.98      0.20
14:30:03         dm-0      4.17      0.11     16.75      0.00      4.04      0.00      1.00      0.66
14:30:03         dm-1      0.00      0.00      0.00      0.00      0.00      0.00      0.00      0.00
14:40:05        loop0      0.00      0.00      0.00      0.00      0.00      0.00      0.00      0.00
14:40:05      nvme0n1      3.31      0.04     16.38      0.00      4.96      0.00      0.97      0.20
14:40:05         dm-0      4.09      0.04     16.38      0.00      4.02      0.00      1.01      0.82
14:40:05         dm-1      0.00      0.00      0.00      0.00      0.00      0.00      0.00      0.00
14:50:05        loop0      0.00      0.00      0.00      0.00      0.00      0.00      0.00      0.00
14:50:05      nvme0n1      4.40      6.01     19.31      0.00      5.76      0.00      0.93      0.20
14:50:05         dm-0      5.26      6.00     19.31      0.00      4.81      0.00      0.94      0.26
14:50:05         dm-1      0.01      0.01      0.00      0.00      2.67      0.00      0.00      0.00
15:00:05        loop0      0.00      0.00      0.00      0.00      0.00      0.00      0.00      0.00
15:00:05      nvme0n1     54.89   6274.59     24.62      0.00    114.76      0.01      0.22      0.62
15:00:05         dm-0      6.81     77.02     24.62      0.00     14.92      0.00      0.71      0.42
15:00:05         dm-1     49.09   6197.57      0.00      0.00    126.25      0.01      0.16      0.60
15:10:03        loop0      0.00      0.00      0.00      0.00      0.00      0.00      0.00      0.00
15:10:03      nvme0n1     24.48   2136.99     33.92      0.00     88.70      0.01      0.38      0.84
15:10:03         dm-0     28.27   2136.99     33.92      0.00     76.79      0.01      0.51      0.86
15:10:03         dm-1      0.00      0.00      0.00      0.00      0.00      0.00      0.00      0.00
15:20:00        loop0      0.00      0.00      0.00      0.00      0.00      0.00      0.00      0.00
15:20:00      nvme0n1     10.32    350.59     29.15      0.00     36.81      0.01      0.52      0.30
15:20:00         dm-0     10.51    313.34     27.39      0.00     32.43      0.01      0.59      0.29
15:20:00         dm-1      8.81     37.26      1.76      0.00      4.43      0.00      0.35      0.02
15:30:05        loop0      0.00      0.00      0.00      0.00      0.00      0.00      0.00      0.00
15:30:05      nvme0n1      4.32      0.07     21.35      0.00      4.95      0.00      0.96      0.20
15:30:05         dm-0      5.21      0.07     21.30      0.00      4.10      0.01      0.97      0.92
15:30:05         dm-1      0.01      0.00      0.05      0.00      4.00      0.00      1.38      0.00
15:40:05        loop0      0.00      0.00      0.00      0.00      0.00      0.00      0.00      0.00
15:40:05      nvme0n1      4.05     15.99     17.23      0.00      8.21      0.00      0.92      0.21
15:40:05         dm-0      5.94     15.99     17.23      0.00      5.59      0.01      0.87      0.71
15:40:05         dm-1      0.00      0.00      0.00      0.00      0.00      0.00      0.00      0.00
15:50:05        loop0      0.00      0.00      0.00      0.00      0.00      0.00      0.00      0.00
15:50:05      nvme0n1      3.88      3.41     17.03      0.00      5.27      0.00      0.94      0.20
15:50:05         dm-0      4.73      3.41     17.03      0.00      4.32      0.00      1.00      0.22
15:50:05         dm-1      0.00      0.00      0.00      0.00      0.00      0.00      0.00      0.00
16:00:05        loop0      0.00      0.00      0.00      0.00      0.00      0.00      0.00      0.00
16:00:05      nvme0n1      3.29      0.01     16.22      0.00      4.94      0.00      1.01      0.19
16:00:05         dm-0      4.06      0.01     16.22      0.00      4.00      0.00      1.06      0.39
16:00:05         dm-1      0.00      0.00      0.00      0.00      0.00      0.00      0.00      0.00
16:10:03        loop0      0.00      0.00      0.00      0.00      0.00      0.00      0.00      0.00
16:10:03      nvme0n1      3.25      0.09     16.06      0.00      4.97      0.00      1.09      0.20
16:10:03         dm-0      4.02      0.09     16.06      0.00      4.02      0.00      1.13      0.36
16:10:03         dm-1      0.00      0.00      0.00      0.00      0.00      0.00      0.00      0.00
16:20:05        loop0      0.00      0.00      0.00      0.00      0.00      0.00      0.00      0.00
16:20:05      nvme0n1      3.43      0.01     16.83      0.00      4.91      0.00      1.00      0.19
16:20:05         dm-0      4.22      0.01     16.83      0.00      3.99      0.00      1.03      0.81
16:20:05         dm-1      0.00      0.00      0.00      0.00      0.00      0.00      0.00      0.00
16:30:05        loop0      0.00      0.00      0.00      0.00      0.00      0.00      0.00      0.00
16:30:05      nvme0n1      3.23      0.07     15.97      0.00      4.97      0.00      1.09      0.20
16:30:05         dm-0      4.00      0.07     15.97      0.00      4.01      0.00      1.13      0.45
16:30:05         dm-1      0.00      0.00      0.00      0.00      0.00      0.00      0.00      0.00
16:40:03        loop0      0.00      0.00      0.00      0.00      0.00      0.00      0.00      0.00
16:40:03      nvme0n1      3.37      0.06     16.60      0.00      4.94      0.00      1.07      0.20
16:40:03         dm-0      4.15      0.06     16.60      0.00      4.02      0.00      1.10      0.89
16:40:03         dm-1      0.00      0.00      0.00      0.00      0.00      0.00      0.00      0.00
16:50:03        loop0      0.00      0.00      0.00      0.00      0.00      0.00      0.00      0.00
16:50:03      nvme0n1      3.33      0.23     16.23      0.00      4.95      0.00      1.04      0.19
16:50:03         dm-0      4.10      0.23     16.23      0.00      4.02      0.00      1.04      1.06
16:50:03         dm-1      0.00      0.00      0.00      0.00      0.00      0.00      0.00      0.00
17:00:05        loop0      0.00      0.00      0.00      0.00      0.00      0.00      0.00      0.00
17:00:05      nvme0n1      3.45      1.17     16.94      0.00      5.25      0.00      1.03      0.20
17:00:05         dm-0      4.30      1.17     16.94      0.00      4.21      0.00      1.09      0.46
17:00:05         dm-1      0.00      0.00      0.00      0.00      0.00      0.00      0.00      0.00
17:10:05        loop0      0.00      0.00      0.00      0.00      0.00      0.00      0.00      0.00
17:10:05      nvme0n1      3.27      0.05     16.22      0.00      4.97      0.00      0.99      0.20
17:10:05         dm-0      4.05      0.05     16.22      0.00      4.01      0.00      1.05      0.20
17:10:05         dm-1      0.00      0.00      0.00      0.00      0.00      0.00      0.00      0.00
17:20:05        loop0      0.00      0.00      0.00      0.00      0.00      0.00      0.00      0.00
17:20:05      nvme0n1      3.33      0.01     16.39      0.00      4.92      0.00      1.08      0.20
17:20:05         dm-0      4.13      0.01     16.39      0.00      3.97      0.00      1.13      0.20
17:20:05         dm-1      0.00      0.00      0.00      0.00      0.00      0.00      0.00      0.00
17:30:03        loop0      0.00      0.00      0.00      0.00      0.00      0.00      0.00      0.00
17:30:03      nvme0n1      3.46      0.13     17.25      0.00      5.02      0.00      0.96      0.20
17:30:03         dm-0      4.28      0.13     17.25      0.00      4.06      0.00      0.99      0.24
17:30:03         dm-1      0.00      0.00      0.00      0.00      0.00      0.00      0.00      0.00
17:40:05        loop0      0.00      0.00      0.00      0.00      0.00      0.00      0.00      0.00
17:40:05      nvme0n1      3.24      0.16     15.94      0.00      4.97      0.00      1.03      0.19
17:40:05         dm-0      3.98      0.16     15.94      0.00      4.04      0.00      1.06      0.41
17:40:05         dm-1      0.00      0.00      0.00      0.00      0.00      0.00      0.00      0.00
17:50:05        loop0      0.00      0.00      0.00      0.00      0.00      0.00      0.00      0.00
17:50:05      nvme0n1      3.19      0.01     15.47      0.00      4.86      0.00      0.97      0.19
17:50:05         dm-0      3.91      0.01     15.47      0.00      3.96      0.00      0.99      0.34
17:50:05         dm-1      0.00      0.00      0.00      0.00      0.00      0.00      0.00      0.00
18:00:05        loop0      0.00      0.00      0.00      0.00      0.00      0.00      0.00      0.00
18:00:05      nvme0n1      3.31      0.07     16.29      0.00      4.94      0.00      1.04      0.20
18:00:05         dm-0      4.05      0.07     16.29      0.00      4.04      0.00      1.07      0.20
18:00:05         dm-1      0.00      0.00      0.00      0.00      0.00      0.00      0.00      0.00
18:10:05        loop0      0.00      0.00      0.00      0.00      0.00      0.00      0.00      0.00
18:10:05      nvme0n1      3.28      0.08     16.01      0.00      4.90      0.00      1.01      0.19
18:10:05         dm-0      3.98      0.08     16.01      0.00      4.04      0.00      1.07      0.52
18:10:05         dm-1      0.00      0.00      0.00      0.00      0.00      0.00      0.00      0.00
18:20:05        loop0      0.00      0.00      0.00      0.00      0.00      0.00      0.00      0.00
18:20:05      nvme0n1      3.37      0.04     16.34      0.00      4.86      0.00      1.03      0.19
18:20:05         dm-0      4.12      0.04     16.34      0.00      3.97      0.00      1.03      0.30
18:20:05         dm-1      0.00      0.00      0.00      0.00      0.00      0.00      0.00      0.00
18:30:05        loop0      0.00      0.00      0.00      0.00      0.00      0.00      0.00      0.00
18:30:05      nvme0n1      3.23      0.04     15.73      0.00      4.88      0.00      1.05      0.19
18:30:05         dm-0      3.93      0.04     15.73      0.00      4.01      0.00      1.09      0.72
18:30:05         dm-1      0.00      0.00      0.00      0.00      0.00      0.00      0.00      0.00
18:40:02        loop0      0.00      0.00      0.00      0.00      0.00      0.00      0.00      0.00
18:40:02      nvme0n1      3.18      0.05     15.56      0.00      4.91      0.00      0.98      0.19
18:40:02         dm-0      3.91      0.05     15.56      0.00      3.99      0.00      1.01      0.44
18:40:02         dm-1      0.00      0.00      0.00      0.00      0.00      0.00      0.00      0.00
18:50:05        loop0      0.00      0.00      0.00      0.00      0.00      0.00      0.00      0.00
18:50:05      nvme0n1      3.17      0.07     15.37      0.00      4.86      0.00      1.02      0.19
18:50:05         dm-0      3.86      0.07     15.37      0.00      3.99      0.00      1.05      0.63
18:50:05         dm-1      0.00      0.00      0.00      0.00      0.00      0.00      0.00      0.00
19:00:05        loop0      0.00      0.00      0.00      0.00      0.00      0.00      0.00      0.00
19:00:05      nvme0n1      3.27      0.11     16.26      0.00      5.00      0.00      0.98      0.20
19:00:05         dm-0      4.06      0.11     16.26      0.00      4.03      0.00      1.06      0.34
19:00:05         dm-1      0.00      0.00      0.00      0.00      0.00      0.00      0.00      0.00
19:10:05        loop0      0.00      0.00      0.00      0.00      0.00      0.00      0.00      0.00
19:10:05      nvme0n1      3.27      0.00     15.93      0.00      4.88      0.00      0.98      0.19
19:10:05         dm-0      3.96      0.00     15.93      0.00      4.03      0.00      0.98      0.51
19:10:05         dm-1      0.00      0.00      0.00      0.00      0.00      0.00      0.00      0.00
19:20:05        loop0      0.00      0.00      0.00      0.00      0.00      0.00      0.00      0.00
19:20:05      nvme0n1      3.33      0.05     16.29      0.00      4.91      0.00      1.00      0.20
19:20:05         dm-0      4.09      0.05     16.29      0.00      3.99      0.00      1.06      0.20
19:20:05         dm-1      0.00      0.00      0.00      0.00      0.00      0.00      0.00      0.00
19:30:05        loop0      0.00      0.00      0.00      0.00      0.00      0.00      0.00      0.00
19:30:05      nvme0n1      3.20      0.16     15.76      0.00      4.97      0.00      1.00      0.19
19:30:05         dm-0      3.93      0.16     15.76      0.00      4.06      0.00      1.04      0.44
19:30:05         dm-1      0.00      0.00      0.00      0.00      0.00      0.00      0.00      0.00
19:40:05        loop0      0.00      0.00      0.00      0.00      0.00      0.00      0.00      0.00
19:40:05      nvme0n1      3.24      0.12     15.85      0.00      4.92      0.00      0.94      0.19
19:40:05         dm-0      3.95      0.12     15.85      0.00      4.04      0.00      0.97      0.79
19:40:05         dm-1      0.00      0.00      0.00      0.00      0.00      0.00      0.00      0.00
19:50:05        loop0      0.00      0.00      0.00      0.00      0.00      0.00      0.00      0.00
19:50:05      nvme0n1      3.24      0.01     15.74      0.00      4.86      0.00      1.06      0.19
19:50:05         dm-0      3.98      0.01     15.74      0.00      3.96      0.00      1.10      0.43
19:50:05         dm-1      0.00      0.00      0.00      0.00      0.00      0.00      0.00      0.00
20:00:05        loop0      0.00      0.00      0.00      0.00      0.00      0.00      0.00      0.00
20:00:05      nvme0n1      6.09     70.42     25.86      0.00     15.82      0.00      0.71      0.22
20:00:05         dm-0      6.92     69.33     25.83      0.00     13.76      0.01      0.76      0.35
20:00:05         dm-1      0.08      1.09      0.03      0.00     13.36      0.00      0.30      0.00
20:10:05        loop0      0.00      0.00      0.00      0.00      0.00      0.00      0.00      0.00
20:10:05      nvme0n1      4.19      0.05     20.41      0.00      4.88      0.00      0.86      0.19
20:10:05         dm-0      4.99      0.05     20.41      0.00      4.10      0.00      0.89      0.49
20:10:05         dm-1      0.00      0.00      0.00      0.00      0.00      0.00      0.00      0.00
20:20:05        loop0      0.00      0.00      0.00      0.00      0.00      0.00      0.00      0.00
20:20:05      nvme0n1      3.58      0.00     17.47      0.00      4.87      0.00      0.90      0.19
20:20:05         dm-0      4.30      0.00     17.32      0.00      4.03      0.00      0.99      0.66
20:20:05         dm-1      0.04      0.00      0.15      0.00      3.83      0.00      0.67      0.00
20:30:05        loop0      0.00      0.00      0.00      0.00      0.00      0.00      0.00      0.00
20:30:05      nvme0n1      3.22      0.04     15.76      0.00      4.91      0.00      1.03      0.19
20:30:05         dm-0      3.95      0.04     15.76      0.00      4.00      0.00      1.08      0.23
20:30:05         dm-1      0.00      0.00      0.00      0.00      0.00      0.00      0.00      0.00
20:40:05        loop0      0.00      0.00      0.00      0.00      0.00      0.00      0.00      0.00
20:40:05      nvme0n1      3.24      0.03     15.75      0.00      4.86      0.00      0.98      0.19
20:40:05         dm-0      3.93      0.03     15.75      0.00      4.01      0.00      1.01      0.41
20:40:05         dm-1      0.00      0.00      0.00      0.00      0.00      0.00      0.00      0.00
20:50:05        loop0      0.00      0.00      0.00      0.00      0.00      0.00      0.00      0.00
20:50:05      nvme0n1      3.58      0.00     17.58      0.00      4.91      0.00      1.01      0.19
20:50:05         dm-0      4.34      0.00     17.58      0.00      4.05      0.00      1.01      0.85
20:50:05         dm-1      0.00      0.00      0.00      0.00      0.00      0.00      0.00      0.00
21:00:05        loop0      0.00      0.00      0.00      0.00      0.00      0.00      0.00      0.00
21:00:05      nvme0n1      3.28      0.03     16.01      0.00      4.89      0.00      1.03      0.19
21:00:05         dm-0      3.99      0.03     16.01      0.00      4.02      0.00      1.05      0.20
21:00:05         dm-1      0.00      0.00      0.00      0.00      0.00      0.00      0.00      0.00
21:10:05        loop0      0.00      0.00      0.00      0.00      0.00      0.00      0.00      0.00
21:10:05      nvme0n1      3.21      0.04     15.70      0.00      4.91      0.00      1.01      0.19
21:10:05         dm-0      3.92      0.04     15.70      0.00      4.02      0.00      1.04      0.19
21:10:05         dm-1      0.00      0.00      0.00      0.00      0.00      0.00      0.00      0.00
21:20:05        loop0      0.00      0.00      0.00      0.00      0.00      0.00      0.00      0.00
21:20:05      nvme0n1      3.30      0.07     16.02      0.00      4.88      0.00      0.98      0.19
21:20:05         dm-0      4.03      0.07     16.02      0.00      3.99      0.00      1.02      0.84
21:20:05         dm-1      0.00      0.00      0.00      0.00      0.00      0.00      0.00      0.00
21:30:05        loop0      0.00      0.00      0.00      0.00      0.00      0.00      0.00      0.00
21:30:05      nvme0n1      3.18      0.01     15.65      0.00      4.93      0.00      0.99      0.20
21:30:05         dm-0      3.91      0.01     15.65      0.00      4.01      0.00      1.06      0.20
21:30:05         dm-1      0.00      0.00      0.00      0.00      0.00      0.00      0.00      0.00
21:40:05        loop0      0.00      0.00      0.00      0.00      0.00      0.00      0.00      0.00
21:40:05      nvme0n1      3.04      0.05     14.79      0.00      4.89      0.00      0.97      0.19
21:40:05         dm-0      3.72      0.05     14.79      0.00      3.99      0.00      1.04      0.69
21:40:05         dm-1      0.00      0.00      0.00      0.00      0.00      0.00      0.00      0.00
21:50:05        loop0      0.00      0.00      0.00      0.00      0.00      0.00      0.00      0.00
21:50:05      nvme0n1      3.30      0.04     16.05      0.00      4.87      0.00      1.02      0.19
21:50:05         dm-0      4.04      0.04     16.05      0.00      3.98      0.00      1.05      0.42
21:50:05         dm-1      0.00      0.00      0.00      0.00      0.00      0.00      0.00      0.00
22:00:05        loop0      0.00      0.00      0.00      0.00      0.00      0.00      0.00      0.00
22:00:05      nvme0n1      3.40      0.05     16.69      0.00      4.92      0.00      1.06      0.20
22:00:05         dm-0      4.16      0.05     16.69      0.00      4.03      0.00      1.08      0.48
22:00:05         dm-1      0.00      0.00      0.00      0.00      0.00      0.00      0.00      0.00
22:10:05        loop0      0.00      0.00      0.00      0.00      0.00      0.00      0.00      0.00
22:10:05      nvme0n1      3.26      0.04     16.02      0.00      4.92      0.00      1.11      0.19
22:10:05         dm-0      3.98      0.04     16.02      0.00      4.04      0.00      1.14      0.20
22:10:05         dm-1      0.00      0.00      0.00      0.00      0.00      0.00      0.00      0.00
22:20:05        loop0      0.00      0.00      0.00      0.00      0.00      0.00      0.00      0.00
22:20:05      nvme0n1      3.11      0.00     15.32      0.00      4.93      0.00      0.94      0.19
22:20:05         dm-0      3.84      0.00     15.32      0.00      3.99      0.00      0.98      0.40
22:20:05         dm-1      0.00      0.00      0.00      0.00      0.00      0.00      0.00      0.00
22:30:05        loop0      0.00      0.00      0.00      0.00      0.00      0.00      0.00      0.00
22:30:05      nvme0n1      3.30      0.07     16.30      0.00      4.96      0.00      1.08      0.20
22:30:05         dm-0      4.04      0.07     16.30      0.00      4.05      0.00      1.10      0.32
22:30:05         dm-1      0.00      0.00      0.00      0.00      0.00      0.00      0.00      0.00
22:40:05        loop0      0.00      0.00      0.00      0.00      0.00      0.00      0.00      0.00
22:40:05      nvme0n1      3.16      0.08     15.62      0.00      4.98      0.00      0.98      0.19
22:40:05         dm-0      3.90      0.08     15.62      0.00      4.02      0.00      1.06      0.34
22:40:05         dm-1      0.00      0.00      0.00      0.00      0.00      0.00      0.00      0.00
22:50:05        loop0      0.00      0.00      0.00      0.00      0.00      0.00      0.00      0.00
22:50:05      nvme0n1      3.32      0.01     16.11      0.00      4.86      0.00      1.05      0.20
22:50:05         dm-0      4.04      0.01     16.11      0.00      3.99      0.00      1.10      0.20
22:50:05         dm-1      0.00      0.00      0.00      0.00      0.00      0.00      0.00      0.00
23:00:05        loop0      0.00      0.00      0.00      0.00      0.00      0.00      0.00      0.00
23:00:05      nvme0n1      3.27      0.08     16.12      0.00      4.96      0.00      0.98      0.19
23:00:05         dm-0      4.00      0.08     16.12      0.00      4.05      0.00      1.06      0.23
23:00:05         dm-1      0.00      0.00      0.00      0.00      0.00      0.00      0.00      0.00
23:10:05        loop0      0.00      0.00      0.00      0.00      0.00      0.00      0.00      0.00
23:10:05      nvme0n1      3.29      0.05     16.13      0.00      4.91      0.00      1.06      0.19
23:10:05         dm-0      4.00      0.05     16.13      0.00      4.04      0.00      1.08      0.19
23:10:05         dm-1      0.00      0.00      0.00      0.00      0.00      0.00      0.00      0.00
23:20:05        loop0      0.00      0.00      0.00      0.00      0.00      0.00      0.00      0.00
23:20:05      nvme0n1      3.32      0.04     16.21      0.00      4.90      0.00      1.06      0.19
23:20:05         dm-0      4.08      0.04     16.21      0.00      3.98      0.00      1.10      0.55
23:20:05         dm-1      0.00      0.00      0.00      0.00      0.00      0.00      0.00      0.00
23:30:05        loop0      0.00      0.00      0.00      0.00      0.00      0.00      0.00      0.00
23:30:05      nvme0n1      3.08      0.00     15.03      0.00      4.89      0.00      1.04      0.19
23:30:05         dm-0      3.75      0.00     15.03      0.00      4.00      0.00      1.08      0.59
23:30:05         dm-1      0.00      0.00      0.00      0.00      0.00      0.00      0.00      0.00
23:40:05        loop0      0.00      0.00      0.00      0.00      0.00      0.00      0.00      0.00
23:40:05      nvme0n1      3.28      0.11     16.00      0.00      4.91      0.00      0.98      0.19
23:40:05         dm-0      3.99      0.11     16.00      0.00      4.04      0.00      1.00      0.19
23:40:05         dm-1      0.00      0.00      0.00      0.00      0.00      0.00      0.00      0.00
23:50:05        loop0      0.00      0.00      0.00      0.00      0.00      0.00      0.00      0.00
23:50:05      nvme0n1      3.21      0.07     15.61      0.00      4.88      0.00      1.04      0.20
23:50:05         dm-0      3.94      0.07     15.61      0.00      3.98      0.00      1.08      0.22
23:50:05         dm-1      0.00      0.00      0.00      0.00      0.00      0.00      0.00      0.00
Average:        loop0      0.00      0.00      0.00      0.00      0.00      0.00      0.00      0.00
Average:      nvme0n1      6.09    232.21     26.46      0.00     42.48      0.00      0.71      0.24
Average:         dm-0      5.73     53.02     26.44      0.00     13.88      0.01      0.91      0.53
Average:         dm-1      1.50    179.19      0.02      0.00    119.52      0.00      0.15      0.02
### SAR_DEV_SA31
Linux 6.8.0-138-generic (pgain-nuc) 	08/31/26 	_x86_64_	(4 CPU)

00:00:05          DEV       tps     rkB/s     wkB/s     dkB/s   areq-sz    aqu-sz     await     %util
00:10:05        loop0      0.00      0.00      0.00      0.00      0.00      0.00      0.00      0.00
00:10:05      nvme0n1      4.66      2.32     23.03      0.00      5.44      0.00      0.75      0.19
00:10:05         dm-0      5.56      2.32     23.00      0.00      4.55      0.00      0.81      0.62
00:10:05         dm-1      0.01      0.00      0.03      0.00      2.67      0.00      1.00      0.00
00:20:05        loop0      0.00      0.00      0.00      0.00      0.00      0.00      0.00      0.00
00:20:05      nvme0n1      3.87      0.11     18.97      0.00      4.93      0.00      0.85      0.19
00:20:05         dm-0      4.67      0.11     18.97      0.00      4.09      0.00      0.93      0.40
00:20:05         dm-1      0.00      0.00      0.00      0.00      0.00      0.00      0.00      0.00
00:30:04        loop0      0.00      0.00      0.00      0.00      0.00      0.00      0.00      0.00
00:30:04      nvme0n1      3.32      0.03     16.25      0.00      4.90      0.00      0.94      0.19
00:30:04         dm-0      4.05      0.03     16.25      0.00      4.01      0.00      1.00      0.49
00:30:04         dm-1      0.00      0.00      0.00      0.00      0.00      0.00      0.00      0.00
00:40:05        loop0      0.00      0.00      0.00      0.00      0.00      0.00      0.00      0.00
00:40:05      nvme0n1     36.40     36.40     22.93 1283766.40  35274.51      0.02      0.51      1.56
00:40:05         dm-0     20.69     11.80     22.77 135226.13   6538.09      0.01      0.56      0.87
00:40:05         dm-1     18.03     23.61      0.15 1143752.29  63424.70      0.01      0.51      0.92
00:50:05        loop0      0.00      0.00      0.00      0.00      0.00      0.00      0.00      0.00
00:50:05      nvme0n1      3.60      2.18     16.27      0.00      5.12      0.00      0.93      0.19
00:50:05         dm-0      4.60      2.18     16.27      0.00      4.01      0.00      0.99      0.42
00:50:05         dm-1      0.00      0.00      0.00      0.00      0.00      0.00      0.00      0.00
01:00:03        loop0      0.00      0.00      0.00      0.00      0.00      0.00      0.00      0.00
01:00:03      nvme0n1      3.21      0.09     15.78      0.00      4.94      0.00      1.04      0.19
01:00:03         dm-0      3.94      0.09     15.78      0.00      4.03      0.00      1.09      0.20
01:00:03         dm-1      0.00      0.00      0.00      0.00      0.00      0.00      0.00      0.00
01:10:05        loop0      0.00      0.00      0.00      0.00      0.00      0.00      0.00      0.00
01:10:05      nvme0n1      3.14      0.00     15.39      0.00      4.90      0.00      1.01      0.19
01:10:05         dm-0      3.85      0.00     15.39      0.00      4.00      0.00      1.04      0.49
01:10:05         dm-1      0.00      0.00      0.00      0.00      0.00      0.00      0.00      0.00
01:20:05        loop0      0.00      0.00      0.00      0.00      0.00      0.00      0.00      0.00
01:20:05      nvme0n1      3.34      0.03     16.39      0.00      4.92      0.00      1.05      0.19
01:20:05         dm-0      4.12      0.03     16.39      0.00      3.99      0.00      1.08      0.41
01:20:05         dm-1      0.00      0.00      0.00      0.00      0.00      0.00      0.00      0.00
01:30:05        loop0      0.00      0.00      0.00      0.00      0.00      0.00      0.00      0.00
01:30:05      nvme0n1      3.28      0.03     16.11      0.00      4.92      0.00      0.95      0.20
01:30:05         dm-0      4.02      0.03     16.11      0.00      4.01      0.00      0.99      0.76
01:30:05         dm-1      0.00      0.00      0.00      0.00      0.00      0.00      0.00      0.00
01:40:03        loop0      0.00      0.00      0.00      0.00      0.00      0.00      0.00      0.00
01:40:03      nvme0n1      3.18      0.08     15.59      0.00      4.92      0.00      1.03      0.20
01:40:03         dm-0      3.88      0.08     15.59      0.00      4.04      0.00      1.06      0.38
01:40:03         dm-1      0.00      0.00      0.00      0.00      0.00      0.00      0.00      0.00
01:50:05        loop0      0.00      0.00      0.00      0.00      0.00      0.00      0.00      0.00
01:50:05      nvme0n1      3.19      0.01     15.47      0.00      4.85      0.00      1.01      0.19
01:50:05         dm-0      3.90      0.01     15.47      0.00      3.97      0.00      1.06      0.20
01:50:05         dm-1      0.00      0.00      0.00      0.00      0.00      0.00      0.00      0.00
02:00:05        loop0      0.00      0.00      0.00      0.00      0.00      0.00      0.00      0.00
02:00:05      nvme0n1      4.74      4.17    156.64      0.00     33.90      0.00      0.89      0.20
02:00:05         dm-0     32.09      4.17    156.64      0.00      5.01      0.01      0.26      0.31
02:00:05         dm-1      0.00      0.00      0.00      0.00      0.00      0.00      0.00      0.00
02:10:05        loop0      0.00      0.00      0.00      0.00      0.00      0.00      0.00      0.00
02:10:05      nvme0n1      3.09      0.00     15.21      0.00      4.92      0.00      0.98      0.19
02:10:05         dm-0      3.80      0.00     15.21      0.00      4.00      0.00      0.99      0.78
02:10:05         dm-1      0.00      0.00      0.00      0.00      0.00      0.00      0.00      0.00
02:20:05        loop0      0.00      0.00      0.00      0.00      0.00      0.00      0.00      0.00
02:20:05      nvme0n1      3.38      0.03     16.46      0.00      4.87      0.00      1.04      0.19
02:20:05         dm-0      4.13      0.03     16.46      0.00      4.00      0.00      1.08      0.20
02:20:05         dm-1      0.00      0.00      0.00      0.00      0.00      0.00      0.00      0.00
02:30:05        loop0      0.00      0.00      0.00      0.00      0.00      0.00      0.00      0.00
02:30:05      nvme0n1      3.26      0.75     15.80      0.00      5.08      0.00      0.92      0.19
02:30:05         dm-0      3.99      0.75     15.80      0.00      4.15      0.00      0.97      0.56
02:30:05         dm-1      0.00      0.00      0.00      0.00      0.00      0.00      0.00      0.00
02:40:03        loop0      0.00      0.00      0.00      0.00      0.00      0.00      0.00      0.00
02:40:03      nvme0n1      3.17      0.00     15.38      0.00      4.86      0.00      1.01      0.19
02:40:03         dm-0      3.85      0.00     15.38      0.00      4.00      0.00      1.06      0.44
02:40:03         dm-1      0.00      0.00      0.00      0.00      0.00      0.00      0.00      0.00
02:50:05        loop0      0.00      0.00      0.00      0.00      0.00      0.00      0.00      0.00
02:50:05      nvme0n1      3.18      0.01     15.48      0.00      4.88      0.00      0.95      0.19
02:50:05         dm-0      3.90      0.01     15.48      0.00      3.98      0.00      1.00      0.19
02:50:05         dm-1      0.00      0.00      0.00      0.00      0.00      0.00      0.00      0.00
03:00:05        loop0      0.00      0.00      0.00      0.00      0.00      0.00      0.00      0.00
03:00:05      nvme0n1      3.32      0.09     16.39      0.00      4.97      0.00      0.97      0.20
03:00:05         dm-0      4.06      0.09     16.39      0.00      4.06      0.00      1.01      0.20
03:00:05         dm-1      0.00      0.00      0.00      0.00      0.00      0.00      0.00      0.00
03:10:01        loop0      0.00      0.00      0.00      0.00      0.00      0.00      0.00      0.00
03:10:01      nvme0n1      3.28      0.17     16.11      0.00      4.96      0.00      1.03      0.20
03:10:01         dm-0      4.00      0.17     16.11      0.00      4.07      0.00      1.07      0.57
03:10:01         dm-1      0.00      0.00      0.00      0.00      0.00      0.00      0.00      0.00
03:20:03        loop0      0.00      0.00      0.00      0.00      0.00      0.00      0.00      0.00
03:20:03      nvme0n1      3.18      0.00     15.74      0.00      4.95      0.00      0.93      0.19
03:20:03         dm-0      3.94      0.00     15.74      0.00      4.00      0.00      1.00      0.56
03:20:03         dm-1      0.00      0.00      0.00      0.00      0.00      0.00      0.00      0.00
03:30:05        loop0      0.00      0.00      0.00      0.00      0.00      0.00      0.00      0.00
03:30:05      nvme0n1      3.34      0.21     16.31      0.00      4.95      0.00      1.07      0.20
03:30:05         dm-0      4.08      0.21     16.31      0.00      4.05      0.00      1.11      0.37
03:30:05         dm-1      0.00      0.00      0.00      0.00      0.00      0.00      0.00      0.00
03:40:05        loop0      0.00      0.00      0.00      0.00      0.00      0.00      0.00      0.00
03:40:05      nvme0n1      3.19      0.11     15.74      0.00      4.97      0.00      1.05      0.19
03:40:05         dm-0      3.90      0.11     15.74      0.00      4.06      0.00      1.13      0.42
03:40:05         dm-1      0.00      0.00      0.00      0.00      0.00      0.00      0.00      0.00
03:50:05        loop0      0.00      0.00      0.00      0.00      0.00      0.00      0.00      0.00
03:50:05      nvme0n1      3.43      1.22     16.63      0.00      5.20      0.00      1.01      0.19
03:50:05         dm-0      4.20      1.22     16.63      0.00      4.24      0.00      1.05      0.82
03:50:05         dm-1      0.00      0.00      0.00      0.00      0.00      0.00      0.00      0.00
04:00:03        loop0      0.00      0.00      0.00      0.00      0.00      0.00      0.00      0.00
04:00:03      nvme0n1     15.36    554.76    777.84      0.00     86.78      0.02      0.96      0.28
04:00:03         dm-0    101.53    554.76    777.84      0.00     13.13      0.08      0.74      0.55
04:00:03         dm-1      0.00      0.00      0.00      0.00      0.00      0.00      0.00      0.00
04:10:05        loop0      0.00      0.00      0.00      0.00      0.00      0.00      0.00      0.00
04:10:05      nvme0n1      3.22      0.02     15.78      0.00      4.91      0.00      1.00      0.19
04:10:05         dm-0      3.92      0.02     15.78      0.00      4.04      0.00      1.04      0.54
04:10:05         dm-1      0.00      0.00      0.00      0.00      0.00      0.00      0.00      0.00
04:20:02        loop0      0.00      0.00      0.00      0.00      0.00      0.00      0.00      0.00
04:20:02      nvme0n1      3.36      0.09     16.10      0.00      4.83      0.00      1.00      0.20
04:20:02         dm-0      4.07      0.09     16.10      0.00      3.98      0.00      1.03      0.84
04:20:02         dm-1      0.00      0.00      0.00      0.00      0.00      0.00      0.00      0.00
04:30:05        loop0      0.00      0.00      0.00      0.00      0.00      0.00      0.00      0.00
04:30:05      nvme0n1      3.21      0.03     15.77      0.00      4.92      0.00      0.95      0.19
04:30:05         dm-0      3.93      0.03     15.77      0.00      4.02      0.00      0.99      0.26
04:30:05         dm-1      0.00      0.00      0.00      0.00      0.00      0.00      0.00      0.00
04:40:03        loop0      0.00      0.00      0.00      0.00      0.00      0.00      0.00      0.00
04:40:03      nvme0n1      3.07      0.00     15.12      0.00      4.93      0.00      0.97      0.19
04:40:03         dm-0      3.78      0.00     15.12      0.00      4.00      0.00      1.02      0.40
04:40:03         dm-1      0.00      0.00      0.00      0.00      0.00      0.00      0.00      0.00
04:50:05        loop0      0.00      0.00      0.00      0.00      0.00      0.00      0.00      0.00
04:50:05      nvme0n1      4.03      8.06     18.47      0.00      6.58      0.00      0.88      0.20
04:50:05         dm-0      6.11      8.06     18.47      0.00      4.34      0.00      0.80      0.41
04:50:05         dm-1      0.00      0.01      0.00      0.00      2.00      0.00      0.50      0.00
05:00:05        loop0      0.00      0.00      0.00      0.00      0.00      0.00      0.00      0.00
05:00:05      nvme0n1      5.62     20.09     22.87      0.00      7.64      0.00      0.77      0.21
05:00:05         dm-0      6.92     19.65     22.85      0.00      6.14      0.01      0.84      0.39
05:00:05         dm-1      0.06      0.43      0.03      0.00      7.08      0.00      0.13      0.00
05:10:05        loop0      0.00      0.00      0.00      0.00      0.00      0.00      0.00      0.00
05:10:05      nvme0n1      4.64      0.45     22.46      0.00      4.94      0.00      0.81      0.20
05:10:05         dm-0      5.47      0.44     22.31      0.00      4.16      0.00      0.85      0.20
05:10:05         dm-1      0.04      0.01      0.15      0.00      3.85      0.00      0.65      0.00
05:20:03        loop0      0.00      0.00      0.00      0.00      0.00      0.00      0.00      0.00
05:20:03      nvme0n1      3.82      8.06     16.35      0.00      6.38      0.00      0.89      0.20
05:20:03         dm-0      4.61      8.06     16.35      0.00      5.29      0.00      0.95      0.43
05:20:03         dm-1      0.00      0.00      0.00      0.00      0.00      0.00      0.00      0.00
05:30:05        loop0      0.00      0.00      0.00      0.00      0.00      0.00      0.00      0.00
05:30:05      nvme0n1      3.10      0.03     15.18      0.00      4.91      0.00      0.97      0.19
05:30:05         dm-0      3.81      0.03     15.18      0.00      3.99      0.00      1.00      0.19
05:30:05         dm-1      0.00      0.00      0.00      0.00      0.00      0.00      0.00      0.00
05:40:03        loop0      0.00      0.00      0.00      0.00      0.00      0.00      0.00      0.00
05:40:03      nvme0n1      3.17      0.03     15.45      0.00      4.88      0.00      1.01      0.19
05:40:03         dm-0      3.86      0.03     15.45      0.00      4.01      0.00      1.07      0.47
05:40:03         dm-1      0.00      0.00      0.00      0.00      0.00      0.00      0.00      0.00
05:50:05        loop0      0.00      0.00      0.00      0.00      0.00      0.00      0.00      0.00
05:50:05      nvme0n1      3.24      0.00     15.83      0.00      4.89      0.00      1.07      0.19
05:50:05         dm-0      3.99      0.00     15.83      0.00      3.97      0.00      1.10      0.76
05:50:05         dm-1      0.00      0.00      0.00      0.00      0.00      0.00      0.00      0.00
06:00:05        loop0      0.00      0.00      0.00      0.00      0.00      0.00      0.00      0.00
06:00:05      nvme0n1      3.28      0.29     16.02      0.00      4.97      0.00      1.02      0.20
06:00:05         dm-0      4.01      0.29     16.02      0.00      4.07      0.00      1.07      0.37
06:00:05         dm-1      0.00      0.00      0.00      0.00      0.00      0.00      0.00      0.00
06:10:05        loop0      0.00      0.00      0.00      0.00      0.00      0.00      0.00      0.00
06:10:05      nvme0n1      3.20      0.19     15.67      0.00      4.95      0.00      1.08      0.20
06:10:05         dm-0      3.92      0.19     15.67      0.00      4.04      0.00      1.16      0.20
06:10:05         dm-1      0.00      0.00      0.00      0.00      0.00      0.00      0.00      0.00
06:20:03        loop0      0.00      0.00      0.00      0.00      0.00      0.00      0.00      0.00
06:20:03      nvme0n1      3.25      0.00     15.80      0.00      4.86      0.00      1.03      0.20
06:20:03         dm-0      3.97      0.00     15.80      0.00      3.98      0.00      1.08      0.42
06:20:03         dm-1      0.00      0.00      0.00      0.00      0.00      0.00      0.00      0.00
06:30:05        loop0      0.00      0.00      0.00      0.00      0.00      0.00      0.00      0.00
06:30:05      nvme0n1      3.48      0.27     17.05      0.00      4.97      0.00      1.05      0.20
06:30:05         dm-0      4.27      0.27     17.05      0.00      4.05      0.00      1.08      0.27
06:30:05         dm-1      0.00      0.00      0.00      0.00      0.00      0.00      0.00      0.00
06:40:05        loop0      0.00      0.00      0.00      0.00      0.00      0.00      0.00      0.00
06:40:05      nvme0n1      3.10      0.01     15.33      0.00      4.95      0.00      0.99      0.20
06:40:05         dm-0      3.84      0.01     15.33      0.00      4.00      0.00      1.06      0.36
06:40:05         dm-1      0.00      0.00      0.00      0.00      0.00      0.00      0.00      0.00
06:50:05        loop0      0.00      0.00      0.00      0.00      0.00      0.00      0.00      0.00
06:50:05      nvme0n1      3.27      0.00     15.85      0.00      4.85      0.00      0.98      0.20
06:50:05         dm-0      4.00      0.00     15.85      0.00      3.96      0.00      1.05      0.51
06:50:05         dm-1      0.00      0.00      0.00      0.00      0.00      0.00      0.00      0.00
07:00:05        loop0      0.00      0.00      0.00      0.00      0.00      0.00      0.00      0.00
07:00:05      nvme0n1      3.27      0.04     15.99      0.00      4.90      0.00      1.01      0.19
07:00:05         dm-0      3.99      0.04     15.99      0.00      4.02      0.00      1.06      0.19
07:00:05         dm-1      0.00      0.00      0.00      0.00      0.00      0.00      0.00      0.00
07:10:05        loop0      0.00      0.00      0.00      0.00      0.00      0.00      0.00      0.00
07:10:05      nvme0n1      3.10      0.01     15.04      0.00      4.86      0.00      0.96      0.19
07:10:05         dm-0      3.77      0.01     15.04      0.00      4.00      0.00      1.01      0.48
07:10:05         dm-1      0.00      0.00      0.00      0.00      0.00      0.00      0.00      0.00
07:20:05        loop0      0.00      0.00      0.00      0.00      0.00      0.00      0.00      0.00
07:20:05      nvme0n1      3.36      0.24     16.38      0.00      4.94      0.00      0.96      0.19
07:20:05         dm-0      4.13      0.24     16.38      0.00      4.03      0.00      1.01      0.41
07:20:05         dm-1      0.00      0.00      0.00      0.00      0.00      0.00      0.00      0.00
07:30:05        loop0      0.00      0.00      0.00      0.00      0.00      0.00      0.00      0.00
07:30:05      nvme0n1      3.15      0.01     15.54      0.00      4.94      0.00      0.93      0.19
07:30:05         dm-0      3.86      0.01     15.54      0.00      4.02      0.00      0.99      0.40
07:30:05         dm-1      0.00      0.00      0.00      0.00      0.00      0.00      0.00      0.00
07:40:05        loop0      0.00      0.00      0.00      0.00      0.00      0.00      0.00      0.00
07:40:05      nvme0n1      3.54      2.07     17.05      0.00      5.40      0.00      1.00      0.19
07:40:05         dm-0      4.27      2.07     17.05      0.00      4.47      0.00      1.06      0.58
07:40:05         dm-1      0.00      0.00      0.00      0.00      0.00      0.00      0.00      0.00
07:50:03        loop0      0.00      0.00      0.00      0.00      0.00      0.00      0.00      0.00
07:50:03      nvme0n1      3.44      0.00     16.86      0.00      4.91      0.00      1.08      0.20
07:50:03         dm-0      4.16      0.00     16.86      0.00      4.05      0.00      1.13      0.20
07:50:03         dm-1      0.00      0.00      0.00      0.00      0.00      0.00      0.00      0.00
08:00:05        loop0      0.00      0.00      0.00      0.00      0.00      0.00      0.00      0.00
08:00:05      nvme0n1      3.10      0.07     15.18      0.00      4.93      0.00      0.98      0.19
08:00:05         dm-0      3.82      0.07     15.18      0.00      4.00      0.00      1.07      0.20
08:00:05         dm-1      0.00      0.00      0.00      0.00      0.00      0.00      0.00      0.00
08:10:05        loop0      0.00      0.00      0.00      0.00      0.00      0.00      0.00      0.00
08:10:05      nvme0n1      3.11      0.28     15.33      0.00      5.02      0.00      0.96      0.19
08:10:05         dm-0      3.83      0.28     15.33      0.00      4.07      0.00      1.04      0.31
08:10:05         dm-1      0.00      0.00      0.00      0.00      0.00      0.00      0.00      0.00
08:20:05        loop0      0.00      0.00      0.00      0.00      0.00      0.00      0.00      0.00
08:20:05      nvme0n1      3.30      0.00     16.04      0.00      4.86      0.00      1.09      0.20
08:20:05         dm-0      4.04      0.00     16.04      0.00      3.97      0.00      1.14      0.20
08:20:05         dm-1      0.00      0.00      0.00      0.00      0.00      0.00      0.00      0.00
08:30:03        loop0      0.00      0.00      0.00      0.00      0.00      0.00      0.00      0.00
08:30:03      nvme0n1      3.30      0.00     16.48      0.00      4.99      0.00      1.03      0.19
08:30:03         dm-0      4.03      0.00     16.48      0.00      4.09      0.00      1.04      0.41
08:30:03         dm-1      0.00      0.00      0.00      0.00      0.00      0.00      0.00      0.00
08:40:05        loop0      0.00      0.00      0.00      0.00      0.00      0.00      0.00      0.00
08:40:05      nvme0n1      3.15      0.04     15.35      0.00      4.89      0.00      0.99      0.19
08:40:05         dm-0      3.83      0.04     15.35      0.00      4.02      0.00      1.05      0.19
08:40:05         dm-1      0.00      0.00      0.00      0.00      0.00      0.00      0.00      0.00
08:50:05        loop0      0.00      0.00      0.00      0.00      0.00      0.00      0.00      0.00
08:50:05      nvme0n1      3.37      0.01     16.52      0.00      4.90      0.00      0.96      0.19
08:50:05         dm-0      4.12      0.01     16.52      0.00      4.02      0.00      1.01      0.19
08:50:05         dm-1      0.00      0.00      0.00      0.00      0.00      0.00      0.00      0.00
09:00:05        loop0      0.00      0.00      0.00      0.00      0.00      0.00      0.00      0.00
09:00:05      nvme0n1      3.43      0.01     16.93      0.00      4.93      0.00      1.01      0.20
09:00:05         dm-0      4.18      0.01     16.93      0.00      4.05      0.00      1.07      1.08
09:00:05         dm-1      0.00      0.00      0.00      0.00      0.00      0.00      0.00      0.00
09:10:05        loop0      0.00      0.00      0.00      0.00      0.00      0.00      0.00      0.00
09:10:05      nvme0n1      3.28      0.09     16.21      0.00      4.97      0.00      1.05      0.19
09:10:05         dm-0      4.00      0.09     16.21      0.00      4.07      0.00      1.08      0.50
09:10:05         dm-1      0.00      0.00      0.00      0.00      0.00      0.00      0.00      0.00
09:20:05        loop0      0.00      0.00      0.00      0.00      0.00      0.00      0.00      0.00
09:20:05      nvme0n1      7.96    177.71     29.61      0.00     26.05      0.01      0.62      0.24
09:20:05         dm-0      9.26    177.55     29.58      0.00     22.36      0.01      0.68      0.24
09:20:05         dm-1      0.05      0.16      0.03      0.00      3.73      0.00      0.20      0.00
09:30:05        loop0      0.00      0.00      0.00      0.00      0.00      0.00      0.00      0.00
09:30:05      nvme0n1      3.64      0.05     17.80      0.00      4.91      0.00      0.90      0.19
09:30:05         dm-0      4.39      0.05     17.80      0.00      4.07      0.00      0.96      0.40
09:30:05         dm-1      0.00      0.00      0.00      0.00      0.00      0.00      0.00      0.00
09:40:05        loop0      0.00      0.00      0.00      0.00      0.00      0.00      0.00      0.00
09:40:05      nvme0n1      3.47      0.01     17.04      0.00      4.91      0.00      0.93      0.19
09:40:05         dm-0      4.18      0.01     16.88      0.00      4.04      0.00      1.00      0.26
09:40:05         dm-1      0.04      0.00      0.16      0.00      4.00      0.00      1.67      0.00
09:50:05        loop0      0.00      0.00      0.00      0.00      0.00      0.00      0.00      0.00
09:50:05      nvme0n1      3.63      0.01     17.55      0.00      4.84      0.00      1.09      0.19
09:50:05         dm-0      4.39      0.01     17.55      0.00      4.00      0.00      1.12      0.28
09:50:05         dm-1      0.00      0.00      0.00      0.00      0.00      0.00      0.00      0.00
10:00:05        loop0      0.00      0.00      0.00      0.00      0.00      0.00      0.00      0.00
10:00:05      nvme0n1      3.16      0.00     15.49      0.00      4.90      0.00      1.02      0.20
10:00:05         dm-0      3.88      0.00     15.49      0.00      3.99      0.00      1.08      0.20
10:00:05         dm-1      0.00      0.00      0.00      0.00      0.00      0.00      0.00      0.00
10:10:05        loop0      0.00      0.00      0.00      0.00      0.00      0.00      0.00      0.00
10:10:05      nvme0n1      3.07      0.00     15.00      0.00      4.89      0.00      1.03      0.19
10:10:05         dm-0      3.75      0.00     15.00      0.00      4.00      0.00      1.09      0.40
10:10:05         dm-1      0.00      0.00      0.00      0.00      0.00      0.00      0.00      0.00
10:20:05        loop0      0.00      0.00      0.00      0.00      0.00      0.00      0.00      0.00
10:20:05      nvme0n1      3.46      0.03     16.99      0.00      4.91      0.00      1.03      0.20
10:20:05         dm-0      4.22      0.03     16.99      0.00      4.03      0.00      1.06      0.34
10:20:05         dm-1      0.00      0.00      0.00      0.00      0.00      0.00      0.00      0.00
10:30:05        loop0      0.00      0.00      0.00      0.00      0.00      0.00      0.00      0.00
10:30:05      nvme0n1      3.40      0.01     16.67      0.00      4.91      0.00      1.00      0.20
10:30:05         dm-0      4.12      0.01     16.67      0.00      4.05      0.00      1.03      0.32
10:30:05         dm-1      0.00      0.00      0.00      0.00      0.00      0.00      0.00      0.00
10:40:05        loop0      0.00      0.00      0.00      0.00      0.00      0.00      0.00      0.00
10:40:05      nvme0n1      3.16      0.08     15.43      0.00      4.90      0.00      1.00      0.19
10:40:05         dm-0      3.84      0.08     15.43      0.00      4.03      0.00      1.07      0.34
10:40:05         dm-1      0.00      0.00      0.00      0.00      0.00      0.00      0.00      0.00
10:50:05        loop0      0.00      0.00      0.00      0.00      0.00      0.00      0.00      0.00
10:50:05      nvme0n1      4.29      6.21     22.43      0.00      6.68      0.00      0.83      0.20
10:50:05         dm-0      5.67      6.21     22.43      0.00      5.05      0.00      0.82      0.20
10:50:05         dm-1      0.00      0.00      0.00      0.00      0.00      0.00      0.00      0.00
11:00:05        loop0      0.00      0.00      0.00      0.00      0.00      0.00      0.00      0.00
11:00:05      nvme0n1      3.23      0.03     15.79      0.00      4.89      0.00      1.01      0.20
11:00:05         dm-0      3.94      0.03     15.79      0.00      4.02      0.00      1.07      0.25
11:00:05         dm-1      0.00      0.00      0.00      0.00      0.00      0.00      0.00      0.00
11:10:05        loop0      0.00      0.00      0.00      0.00      0.00      0.00      0.00      0.00
11:10:05      nvme0n1      3.14      0.10     15.31      0.00      4.90      0.00      1.07      0.19
11:10:05         dm-0      3.83      0.10     15.31      0.00      4.02      0.00      1.10      0.61
11:10:05         dm-1      0.00      0.00      0.00      0.00      0.00      0.00      0.00      0.00
11:20:05        loop0      0.00      0.00      0.00      0.00      0.00      0.00      0.00      0.00
11:20:05      nvme0n1      3.33      0.03     16.27      0.00      4.90      0.00      0.96      0.19
11:20:05         dm-0      4.07      0.03     16.27      0.00      4.01      0.00      1.02      0.19
11:20:05         dm-1      0.00      0.00      0.00      0.00      0.00      0.00      0.00      0.00
11:30:05        loop0      0.00      0.00      0.00      0.00      0.00      0.00      0.00      0.00
11:30:05      nvme0n1      3.24      0.00     15.89      0.00      4.90      0.00      1.05      0.20
11:30:05         dm-0      3.96      0.00     15.89      0.00      4.01      0.00      1.06      0.26
11:30:05         dm-1      0.00      0.00      0.00      0.00      0.00      0.00      0.00      0.00
11:40:00        loop0      0.00      0.00      0.00      0.00      0.00      0.00      0.00      0.00
11:40:00      nvme0n1      3.05      0.07     14.82      0.00      4.88      0.00      1.00      0.19
11:40:00         dm-0      3.73      0.07     14.82      0.00      3.99      0.00      1.03      0.24
11:40:00         dm-1      0.00      0.00      0.00      0.00      0.00      0.00      0.00      0.00
11:50:05        loop0      0.00      0.00      0.00      0.00      0.00      0.00      0.00      0.00
11:50:05      nvme0n1      3.31      0.00     16.22      0.00      4.90      0.00      0.92      0.18
11:50:05         dm-0      4.04      0.00     16.22      0.00      4.02      0.00      0.99      0.41
11:50:05         dm-1      0.00      0.00      0.00      0.00      0.00      0.00      0.00      0.00
12:00:05        loop0      0.00      0.00      0.00      0.00      0.00      0.00      0.00      0.00
12:00:05      nvme0n1      3.34      0.04     16.29      0.00      4.89      0.00      1.05      0.19
12:00:05         dm-0      4.06      0.04     16.29      0.00      4.02      0.00      1.05      0.53
12:00:05         dm-1      0.00      0.00      0.00      0.00      0.00      0.00      0.00      0.00
12:10:05        loop0      0.00      0.00      0.00      0.00      0.00      0.00      0.00      0.00
12:10:05      nvme0n1      3.17      0.01     15.51      0.00      4.90      0.00      1.05      0.19
12:10:05         dm-0      3.86      0.01     15.51      0.00      4.02      0.00      1.09      0.87
12:10:05         dm-1      0.00      0.00      0.00      0.00      0.00      0.00      0.00      0.00
12:20:05        loop0      0.00      0.00      0.00      0.00      0.00      0.00      0.00      0.00
12:20:05      nvme0n1      3.33      0.01     16.22      0.00      4.87      0.00      1.08      0.19
12:20:05         dm-0      4.07      0.01     16.22      0.00      3.98      0.00      1.13      0.20
12:20:05         dm-1      0.00      0.00      0.00      0.00      0.00      0.00      0.00      0.00
12:30:05        loop0      0.00      0.00      0.00      0.00      0.00      0.00      0.00      0.00
12:30:05      nvme0n1      3.10      0.02     15.19      0.00      4.91      0.00      1.01      0.19
12:30:05         dm-0      3.81      0.02     15.19      0.00      4.00      0.00      1.03      0.19
12:30:05         dm-1      0.00      0.00      0.00      0.00      0.00      0.00      0.00      0.00
12:40:05        loop0      0.00      0.00      0.00      0.00      0.00      0.00      0.00      0.00
12:40:05      nvme0n1      3.05      0.01     15.04      0.00      4.94      0.00      0.98      0.19
12:40:05         dm-0      3.77      0.01     15.04      0.00      4.00      0.00      1.03      0.38
12:40:05         dm-1      0.00      0.00      0.00      0.00      0.00      0.00      0.00      0.00
12:50:05        loop0      0.00      0.00      0.00      0.00      0.00      0.00      0.00      0.00
12:50:05      nvme0n1      3.16      0.00     15.31      0.00      4.84      0.00      0.95      0.19
12:50:05         dm-0      3.87      0.00     15.31      0.00      3.96      0.00      1.01      0.24
12:50:05         dm-1      0.00      0.00      0.00      0.00      0.00      0.00      0.00      0.00
13:00:05        loop0      0.00      0.00      0.00      0.00      0.00      0.00      0.00      0.00
13:00:05      nvme0n1      3.28      0.03     16.22      0.00      4.95      0.00      1.01      0.19
13:00:05         dm-0      4.04      0.03     16.22      0.00      4.02      0.00      1.06      0.38
13:00:05         dm-1      0.00      0.00      0.00      0.00      0.00      0.00      0.00      0.00
13:10:05        loop0      0.00      0.00      0.00      0.00      0.00      0.00      0.00      0.00
13:10:05      nvme0n1      3.09      0.00     15.16      0.00      4.90      0.00      1.02      0.19
13:10:05         dm-0      3.78      0.00     15.16      0.00      4.01      0.00      1.08      0.55
13:10:05         dm-1      0.00      0.00      0.00      0.00      0.00      0.00      0.00      0.00
13:20:01        loop0      0.00      0.00      0.00      0.00      0.00      0.00      0.00      0.00
13:20:01      nvme0n1      5.96     78.92     23.18      0.00     17.13      0.00      0.70      0.22
13:20:01         dm-0      6.83     78.92     23.15      0.00     14.95      0.01      0.77      0.78
13:20:01         dm-1      0.01      0.01      0.03      0.00      2.86      0.00      0.57      0.00
13:30:05        loop0      0.00      0.00      0.00      0.00      0.00      0.00      0.00      0.00
13:30:05      nvme0n1     55.43    310.41    248.89      0.00     10.09      0.01      0.17      0.56
13:30:05         dm-0    106.58    193.28    233.38      0.00      4.00      0.02      0.18      0.54
13:30:05         dm-1     33.16    117.14     15.51      0.00      4.00      0.01      0.19      0.12
13:40:05        loop0      0.00      0.00      0.00      0.00      0.00      0.00      0.00      0.00
13:40:05      nvme0n1      3.35      0.39     16.22      0.00      4.96      0.00      1.03      0.20
13:40:05         dm-0      4.06      0.39     16.22      0.00      4.09      0.00      1.07      0.30
13:40:05         dm-1      0.00      0.00      0.00      0.00      0.00      0.00      0.00      0.00
13:50:05        loop0      0.00      0.00      0.00      0.00      0.00      0.00      0.00      0.00
13:50:05      nvme0n1      4.13      4.23     50.65      0.00     13.29      0.00      0.90      0.20
13:50:05         dm-0     12.87      4.22     50.50      0.00      4.25      0.01      0.47      0.62
13:50:05         dm-1      0.04      0.01      0.15      0.00      3.84      0.00      1.16      0.00
14:00:05        loop0      0.00      0.00      0.00      0.00      0.00      0.00      0.00      0.00
14:00:05      nvme0n1      3.22      0.01     15.98      0.00      4.97      0.00      0.94      0.19
14:00:05         dm-0      3.95      0.01     15.98      0.00      4.05      0.00      0.99      0.19
14:00:05         dm-1      0.00      0.00      0.00      0.00      0.00      0.00      0.00      0.00
14:10:05        loop0      0.00      0.00      0.00      0.00      0.00      0.00      0.00      0.00
14:10:05      nvme0n1      3.14      0.04     15.37      0.00      4.91      0.00      1.04      0.19
14:10:05         dm-0      3.84      0.04     15.37      0.00      4.02      0.00      1.09      0.31
14:10:05         dm-1      0.00      0.00      0.00      0.00      0.00      0.00      0.00      0.00
14:20:05        loop0      0.00      0.00      0.00      0.00      0.00      0.00      0.00      0.00
14:20:05      nvme0n1      3.26      0.00     15.90      0.00      4.88      0.00      1.00      0.19
14:20:05         dm-0      4.00      0.00     15.90      0.00      3.98      0.00      1.00      0.20
14:20:05         dm-1      0.00      0.00      0.00      0.00      0.00      0.00      0.00      0.00
14:30:05        loop0      0.00      0.00      0.00      0.00      0.00      0.00      0.00      0.00
14:30:05      nvme0n1      3.14      0.01     15.45      0.00      4.92      0.00      0.95      0.19
14:30:05         dm-0      3.86      0.01     15.45      0.00      4.00      0.00      1.00      0.19
14:30:05         dm-1      0.00      0.00      0.00      0.00      0.00      0.00      0.00      0.00
14:40:05        loop0      0.00      0.00      0.00      0.00      0.00      0.00      0.00      0.00
14:40:05      nvme0n1      3.24      0.00     15.85      0.00      4.89      0.00      1.03      0.19
14:40:05         dm-0      3.96      0.00     15.85      0.00      4.01      0.00      1.06      0.32
14:40:05         dm-1      0.00      0.00      0.00      0.00      0.00      0.00      0.00      0.00
14:50:05        loop0      0.00      0.00      0.00      0.00      0.00      0.00      0.00      0.00
14:50:05      nvme0n1      3.27      0.19     15.80      0.00      4.89      0.00      1.04      0.19
14:50:05         dm-0      3.97      0.19     15.80      0.00      4.03      0.00      1.11      0.20
14:50:05         dm-1      0.00      0.00      0.00      0.00      0.00      0.00      0.00      0.00
15:00:05        loop0      0.00      0.00      0.00      0.00      0.00      0.00      0.00      0.00
15:00:05      nvme0n1      3.20      0.00     15.76      0.00      4.93      0.00      0.93      0.19
15:00:05         dm-0      3.91      0.00     15.76      0.00      4.03      0.00      0.96      0.48
15:00:05         dm-1      0.00      0.00      0.00      0.00      0.00      0.00      0.00      0.00
15:10:05        loop0      0.00      0.00      0.00      0.00      0.00      0.00      0.00      0.00
15:10:05      nvme0n1      3.25      0.00     15.88      0.00      4.89      0.00      1.02      0.20
15:10:05         dm-0      3.94      0.00     15.88      0.00      4.03      0.00      1.08      0.34
15:10:05         dm-1      0.00      0.00      0.00      0.00      0.00      0.00      0.00      0.00
15:20:05        loop0      0.00      0.00      0.00      0.00      0.00      0.00      0.00      0.00
15:20:05      nvme0n1      3.17      0.00     15.49      0.00      4.89      0.00      0.99      0.19
15:20:05         dm-0      3.89      0.00     15.49      0.00      3.99      0.00      1.05      0.33
15:20:05         dm-1      0.00      0.00      0.00      0.00      0.00      0.00      0.00      0.00
15:30:05        loop0      0.00      0.00      0.00      0.00      0.00      0.00      0.00      0.00
15:30:05      nvme0n1      3.31      0.00     16.13      0.00      4.88      0.00      1.06      0.19
15:30:05         dm-0      4.01      0.00     16.13      0.00      4.03      0.00      1.07      0.60
15:30:05         dm-1      0.00      0.00      0.00      0.00      0.00      0.00      0.00      0.00
15:40:05        loop0      0.00      0.00      0.00      0.00      0.00      0.00      0.00      0.00
15:40:05      nvme0n1      3.20      0.00     15.59      0.00      4.87      0.00      1.05      0.20
15:40:05         dm-0      3.90      0.00     15.59      0.00      4.00      0.00      1.07      0.72
15:40:05         dm-1      0.00      0.00      0.00      0.00      0.00      0.00      0.00      0.00
15:50:05        loop0      0.00      0.00      0.00      0.00      0.00      0.00      0.00      0.00
15:50:05      nvme0n1      3.21      0.00     15.64      0.00      4.87      0.00      0.97      0.19
15:50:05         dm-0      3.94      0.00     15.64      0.00      3.97      0.00      1.01      0.20
15:50:05         dm-1      0.00      0.00      0.00      0.00      0.00      0.00      0.00      0.00
16:00:03        loop0      0.00      0.00      0.00      0.00      0.00      0.00      0.00      0.00
16:00:03      nvme0n1      3.25      0.30     15.98      0.00      5.00      0.00      0.97      0.19
16:00:03         dm-0      4.00      0.30     15.98      0.00      4.07      0.00      0.98      0.58
16:00:03         dm-1      0.00      0.00      0.00      0.00      0.00      0.00      0.00      0.00
16:10:05        loop0      0.00      0.00      0.00      0.00      0.00      0.00      0.00      0.00
16:10:05      nvme0n1      3.07      0.01     15.07      0.00      4.92      0.00      1.00      0.19
16:10:05         dm-0      3.76      0.01     15.07      0.00      4.01      0.00      1.07      0.19
16:10:05         dm-1      0.00      0.00      0.00      0.00      0.00      0.00      0.00      0.00
16:20:05        loop0      0.00      0.00      0.00      0.00      0.00      0.00      0.00      0.00
16:20:05      nvme0n1      3.21      0.00     15.63      0.00      4.86      0.00      0.98      0.19
16:20:05         dm-0      3.93      0.00     15.63      0.00      3.98      0.00      1.03      0.48
16:20:05         dm-1      0.00      0.00      0.00      0.00      0.00      0.00      0.00      0.00
Average:        loop0      0.00      0.00      0.00      0.00      0.00      0.00      0.00      0.00
Average:      nvme0n1      4.43     12.47     28.46  13110.36   2966.85      0.00      0.83      0.21
Average:         dm-0      6.77     11.01     28.29   1380.99    209.84      0.01      0.78      0.40
Average:         dm-1      0.53      1.45      0.17  11680.47  22157.57      0.00      0.31      0.01
### SAR_NET_SA01
Linux 6.8.0-138-generic (pgain-nuc) 	09/01/26 	_x86_64_	(4 CPU)

05:33:33     LINUX RESTART	(4 CPU)

05:40:12        IFACE   rxpck/s   txpck/s    rxkB/s    txkB/s   rxcmp/s   txcmp/s  rxmcst/s   %ifutil
05:50:01           lo      0.01      0.01      0.00      0.00      0.00      0.00      0.00      0.00
05:50:01         eno1      0.00      0.00      0.00      0.00      0.00      0.00      0.00      0.00
05:50:01      wlp58s0      8.27      6.37      1.59      1.43      0.00      0.00      0.00      0.00
05:50:01    tailscale0      5.50      3.95      0.52      0.61      0.00      0.00      0.00      0.00
06:00:02           lo      0.03      0.03      0.00      0.00      0.00      0.00      0.00      0.00
06:00:02         eno1      0.00      0.00      0.00      0.00      0.00      0.00      0.00      0.00
06:00:02      wlp58s0     10.70      6.69      5.11      1.48      0.00      0.00      0.00      0.00
06:00:02    tailscale0      5.59      4.04      0.55      0.64      0.00      0.00      0.00      0.00
06:10:02           lo      0.00      0.00      0.00      0.00      0.00      0.00      0.00      0.00
06:10:02         eno1      0.00      0.00      0.00      0.00      0.00      0.00      0.00      0.00
06:10:02      wlp58s0      8.29      6.36      1.69      1.45      0.00      0.00      0.00      0.00
06:10:02    tailscale0      5.61      4.05      0.55      0.64      0.00      0.00      0.00      0.00
06:20:01           lo      0.00      0.00      0.00      0.00      0.00      0.00      0.00      0.00
06:20:01         eno1      0.00      0.00      0.00      0.00      0.00      0.00      0.00      0.00
06:20:01      wlp58s0      8.15      6.23      1.65      1.40      0.00      0.00      0.00      0.00
06:20:01    tailscale0      5.50      3.95      0.52      0.61      0.00      0.00      0.00      0.00
06:30:24           lo      0.00      0.00      0.00      0.00      0.00      0.00      0.00      0.00
06:30:24         eno1      0.00      0.00      0.00      0.00      0.00      0.00      0.00      0.00
06:30:24      wlp58s0      8.23      6.29      1.68      1.43      0.00      0.00      0.00      0.00
06:30:24    tailscale0      5.58      4.03      0.54      0.63      0.00      0.00      0.00      0.00
06:40:22           lo      0.00      0.00      0.00      0.00      0.00      0.00      0.00      0.00
06:40:22         eno1      0.00      0.00      0.00      0.00      0.00      0.00      0.00      0.00
06:40:22      wlp58s0      8.29      6.35      1.70      1.44      0.00      0.00      0.00      0.00
06:40:22    tailscale0      5.61      4.05      0.55      0.64      0.00      0.00      0.00      0.00
06:50:01           lo      0.00      0.00      0.00      0.00      0.00      0.00      0.00      0.00
06:50:01         eno1      0.00      0.00      0.00      0.00      0.00      0.00      0.00      0.00
06:50:01      wlp58s0      7.93      6.00      1.64      1.37      0.00      0.00      0.00      0.00
06:50:01    tailscale0      5.49      3.95      0.52      0.61      0.00      0.00      0.00      0.00
07:00:12           lo      0.00      0.00      0.00      0.00      0.00      0.00      0.00      0.00
07:00:12         eno1      0.00      0.00      0.00      0.00      0.00      0.00      0.00      0.00
07:00:12      wlp58s0      8.24      6.31      1.67      1.44      0.00      0.00      0.00      0.00
07:00:12    tailscale0      5.60      4.04      0.55      0.64      0.00      0.00      0.00      0.00
07:10:24           lo      0.00      0.00      0.00      0.00      0.00      0.00      0.00      0.00
07:10:24         eno1      0.00      0.00      0.00      0.00      0.00      0.00      0.00      0.00
07:10:24      wlp58s0      8.23      6.31      1.69      1.43      0.00      0.00      0.00      0.00
07:10:24    tailscale0      5.58      4.03      0.54      0.64      0.00      0.00      0.00      0.00
07:20:01           lo      0.00      0.00      0.00      0.00      0.00      0.00      0.00      0.00
07:20:01         eno1      0.00      0.00      0.00      0.00      0.00      0.00      0.00      0.00
07:20:01      wlp58s0      8.20      6.25      1.67      1.40      0.00      0.00      0.00      0.00
07:20:01    tailscale0      5.49      3.94      0.52      0.61      0.00      0.00      0.00      0.00
07:30:02           lo      0.00      0.00      0.00      0.00      0.00      0.00      0.00      0.00
07:30:02         eno1      0.00      0.00      0.00      0.00      0.00      0.00      0.00      0.00
07:30:02      wlp58s0      8.20      6.29      1.68      1.43      0.00      0.00      0.00      0.00
07:30:02    tailscale0      5.60      4.04      0.55      0.64      0.00      0.00      0.00      0.00
07:40:20           lo      0.00      0.00      0.00      0.00      0.00      0.00      0.00      0.00
07:40:20         eno1      0.00      0.00      0.00      0.00      0.00      0.00      0.00      0.00
07:40:20      wlp58s0      8.22      6.32      1.70      1.44      0.00      0.00      0.00      0.00
07:40:20    tailscale0      5.56      4.01      0.54      0.63      0.00      0.00      0.00      0.00
07:50:01           lo      0.00      0.00      0.00      0.00      0.00      0.00      0.00      0.00
07:50:01         eno1      0.00      0.00      0.00      0.00      0.00      0.00      0.00      0.00
07:50:01      wlp58s0      8.18      6.27      1.69      1.40      0.00      0.00      0.00      0.00
07:50:01    tailscale0      5.47      3.93      0.52      0.61      0.00      0.00      0.00      0.00
08:00:17           lo      0.00      0.00      0.00      0.00      0.00      0.00      0.00      0.00
08:00:17         eno1      0.00      0.00      0.00      0.00      0.00      0.00      0.00      0.00
08:00:17      wlp58s0      8.25      6.33      1.67      1.44      0.00      0.00      0.00      0.00
08:00:17    tailscale0      5.56      4.02      0.54      0.63      0.00      0.00      0.00      0.00
08:10:02           lo      0.00      0.00      0.00      0.00      0.00      0.00      0.00      0.00
08:10:02         eno1      0.00      0.00      0.00      0.00      0.00      0.00      0.00      0.00
08:10:02      wlp58s0      8.29      6.35      1.70      1.44      0.00      0.00      0.00      0.00
08:10:02    tailscale0      5.58      4.04      0.55      0.64      0.00      0.00      0.00      0.00
08:20:01           lo      0.00      0.00      0.00      0.00      0.00      0.00      0.00      0.00
08:20:01         eno1      0.00      0.00      0.00      0.00      0.00      0.00      0.00      0.00
08:20:01      wlp58s0     11.66     18.61      2.23     16.53      0.00      0.00      0.00      0.00
08:20:01    tailscale0      8.90      7.63      0.80     14.05      0.00      0.00      0.00      0.00
08:30:12           lo      0.00      0.00      0.00      0.00      0.00      0.00      0.00      0.00
08:30:12         eno1      0.00      0.00      0.00      0.00      0.00      0.00      0.00      0.00
08:30:12      wlp58s0      8.18      6.29      1.63      1.43      0.00      0.00      0.00      0.00
08:30:12    tailscale0      5.56      4.01      0.54      0.63      0.00      0.00      0.00      0.00
08:40:24           lo      0.00      0.00      0.00      0.00      0.00      0.00      0.00      0.00
08:40:24         eno1      0.00      0.00      0.00      0.00      0.00      0.00      0.00      0.00
08:40:24      wlp58s0      8.24      6.31      1.66      1.43      0.00      0.00      0.00      0.00
08:40:24    tailscale0      5.56      4.01      0.54      0.63      0.00      0.00      0.00      0.00
08:50:01           lo      0.00      0.00      0.00      0.00      0.00      0.00      0.00      0.00
08:50:01         eno1      0.00      0.00      0.00      0.00      0.00      0.00      0.00      0.00
08:50:01      wlp58s0      8.12      6.21      1.61      1.40      0.00      0.00      0.00      0.00
08:50:01    tailscale0      5.44      3.91      0.52      0.60      0.00      0.00      0.00      0.00
09:00:24           lo      0.00      0.00      0.00      0.00      0.00      0.00      0.00      0.00
09:00:24         eno1      0.00      0.00      0.00      0.00      0.00      0.00      0.00      0.00
09:00:24      wlp58s0      8.18      6.29      1.63      1.43      0.00      0.00      0.00      0.00
09:00:24    tailscale0      5.56      4.01      0.54      0.63      0.00      0.00      0.00      0.00
09:10:02           lo      0.00      0.00      0.00      0.00      0.00      0.00      0.00      0.00
09:10:02         eno1      0.00      0.00      0.00      0.00      0.00      0.00      0.00      0.00
09:10:02      wlp58s0      7.98      6.08      1.62      1.41      0.00      0.00      0.00      0.00
09:10:02    tailscale0      5.56      4.01      0.54      0.64      0.00      0.00      0.00      0.00
09:20:01           lo      0.00      0.00      0.00      0.00      0.00      0.00      0.00      0.00
09:20:01         eno1      0.00      0.00      0.00      0.00      0.00      0.00      0.00      0.00
09:20:01      wlp58s0      8.10      6.21      1.60      1.40      0.00      0.00      0.00      0.00
09:20:01    tailscale0      5.47      3.93      0.52      0.61      0.00      0.00      0.00      0.00
09:30:24           lo      0.00      0.00      0.00      0.00      0.00      0.00      0.00      0.00
09:30:24         eno1      0.00      0.00      0.00      0.00      0.00      0.00      0.00      0.00
09:30:24      wlp58s0      8.27      6.34      1.65      1.44      0.00      0.00      0.00      0.00
09:30:24    tailscale0      5.58      4.03      0.54      0.63      0.00      0.00      0.00      0.00
09:40:24           lo      0.00      0.00      0.00      0.00      0.00      0.00      0.00      0.00
09:40:24         eno1      0.00      0.00      0.00      0.00      0.00      0.00      0.00      0.00
09:40:24      wlp58s0      8.26      6.33      1.68      1.45      0.00      0.00      0.00      0.00
09:40:24    tailscale0      5.58      4.03      0.55      0.64      0.00      0.00      0.00      0.00
09:50:01           lo      0.00      0.00      0.00      0.00      0.00      0.00      0.00      0.00
09:50:01         eno1      0.00      0.00      0.00      0.00      0.00      0.00      0.00      0.00
09:50:01      wlp58s0      8.15      6.26      1.59      1.41      0.00      0.00      0.00      0.00
09:50:01    tailscale0      5.46      3.92      0.52      0.61      0.00      0.00      0.00      0.00
10:00:24           lo      0.00      0.00      0.00      0.00      0.00      0.00      0.00      0.00
10:00:24         eno1      0.00      0.00      0.00      0.00      0.00      0.00      0.00      0.00
10:00:24      wlp58s0      8.21      6.28      1.68      1.43      0.00      0.00      0.00      0.00
10:00:24    tailscale0      5.55      4.00      0.54      0.63      0.00      0.00      0.00      0.00
10:10:12           lo      0.00      0.00      0.00      0.00      0.00      0.00      0.00      0.00
10:10:12         eno1      0.00      0.00      0.00      0.00      0.00      0.00      0.00      0.00
10:10:12      wlp58s0      8.27      6.35      1.66      1.45      0.00      0.00      0.00      0.00
10:10:12    tailscale0      5.57      4.03      0.54      0.64      0.00      0.00      0.00      0.00
10:20:02           lo      0.00      0.00      0.00      0.00      0.00      0.00      0.00      0.00
10:20:02         eno1      0.00      0.00      0.00      0.00      0.00      0.00      0.00      0.00
10:20:02      wlp58s0      8.13      6.25      1.61      1.41      0.00      0.00      0.00      0.00
10:20:02    tailscale0      5.46      3.93      0.52      0.61      0.00      0.00      0.00      0.00
10:30:02           lo      0.00      0.00      0.00      0.00      0.00      0.00      0.00      0.00
10:30:02         eno1      0.00      0.00      0.00      0.00      0.00      0.00      0.00      0.00
10:30:02      wlp58s0      8.26      6.33      1.71      1.44      0.00      0.00      0.00      0.00
10:30:02    tailscale0      5.58      4.03      0.55      0.64      0.00      0.00      0.00      0.00
10:40:24           lo      0.00      0.00      0.00      0.00      0.00      0.00      0.00      0.00
10:40:24         eno1      0.00      0.00      0.00      0.00      0.00      0.00      0.00      0.00
10:40:24      wlp58s0      8.25      6.34      1.65      1.45      0.00      0.00      0.00      0.00
10:40:24    tailscale0      5.57      4.02      0.54      0.63      0.00      0.00      0.00      0.00
10:50:02           lo      0.00      0.00      0.00      0.00      0.00      0.00      0.00      0.00
10:50:02         eno1      0.00      0.00      0.00      0.00      0.00      0.00      0.00      0.00
10:50:02      wlp58s0      8.22      6.29      1.65      1.41      0.00      0.00      0.00      0.00
10:50:02    tailscale0      5.47      3.93      0.52      0.61      0.00      0.00      0.00      0.00
11:00:24           lo      0.00      0.00      0.00      0.00      0.00      0.00      0.00      0.00
11:00:24         eno1      0.00      0.00      0.00      0.00      0.00      0.00      0.00      0.00
11:00:24      wlp58s0      8.20      6.30      1.72      1.44      0.00      0.00      0.00      0.00
11:00:24    tailscale0      5.56      4.01      0.54      0.63      0.00      0.00      0.00      0.00
11:10:02           lo      0.01      0.01      0.00      0.00      0.00      0.00      0.00      0.00
11:10:02         eno1      0.00      0.00      0.00      0.00      0.00      0.00      0.00      0.00
11:10:02      wlp58s0      8.32      6.38      1.73      1.45      0.00      0.00      0.00      0.00
11:10:02    tailscale0      5.58      4.03      0.55      0.64      0.00      0.00      0.00      0.00
11:20:02           lo      0.00      0.00      0.00      0.00      0.00      0.00      0.00      0.00
11:20:02         eno1      0.00      0.00      0.00      0.00      0.00      0.00      0.00      0.00
11:20:02      wlp58s0      8.11      6.22      1.64      1.41      0.00      0.00      0.00      0.00
11:20:02    tailscale0      5.44      3.91      0.52      0.60      0.00      0.00      0.00      0.00
11:30:12           lo      0.00      0.00      0.00      0.00      0.00      0.00      0.00      0.00
11:30:12         eno1      0.00      0.00      0.00      0.00      0.00      0.00      0.00      0.00
11:30:12      wlp58s0      8.24      6.32      1.71      1.44      0.00      0.00      0.00      0.00
11:30:12    tailscale0      5.58      4.03      0.54      0.64      0.00      0.00      0.00      0.00
11:40:24           lo      0.00      0.00      0.00      0.00      0.00      0.00      0.00      0.00
11:40:24         eno1      0.00      0.00      0.00      0.00      0.00      0.00      0.00      0.00
11:40:24      wlp58s0      8.30      6.36      1.69      1.45      0.00      0.00      0.00      0.00
11:40:24    tailscale0      5.61      4.05      0.55      0.64      0.00      0.00      0.00      0.00
11:50:00           lo      0.00      0.00      0.00      0.00      0.00      0.00      0.00      0.00
11:50:00         eno1      0.00      0.00      0.00      0.00      0.00      0.00      0.00      0.00
11:50:00      wlp58s0      7.95      6.01      1.64      1.38      0.00      0.00      0.00      0.00
11:50:00    tailscale0      5.49      3.94      0.52      0.61      0.00      0.00      0.00      0.00
12:00:24           lo      0.00      0.00      0.00      0.00      0.00      0.00      0.00      0.00
12:00:24         eno1      0.00      0.00      0.00      0.00      0.00      0.00      0.00      0.00
12:00:24      wlp58s0      8.22      6.30      1.69      1.44      0.00      0.00      0.00      0.00
12:00:24    tailscale0      5.57      4.02      0.54      0.63      0.00      0.00      0.00      0.00
12:10:12           lo      0.00      0.00      0.00      0.00      0.00      0.00      0.00      0.00
12:10:12         eno1      0.00      0.00      0.00      0.00      0.00      0.00      0.00      0.00
12:10:12      wlp58s0      8.28      6.39      1.69      1.46      0.00      0.00      0.00      0.00
12:10:12    tailscale0      5.60      4.05      0.55      0.64      0.00      0.00      0.00      0.00
12:20:02           lo      0.00      0.00      0.00      0.00      0.00      0.00      0.00      0.00
12:20:02         eno1      0.00      0.00      0.00      0.00      0.00      0.00      0.00      0.00
12:20:02      wlp58s0      8.12      6.21      1.66      1.40      0.00      0.00      0.00      0.00
12:20:02    tailscale0      5.46      3.93      0.52      0.61      0.00      0.00      0.00      0.00
12:30:12           lo      0.00      0.00      0.00      0.00      0.00      0.00      0.00      0.00
12:30:12         eno1      0.00      0.00      0.00      0.00      0.00      0.00      0.00      0.00
12:30:12      wlp58s0      8.26      6.31      1.70      1.44      0.00      0.00      0.00      0.00
12:30:12    tailscale0      5.58      4.03      0.54      0.64      0.00      0.00      0.00      0.00
12:40:24           lo      0.00      0.00      0.00      0.00      0.00      0.00      0.00      0.00
12:40:24         eno1      0.00      0.00      0.00      0.00      0.00      0.00      0.00      0.00
12:40:24      wlp58s0      8.24      6.33      1.67      1.44      0.00      0.00      0.00      0.00
12:40:24    tailscale0      5.56      4.02      0.54      0.63      0.00      0.00      0.00      0.00
12:50:02           lo      0.00      0.00      0.00      0.00      0.00      0.00      0.00      0.00
12:50:02         eno1      0.00      0.00      0.00      0.00      0.00      0.00      0.00      0.00
12:50:02      wlp58s0      8.19      6.29      1.66      1.41      0.00      0.00      0.00      0.00
12:50:02    tailscale0      5.47      3.93      0.52      0.61      0.00      0.00      0.00      0.00
13:00:24           lo      0.00      0.00      0.00      0.00      0.00      0.00      0.00      0.00
13:00:24         eno1      0.00      0.00      0.00      0.00      0.00      0.00      0.00      0.00
13:00:24      wlp58s0      8.22      6.29      1.69      1.44      0.00      0.00      0.00      0.00
13:00:24    tailscale0      5.58      4.03      0.54      0.63      0.00      0.00      0.00      0.00
13:10:12           lo      0.00      0.00      0.00      0.00      0.00      0.00      0.00      0.00
13:10:12         eno1      0.00      0.00      0.00      0.00      0.00      0.00      0.00      0.00
13:10:12      wlp58s0      8.35      6.39      1.71      1.45      0.00      0.00      0.00      0.00
13:10:12    tailscale0      5.60      4.04      0.55      0.64      0.00      0.00      0.00      0.00
13:20:02           lo      0.00      0.00      0.00      0.00      0.00      0.00      0.00      0.00
13:20:02         eno1      0.00      0.00      0.00      0.00      0.00      0.00      0.00      0.00
13:20:02      wlp58s0      8.15      6.23      1.64      1.40      0.00      0.00      0.00      0.00
13:20:02    tailscale0      5.49      3.94      0.52      0.61      0.00      0.00      0.00      0.00
13:30:02           lo      0.00      0.00      0.00      0.00      0.00      0.00      0.00      0.00
13:30:02         eno1      0.00      0.00      0.00      0.00      0.00      0.00      0.00      0.00
13:30:02      wlp58s0      8.22      6.32      1.73      1.45      0.00      0.00      0.00      0.00
13:30:02    tailscale0      5.53      4.00      0.54      0.63      0.00      0.00      0.00      0.00
13:40:24           lo      0.00      0.00      0.00      0.00      0.00      0.00      0.00      0.00
13:40:24         eno1      0.00      0.00      0.00      0.00      0.00      0.00      0.00      0.00
13:40:24      wlp58s0      8.25      6.35      1.67      1.45      0.00      0.00      0.00      0.00
13:40:24    tailscale0      5.54      4.00      0.54      0.63      0.00      0.00      0.00      0.00
13:50:00           lo      0.00      0.00      0.00      0.00      0.00      0.00      0.00      0.00
13:50:00         eno1      0.00      0.00      0.00      0.00      0.00      0.00      0.00      0.00
13:50:00      wlp58s0      8.15      6.26      1.67      1.42      0.00      0.00      0.00      0.00
13:50:00    tailscale0      5.45      3.92      0.52      0.60      0.00      0.00      0.00      0.00
14:00:24           lo      0.00      0.00      0.00      0.00      0.00      0.00      0.00      0.00
14:00:24         eno1      0.00      0.00      0.00      0.00      0.00      0.00      0.00      0.00
14:00:24      wlp58s0      8.56      6.52      1.85      1.51      0.00      0.00      0.00      0.00
14:00:24    tailscale0      5.81      4.24      0.59      0.69      0.00      0.00      0.00      0.00
14:10:22           lo      0.00      0.00      0.00      0.00      0.00      0.00      0.00      0.00
14:10:22         eno1      0.00      0.00      0.00      0.00      0.00      0.00      0.00      0.00
14:10:22      wlp58s0      8.16      6.21      1.82      1.51      0.00      0.00      0.00      0.00
14:10:22    tailscale0      5.64      4.10      0.56      0.72      0.00      0.00      0.00      0.00
14:20:00           lo      0.00      0.00      0.00      0.00      0.00      0.00      0.00      0.00
14:20:00         eno1      0.00      0.00      0.00      0.00      0.00      0.00      0.00      0.00
14:20:00      wlp58s0      8.27      6.30      1.80      1.41      0.00      0.00      0.00      0.00
14:20:00    tailscale0      5.50      3.96      0.53      0.61      0.00      0.00      0.00      0.00
14:30:12           lo      0.00      0.00      0.00      0.00      0.00      0.00      0.00      0.00
14:30:12         eno1      0.00      0.00      0.00      0.00      0.00      0.00      0.00      0.00
14:30:12      wlp58s0      8.34      6.31      1.85      1.44      0.00      0.00      0.00      0.00
14:30:12    tailscale0      5.58      4.03      0.54      0.64      0.00      0.00      0.00      0.00
14:40:24           lo      0.00      0.00      0.00      0.00      0.00      0.00      0.00      0.00
14:40:24         eno1      0.00      0.00      0.00      0.00      0.00      0.00      0.00      0.00
14:40:24      wlp58s0      8.34      6.33      1.85      1.45      0.00      0.00      0.00      0.00
14:40:24    tailscale0      5.58      4.03      0.54      0.64      0.00      0.00      0.00      0.00
14:50:00           lo      0.00      0.00      0.00      0.00      0.00      0.00      0.00      0.00
14:50:00         eno1      0.00      0.00      0.00      0.00      0.00      0.00      0.00      0.00
14:50:00      wlp58s0      8.31      6.33      1.82      1.44      0.00      0.00      0.00      0.00
14:50:00    tailscale0      5.48      3.94      0.52      0.61      0.00      0.00      0.00      0.00
15:00:24           lo      0.02      0.02      0.00      0.00      0.00      0.00      0.00      0.00
15:00:24         eno1      0.00      0.00      0.00      0.00      0.00      0.00      0.00      0.00
15:00:24      wlp58s0      8.38      6.36      1.83      1.45      0.00      0.00      0.00      0.00
15:00:24    tailscale0      5.57      4.02      0.54      0.63      0.00      0.00      0.00      0.00
15:10:12           lo      1.09      1.09      7.05      7.05      0.00      0.00      0.00      0.00
15:10:12         eno1      0.00      0.00      0.00      0.00      0.00      0.00      0.00      0.00
15:10:12      wlp58s0     10.92      6.79      5.31      1.53      0.00      0.00      0.00      0.00
15:10:12    tailscale0      5.52      3.98      0.54      0.63      0.00      0.00      0.00      0.00
15:20:00           lo      0.00      0.00      0.00      0.00      0.00      0.00      0.00      0.00
15:20:00         eno1      0.00      0.00      0.00      0.00      0.00      0.00      0.00      0.00
15:20:00      wlp58s0      8.40      6.23      1.78      1.40      0.00      0.00      0.00      0.00
15:20:00    tailscale0      5.41      3.89      0.52      0.60      0.00      0.00      0.00      0.00
15:30:22           lo      0.00      0.00      0.00      0.00      0.00      0.00      0.00      0.00
15:30:22         eno1      0.00      0.00      0.00      0.00      0.00      0.00      0.00      0.00
15:30:22      wlp58s0      9.31      6.37      1.75      1.45      0.00      0.00      0.00      0.00
15:30:22    tailscale0      5.60      4.04      0.55      0.64      0.00      0.00      0.00      0.00
15:40:24           lo      0.00      0.00      0.00      0.00      0.00      0.00      0.00      0.00
15:40:24         eno1      0.00      0.00      0.00      0.00      0.00      0.00      0.00      0.00
15:40:24      wlp58s0      8.63      6.42      1.74      1.46      0.00      0.00      0.00      0.00
15:40:24    tailscale0      5.58      4.03      0.55      0.64      0.00      0.00      0.00      0.00
15:50:00           lo      0.07      0.07      0.01      0.01      0.00      0.00      0.00      0.00
15:50:00         eno1      0.00      0.00      0.00      0.00      0.00      0.00      0.00      0.00
15:50:00      wlp58s0     27.14     11.81     29.24      2.05      0.00      0.00      0.00      0.00
15:50:00    tailscale0      5.47      3.93      0.52      0.61      0.00      0.00      0.00      0.00
16:00:24           lo      0.00      0.00      0.00      0.00      0.00      0.00      0.00      0.00
16:00:24         eno1      0.00      0.00      0.00      0.00      0.00      0.00      0.00      0.00
16:00:24      wlp58s0      8.32      6.32      1.77      1.44      0.00      0.00      0.00      0.00
16:00:24    tailscale0      5.58      4.03      0.54      0.63      0.00      0.00      0.00      0.00
16:10:12           lo      0.00      0.00      0.00      0.00      0.00      0.00      0.00      0.00
16:10:12         eno1      0.00      0.00      0.00      0.00      0.00      0.00      0.00      0.00
16:10:12      wlp58s0      8.39      6.41      1.78      1.46      0.00      0.00      0.00      0.00
16:10:12    tailscale0      5.60      4.04      0.55      0.64      0.00      0.00      0.00      0.00
16:20:00           lo      0.00      0.00      0.00      0.00      0.00      0.00      0.00      0.00
16:20:00         eno1      0.00      0.00      0.00      0.00      0.00      0.00      0.00      0.00
16:20:00      wlp58s0      8.25      6.26      1.74      1.41      0.00      0.00      0.00      0.00
16:20:00    tailscale0      5.50      3.96      0.52      0.61      0.00      0.00      0.00      0.00
16:30:22           lo      0.00      0.00      0.00      0.00      0.00      0.00      0.00      0.00
16:30:22         eno1      0.00      0.00      0.00      0.00      0.00      0.00      0.00      0.00
16:30:22      wlp58s0      8.29      6.30      1.78      1.44      0.00      0.00      0.00      0.00
16:30:22    tailscale0      5.57      4.02      0.54      0.63      0.00      0.00      0.00      0.00
16:40:24           lo      0.00      0.00      0.00      0.00      0.00      0.00      0.00      0.00
16:40:24         eno1      0.00      0.00      0.00      0.00      0.00      0.00      0.00      0.00
16:40:24      wlp58s0      8.33      6.35      1.79      1.44      0.00      0.00      0.00      0.00
16:40:24    tailscale0      5.58      4.03      0.54      0.64      0.00      0.00      0.00      0.00
16:50:00           lo      0.00      0.00      0.00      0.00      0.00      0.00      0.00      0.00
16:50:00         eno1      0.00      0.00      0.00      0.00      0.00      0.00      0.00      0.00
16:50:00      wlp58s0      7.98      6.00      1.73      1.38      0.00      0.00      0.00      0.00
16:50:00    tailscale0      5.49      3.94      0.52      0.61      0.00      0.00      0.00      0.00
17:00:24           lo      0.00      0.00      0.00      0.00      0.00      0.00      0.00      0.00
17:00:24         eno1      0.00      0.00      0.00      0.00      0.00      0.00      0.00      0.00
17:00:24      wlp58s0      8.26      6.29      1.78      1.45      0.00      0.00      0.00      0.00
17:00:24    tailscale0      5.55      4.00      0.54      0.63      0.00      0.00      0.00      0.00
17:10:22           lo      0.00      0.00      0.00      0.00      0.00      0.00      0.00      0.00
17:10:22         eno1      0.00      0.00      0.00      0.00      0.00      0.00      0.00      0.00
17:10:22      wlp58s0      8.26      6.31      1.76      1.44      0.00      0.00      0.00      0.00
17:10:22    tailscale0      5.56      4.01      0.54      0.63      0.00      0.00      0.00      0.00
17:20:00           lo      0.00      0.00      0.00      0.00      0.00      0.00      0.00      0.00
17:20:00         eno1      0.00      0.00      0.00      0.00      0.00      0.00      0.00      0.00
17:20:00      wlp58s0      8.23      6.23      1.74      1.40      0.00      0.00      0.00      0.00
17:20:00    tailscale0      5.49      3.95      0.52      0.61      0.00      0.00      0.00      0.00
17:30:12           lo      0.00      0.00      0.00      0.00      0.00      0.00      0.00      0.00
17:30:12         eno1      0.00      0.00      0.00      0.00      0.00      0.00      0.00      0.00
17:30:12      wlp58s0      8.32      6.36      1.71      1.45      0.00      0.00      0.00      0.00
17:30:12    tailscale0      5.59      4.03      0.55      0.64      0.00      0.00      0.00      0.00
17:40:24           lo      0.00      0.00      0.00      0.00      0.00      0.00      0.00      0.00
17:40:24         eno1      0.00      0.00      0.00      0.00      0.00      0.00      0.00      0.00
17:40:24      wlp58s0      8.33      6.36      1.76      1.45      0.00      0.00      0.00      0.00
17:40:24    tailscale0      5.59      4.04      0.55      0.64      0.00      0.00      0.00      0.00
17:50:00           lo      0.00      0.00      0.00      0.00      0.00      0.00      0.00      0.00
17:50:00         eno1      0.00      0.00      0.00      0.00      0.00      0.00      0.00      0.00
17:50:00      wlp58s0      8.22      6.24      1.74      1.41      0.00      0.00      0.00      0.00
17:50:00    tailscale0      5.49      3.94      0.52      0.61      0.00      0.00      0.00      0.00
18:00:24           lo      0.00      0.00      0.00      0.00      0.00      0.00      0.00      0.00
18:00:24         eno1      0.00      0.00      0.00      0.00      0.00      0.00      0.00      0.00
18:00:24      wlp58s0      8.28      6.31      1.77      1.44      0.00      0.00      0.00      0.00
18:00:24    tailscale0      5.58      4.03      0.54      0.63      0.00      0.00      0.00      0.00
18:10:24           lo      0.00      0.00      0.00      0.00      0.00      0.00      0.00      0.00
18:10:24         eno1      0.00      0.00      0.00      0.00      0.00      0.00      0.00      0.00
18:10:24      wlp58s0      8.30      6.32      1.78      1.44      0.00      0.00      0.00      0.00
18:10:24    tailscale0      5.59      4.04      0.55      0.64      0.00      0.00      0.00      0.00
18:20:00           lo      0.00      0.00      0.00      0.00      0.00      0.00      0.00      0.00
18:20:00         eno1      0.00      0.00      0.00      0.00      0.00      0.00      0.00      0.00
18:20:00      wlp58s0      8.26      6.29      1.74      1.41      0.00      0.00      0.00      0.00
18:20:00    tailscale0      5.48      3.94      0.52      0.61      0.00      0.00      0.00      0.00
Average:           lo      0.02      0.02      0.09      0.09      0.00      0.00      0.00      0.00
Average:         eno1      0.00      0.00      0.00      0.00      0.00      0.00      0.00      0.00
Average:      wlp58s0      8.61      6.54      2.15      1.64      0.00      0.00      0.00      0.00
Average:    tailscale0      5.59      4.05      0.54      0.80      0.00      0.00      0.00      0.00
### SAR_NET_SA03
Linux 6.8.0-138-generic (pgain-nuc) 	09/03/26 	_x86_64_	(4 CPU)

09:37:18     LINUX RESTART	(4 CPU)

09:40:29        IFACE   rxpck/s   txpck/s    rxkB/s    txkB/s   rxcmp/s   txcmp/s  rxmcst/s   %ifutil
09:50:19           lo      0.00      0.00      0.00      0.00      0.00      0.00      0.00      0.00
09:50:19         eno1      0.00      0.00      0.00      0.00      0.00      0.00      0.00      0.00
09:50:19      wlp58s0      8.34      6.40      1.79      1.45      0.00      0.00      0.00      0.00
09:50:19    tailscale0      5.58      4.04      0.55      0.64      0.00      0.00      0.00      0.00
10:00:05           lo      0.00      0.00      0.00      0.00      0.00      0.00      0.00      0.00
10:00:05         eno1      0.00      0.00      0.00      0.00      0.00      0.00      0.00      0.00
10:00:05      wlp58s0      8.34      6.35      1.83      1.44      0.00      0.00      0.00      0.00
10:00:05    tailscale0      5.53      3.99      0.54      0.63      0.00      0.00      0.00      0.00
10:10:29           lo      0.00      0.00      0.00      0.00      0.00      0.00      0.00      0.00
10:10:29         eno1      0.00      0.00      0.00      0.00      0.00      0.00      0.00      0.00
10:10:29      wlp58s0      8.22      6.23      1.83      1.40      0.00      0.00      0.00      0.00
10:10:29    tailscale0      5.40      3.88      0.52      0.60      0.00      0.00      0.00      0.00
10:20:29           lo      0.00      0.00      0.00      0.00      0.00      0.00      0.00      0.00
10:20:29         eno1      0.00      0.00      0.00      0.00      0.00      0.00      0.00      0.00
10:20:29      wlp58s0      8.35      6.34      1.88      1.44      0.00      0.00      0.00      0.00
10:20:29    tailscale0      5.51      3.97      0.54      0.63      0.00      0.00      0.00      0.00
10:30:20           lo      0.31      0.31      0.03      0.03      0.00      0.00      0.00      0.00
10:30:20         eno1      0.00      0.00      0.00      0.00      0.00      0.00      0.00      0.00
10:30:20      wlp58s0     10.92      6.81      5.44      1.55      0.00      0.00      0.00      0.00
10:30:20    tailscale0      5.54      4.02      0.55      0.63      0.00      0.00      0.00      0.00
10:40:29           lo      0.00      0.00      0.00      0.00      0.00      0.00      0.00      0.00
10:40:29         eno1      0.00      0.00      0.00      0.00      0.00      0.00      0.00      0.00
10:40:29      wlp58s0      8.17      6.18      1.86      1.39      0.00      0.00      0.00      0.00
10:40:29    tailscale0      5.35      3.86      0.51      0.59      0.00      0.00      0.00      0.00
10:50:02           lo      0.00      0.00      0.00      0.00      0.00      0.00      0.00      0.00
10:50:02         eno1      0.00      0.00      0.00      0.00      0.00      0.00      0.00      0.00
10:50:02      wlp58s0      8.36      6.36      1.91      1.44      0.00      0.00      0.00      0.00
10:50:02    tailscale0      5.48      3.96      0.54      0.63      0.00      0.00      0.00      0.00
11:00:20           lo      0.00      0.00      0.00      0.00      0.00      0.00      0.00      0.00
11:00:20         eno1      0.00      0.00      0.00      0.00      0.00      0.00      0.00      0.00
11:00:20      wlp58s0      8.08      6.04      1.87      1.40      0.00      0.00      0.00      0.00
11:00:20    tailscale0      5.48      3.96      0.54      0.62      0.00      0.00      0.00      0.00
11:10:29           lo      0.00      0.00      0.00      0.00      0.00      0.00      0.00      0.00
11:10:29         eno1      0.00      0.00      0.00      0.00      0.00      0.00      0.00      0.00
11:10:29      wlp58s0      8.22      6.25      1.85      1.40      0.00      0.00      0.00      0.00
11:10:29    tailscale0      5.39      3.87      0.51      0.60      0.00      0.00      0.00      0.00
11:20:07           lo      0.00      0.00      0.00      0.00      0.00      0.00      0.00      0.00
11:20:07         eno1      0.00      0.00      0.00      0.00      0.00      0.00      0.00      0.00
11:20:07      wlp58s0      8.40      6.38      1.91      1.45      0.00      0.00      0.00      0.00
11:20:07    tailscale0      5.52      3.99      0.54      0.63      0.00      0.00      0.00      0.00
11:30:24           lo      0.00      0.00      0.00      0.00      0.00      0.00      0.00      0.00
11:30:24         eno1      0.00      0.00      0.00      0.00      0.00      0.00      0.00      0.00
11:30:24      wlp58s0      8.30      6.33      1.87      1.43      0.00      0.00      0.00      0.00
11:30:24    tailscale0      5.48      3.96      0.53      0.62      0.00      0.00      0.00      0.00
11:40:04           lo      0.00      0.00      0.00      0.00      0.00      0.00      0.00      0.00
11:40:04         eno1      0.00      0.00      0.00      0.00      0.00      0.00      0.00      0.00
11:40:04      wlp58s0      8.29      6.28      1.86      1.41      0.00      0.00      0.00      0.00
11:40:04    tailscale0      5.41      3.89      0.52      0.60      0.00      0.00      0.00      0.00
11:50:07           lo      0.00      0.00      0.00      0.00      0.00      0.00      0.00      0.00
11:50:07         eno1      0.00      0.00      0.00      0.00      0.00      0.00      0.00      0.00
11:50:07      wlp58s0      8.33      6.34      1.86      1.44      0.00      0.00      0.00      0.00
11:50:07    tailscale0      5.52      3.98      0.54      0.63      0.00      0.00      0.00      0.00
12:00:19           lo      0.00      0.00      0.00      0.00      0.00      0.00      0.00      0.00
12:00:19         eno1      0.00      0.00      0.00      0.00      0.00      0.00      0.00      0.00
12:00:19      wlp58s0      8.32      6.33      1.89      1.43      0.00      0.00      0.00      0.00
12:00:19    tailscale0      5.48      3.95      0.54      0.62      0.00      0.00      0.00      0.00
12:10:29           lo      0.00      0.00      0.00      0.00      0.00      0.00      0.00      0.00
12:10:29         eno1      0.00      0.00      0.00      0.00      0.00      0.00      0.00      0.00
12:10:29      wlp58s0      8.20      6.27      1.82      1.40      0.00      0.00      0.00      0.00
12:10:29    tailscale0      5.43      3.90      0.52      0.60      0.00      0.00      0.00      0.00
12:20:07           lo      0.00      0.00      0.00      0.00      0.00      0.00      0.00      0.00
12:20:07         eno1      0.00      0.00      0.00      0.00      0.00      0.00      0.00      0.00
12:20:07      wlp58s0      8.35      6.36      1.88      1.45      0.00      0.00      0.00      0.00
12:20:07    tailscale0      5.51      3.98      0.54      0.63      0.00      0.00      0.00      0.00
12:30:11           lo      0.00      0.00      0.00      0.00      0.00      0.00      0.00      0.00
12:30:11         eno1      0.00      0.00      0.00      0.00      0.00      0.00      0.00      0.00
12:30:11      wlp58s0      8.26      6.29      1.87      1.43      0.00      0.00      0.00      0.00
12:30:11    tailscale0      5.50      3.97      0.54      0.63      0.00      0.00      0.00      0.00
12:40:19           lo      0.00      0.00      0.00      0.00      0.00      0.00      0.00      0.00
12:40:19         eno1      0.00      0.00      0.00      0.00      0.00      0.00      0.00      0.00
12:40:19      wlp58s0      8.21      6.22      1.84      1.40      0.00      0.00      0.00      0.00
12:40:19    tailscale0      5.40      3.88      0.52      0.60      0.00      0.00      0.00      0.00
12:50:08           lo      0.00      0.00      0.00      0.00      0.00      0.00      0.00      0.00
12:50:08         eno1      0.00      0.00      0.00      0.00      0.00      0.00      0.00      0.00
12:50:08      wlp58s0      8.35      6.35      1.88      1.44      0.00      0.00      0.00      0.00
12:50:08    tailscale0      5.51      3.98      0.54      0.63      0.00      0.00      0.00      0.00
13:00:20           lo      0.00      0.00      0.00      0.00      0.00      0.00      0.00      0.00
13:00:20         eno1      0.00      0.00      0.00      0.00      0.00      0.00      0.00      0.00
13:00:20      wlp58s0      8.24      6.27      1.88      1.43      0.00      0.00      0.00      0.00
13:00:20    tailscale0      5.48      3.96      0.54      0.62      0.00      0.00      0.00      0.00
13:10:29           lo      0.00      0.00      0.00      0.00      0.00      0.00      0.00      0.00
13:10:29         eno1      0.00      0.00      0.00      0.00      0.00      0.00      0.00      0.00
13:10:29      wlp58s0      8.19      6.23      1.83      1.40      0.00      0.00      0.00      0.00
13:10:29    tailscale0      5.38      3.87      0.51      0.60      0.00      0.00      0.00      0.00
13:20:08           lo      0.00      0.00      0.00      0.00      0.00      0.00      0.00      0.00
13:20:08         eno1      0.00      0.00      0.00      0.00      0.00      0.00      0.00      0.00
13:20:08      wlp58s0      8.36      6.36      1.85      1.45      0.00      0.00      0.00      0.00
13:20:08    tailscale0      5.55      4.01      0.54      0.63      0.00      0.00      0.00      0.00
13:30:29           lo      0.00      0.00      0.00      0.00      0.00      0.00      0.00      0.00
13:30:29         eno1      0.00      0.00      0.00      0.00      0.00      0.00      0.00      0.00
13:30:29      wlp58s0      8.28      6.32      1.87      1.43      0.00      0.00      0.00      0.00
13:30:29    tailscale0      5.47      3.95      0.53      0.62      0.00      0.00      0.00      0.00
13:40:11           lo      0.00      0.00      0.00      0.00      0.00      0.00      0.00      0.00
13:40:11         eno1      0.00      0.00      0.00      0.00      0.00      0.00      0.00      0.00
13:40:11      wlp58s0      7.97      6.00      1.80      1.37      0.00      0.00      0.00      0.00
13:40:11    tailscale0      5.41      3.88      0.52      0.60      0.00      0.00      0.00      0.00
13:50:29           lo      0.00      0.00      0.00      0.00      0.00      0.00      0.00      0.00
13:50:29         eno1      0.00      0.00      0.00      0.00      0.00      0.00      0.00      0.00
13:50:29      wlp58s0      8.36      6.35      1.89      1.44      0.00      0.00      0.00      0.00
13:50:29    tailscale0      5.52      3.99      0.54      0.63      0.00      0.00      0.00      0.00
14:00:29           lo      0.00      0.00      0.00      0.00      0.00      0.00      0.00      0.00
14:00:29         eno1      0.00      0.00      0.00      0.00      0.00      0.00      0.00      0.00
14:00:29      wlp58s0      8.39      6.40      1.88      1.45      0.00      0.00      0.00      0.00
14:00:29    tailscale0      5.59      4.03      0.55      0.64      0.00      0.00      0.00      0.00
14:10:29           lo      0.00      0.00      0.00      0.00      0.00      0.00      0.00      0.00
14:10:29         eno1      0.00      0.00      0.00      0.00      0.00      0.00      0.00      0.00
14:10:29      wlp58s0      8.25      6.25      1.89      1.40      0.00      0.00      0.00      0.00
14:10:29    tailscale0      5.42      3.90      0.52      0.60      0.00      0.00      0.00      0.00
14:20:08           lo      0.00      0.00      0.00      0.00      0.00      0.00      0.00      0.00
14:20:08         eno1      0.00      0.00      0.00      0.00      0.00      0.00      0.00      0.00
14:20:08      wlp58s0      8.36      6.33      1.92      1.44      0.00      0.00      0.00      0.00
14:20:08    tailscale0      5.53      4.00      0.54      0.63      0.00      0.00      0.00      0.00
14:30:07           lo      0.00      0.00      0.00      0.00      0.00      0.00      0.00      0.00
14:30:07         eno1      0.00      0.00      0.00      0.00      0.00      0.00      0.00      0.00
14:30:07      wlp58s0      8.30      6.34      1.91      1.44      0.00      0.00      0.00      0.00
14:30:07    tailscale0      5.50      3.97      0.54      0.63      0.00      0.00      0.00      0.00
14:40:29           lo      0.01      0.01      0.00      0.00      0.00      0.00      0.00      0.00
14:40:29         eno1      0.00      0.00      0.00      0.00      0.00      0.00      0.00      0.00
14:40:29      wlp58s0      8.19      6.17      1.92      1.39      0.00      0.00      0.00      0.00
14:40:29    tailscale0      5.36      3.85      0.51      0.59      0.00      0.00      0.00      0.00
14:50:29           lo      0.00      0.00      0.00      0.00      0.00      0.00      0.00      0.00
14:50:29         eno1      0.00      0.00      0.00      0.00      0.00      0.00      0.00      0.00
14:50:29      wlp58s0      8.33      6.31      1.93      1.43      0.00      0.00      0.00      0.00
14:50:29    tailscale0      5.49      3.97      0.54      0.63      0.00      0.00      0.00      0.00
15:00:20           lo      0.00      0.00      0.00      0.00      0.00      0.00      0.00      0.00
15:00:20         eno1      0.00      0.00      0.00      0.00      0.00      0.00      0.00      0.00
15:00:20      wlp58s0      8.34      6.33      1.95      1.44      0.00      0.00      0.00      0.00
15:00:20    tailscale0      5.49      3.97      0.54      0.63      0.00      0.00      0.00      0.00
15:10:29           lo      0.00      0.00      0.00      0.00      0.00      0.00      0.00      0.00
15:10:29         eno1      0.00      0.00      0.00      0.00      0.00      0.00      0.00      0.00
15:10:29      wlp58s0      7.99      6.19      1.84      1.40      0.00      0.00      0.00      0.00
15:10:29    tailscale0      5.39      3.87      0.51      0.60      0.00      0.00      0.00      0.00
15:20:29           lo      0.00      0.00      0.00      0.00      0.00      0.00      0.00      0.00
15:20:29         eno1      0.00      0.00      0.00      0.00      0.00      0.00      0.00      0.00
15:20:29      wlp58s0      8.23      6.30      1.90      1.44      0.00      0.00      0.00      0.00
15:20:29    tailscale0      5.54      4.00      0.54      0.63      0.00      0.00      0.00      0.00
15:30:20           lo      0.00      0.00      0.00      0.00      0.00      0.00      0.00      0.00
15:30:20         eno1      0.00      0.00      0.00      0.00      0.00      0.00      0.00      0.00
15:30:20      wlp58s0      8.15      6.26      1.88      1.43      0.00      0.00      0.00      0.00
15:30:20    tailscale0      5.53      3.99      0.54      0.63      0.00      0.00      0.00      0.00
15:40:29           lo      0.00      0.00      0.00      0.00      0.00      0.00      0.00      0.00
15:40:29         eno1      0.00      0.00      0.00      0.00      0.00      0.00      0.00      0.00
15:40:29      wlp58s0      8.08      6.19      1.86      1.39      0.00      0.00      0.00      0.00
15:40:29    tailscale0      5.44      3.90      0.52      0.60      0.00      0.00      0.00      0.00
15:50:29           lo      0.00      0.00      0.00      0.00      0.00      0.00      0.00      0.00
15:50:29         eno1      0.00      0.00      0.00      0.00      0.00      0.00      0.00      0.00
15:50:29      wlp58s0      8.28      6.35      1.88      1.44      0.00      0.00      0.00      0.00
15:50:29    tailscale0      5.54      4.00      0.54      0.63      0.00      0.00      0.00      0.00
16:00:20           lo      0.00      0.00      0.00      0.00      0.00      0.00      0.00      0.00
16:00:20         eno1      0.00      0.00      0.00      0.00      0.00      0.00      0.00      0.00
16:00:20      wlp58s0      8.22      6.30      1.88      1.44      0.00      0.00      0.00      0.00
16:00:20    tailscale0      5.54      4.00      0.54      0.63      0.00      0.00      0.00      0.00
16:10:09           lo      0.00      0.00      0.00      0.00      0.00      0.00      0.00      0.00
16:10:09         eno1      0.00      0.00      0.00      0.00      0.00      0.00      0.00      0.00
16:10:09      wlp58s0      8.22      6.22      1.88      1.40      0.00      0.00      0.00      0.00
16:10:09    tailscale0      5.44      3.91      0.52      0.60      0.00      0.00      0.00      0.00
16:20:04           lo      0.00      0.00      0.00      0.00      0.00      0.00      0.00      0.00
16:20:04         eno1      0.00      0.00      0.00      0.00      0.00      0.00      0.00      0.00
16:20:04      wlp58s0      7.99      6.04      1.85      1.41      0.00      0.00      0.00      0.00
16:20:04    tailscale0      5.56      4.02      0.54      0.63      0.00      0.00      0.00      0.00
16:30:05           lo      0.00      0.00      0.00      0.00      0.00      0.00      0.00      0.00
16:30:05         eno1      0.00      0.00      0.00      0.00      0.00      0.00      0.00      0.00
16:30:05      wlp58s0      8.27      6.28      1.93      1.43      0.00      0.00      0.00      0.00
16:30:05    tailscale0      5.50      3.97      0.54      0.63      0.00      0.00      0.00      0.00
16:40:19           lo      0.00      0.00      0.00      0.00      0.00      0.00      0.00      0.00
16:40:19         eno1      0.00      0.00      0.00      0.00      0.00      0.00      0.00      0.00
16:40:19      wlp58s0      8.20      6.24      1.84      1.40      0.00      0.00      0.00      0.00
16:40:19    tailscale0      5.45      3.92      0.52      0.60      0.00      0.00      0.00      0.00
16:50:09           lo      0.00      0.00      0.00      0.00      0.00      0.00      0.00      0.00
16:50:09         eno1      0.00      0.00      0.00      0.00      0.00      0.00      0.00      0.00
16:50:09      wlp58s0      8.34      6.37      1.87      1.45      0.00      0.00      0.00      0.00
16:50:09    tailscale0      5.60      4.04      0.55      0.64      0.00      0.00      0.00      0.00
17:00:20           lo      0.00      0.00      0.00      0.00      0.00      0.00      0.00      0.00
17:00:20         eno1      0.00      0.00      0.00      0.00      0.00      0.00      0.00      0.00
17:00:20      wlp58s0      8.27      6.27      1.89      1.44      0.00      0.00      0.00      0.00
17:00:20    tailscale0      5.51      3.98      0.54      0.63      0.00      0.00      0.00      0.00
17:10:29           lo      0.00      0.00      0.00      0.00      0.00      0.00      0.00      0.00
17:10:29         eno1      0.00      0.00      0.00      0.00      0.00      0.00      0.00      0.00
17:10:29      wlp58s0      8.20      6.20      1.86      1.40      0.00      0.00      0.00      0.00
17:10:29    tailscale0      5.39      3.87      0.51      0.60      0.00      0.00      0.00      0.00
17:20:17           lo      0.00      0.00      0.00      0.00      0.00      0.00      0.00      0.00
17:20:17         eno1      0.00      0.00      0.00      0.00      0.00      0.00      0.00      0.00
17:20:17      wlp58s0     12.01     18.66      2.47     16.76      0.00      0.00      0.00      0.00
17:20:17    tailscale0      9.23      7.19      0.81     14.24      0.00      0.00      0.00      0.00
17:30:09           lo      0.00      0.00      0.00      0.00      0.00      0.00      0.00      0.00
17:30:09         eno1      0.00      0.00      0.00      0.00      0.00      0.00      0.00      0.00
17:30:09      wlp58s0      8.38      6.43      1.91      1.48      0.00      0.00      0.00      0.00
17:30:09    tailscale0      5.67      4.12      0.58      0.66      0.00      0.00      0.00      0.00
17:40:29           lo      0.00      0.00      0.00      0.00      0.00      0.00      0.00      0.00
17:40:29         eno1      0.00      0.00      0.00      0.00      0.00      0.00      0.00      0.00
17:40:29      wlp58s0      8.16      6.20      1.83      1.40      0.00      0.00      0.00      0.00
17:40:29    tailscale0      5.44      3.91      0.52      0.60      0.00      0.00      0.00      0.00
17:50:09           lo      0.00      0.00      0.00      0.00      0.00      0.00      0.00      0.00
17:50:09         eno1      0.00      0.00      0.00      0.00      0.00      0.00      0.00      0.00
17:50:09      wlp58s0      8.30      6.38      1.85      1.46      0.00      0.00      0.00      0.00
17:50:09    tailscale0      5.60      4.06      0.55      0.65      0.00      0.00      0.00      0.00
18:00:20           lo      0.00      0.00      0.00      0.00      0.00      0.00      0.00      0.00
18:00:20         eno1      0.00      0.00      0.00      0.00      0.00      0.00      0.00      0.00
18:00:20      wlp58s0      8.24      6.30      1.86      1.44      0.00      0.00      0.00      0.00
18:00:20    tailscale0      5.54      4.01      0.54      0.63      0.00      0.00      0.00      0.00
18:10:29           lo      0.00      0.00      0.00      0.00      0.00      0.00      0.00      0.00
18:10:29         eno1      0.00      0.00      0.00      0.00      0.00      0.00      0.00      0.00
18:10:29      wlp58s0      8.16      6.17      1.84      1.39      0.00      0.00      0.00      0.00
18:10:29    tailscale0      5.40      3.88      0.52      0.60      0.00      0.00      0.00      0.00
18:20:29           lo      0.06      0.06      0.01      0.01      0.00      0.00      0.00      0.00
18:20:29         eno1      0.00      0.00      0.00      0.00      0.00      0.00      0.00      0.00
18:20:29      wlp58s0     24.78     13.42     26.00      2.37      0.00      0.00      0.00      0.00
18:20:29    tailscale0      5.51      3.99      0.54      0.63      0.00      0.00      0.00      0.00
18:30:09           lo      0.00      0.00      0.00      0.00      0.00      0.00      0.00      0.00
18:30:09         eno1      0.00      0.00      0.00      0.00      0.00      0.00      0.00      0.00
18:30:09      wlp58s0      8.23      6.30      1.77      1.44      0.00      0.00      0.00      0.00
18:30:09    tailscale0      5.54      4.00      0.54      0.63      0.00      0.00      0.00      0.00
18:40:29           lo      0.00      0.00      0.00      0.00      0.00      0.00      0.00      0.00
18:40:29         eno1      0.00      0.00      0.00      0.00      0.00      0.00      0.00      0.00
18:40:29      wlp58s0      8.06      6.16      1.71      1.39      0.00      0.00      0.00      0.00
18:40:29    tailscale0      5.42      3.89      0.52      0.60      0.00      0.00      0.00      0.00
18:50:29           lo      0.00      0.00      0.00      0.00      0.00      0.00      0.00      0.00
18:50:29         eno1      0.00      0.00      0.00      0.00      0.00      0.00      0.00      0.00
18:50:29      wlp58s0      8.21      6.28      1.75      1.43      0.00      0.00      0.00      0.00
18:50:29    tailscale0      5.53      4.00      0.54      0.63      0.00      0.00      0.00      0.00
19:00:12           lo      0.00      0.00      0.00      0.00      0.00      0.00      0.00      0.00
19:00:12         eno1      0.00      0.00      0.00      0.00      0.00      0.00      0.00      0.00
19:00:12      wlp58s0      8.21      6.34      1.77      1.44      0.00      0.00      0.00      0.00
19:00:12    tailscale0      5.52      3.99      0.54      0.63      0.00      0.00      0.00      0.00
19:10:09           lo      0.00      0.00      0.00      0.00      0.00      0.00      0.00      0.00
19:10:09         eno1      0.00      0.00      0.00      0.00      0.00      0.00      0.00      0.00
19:10:09      wlp58s0      8.11      6.23      1.73      1.40      0.00      0.00      0.00      0.00
19:10:09    tailscale0      5.42      3.90      0.52      0.60      0.00      0.00      0.00      0.00
19:20:29           lo      0.00      0.00      0.00      0.00      0.00      0.00      0.00      0.00
19:20:29         eno1      0.00      0.00      0.00      0.00      0.00      0.00      0.00      0.00
19:20:29      wlp58s0      8.13      6.22      1.77      1.42      0.00      0.00      0.00      0.00
19:20:29    tailscale0      5.49      3.97      0.54      0.63      0.00      0.00      0.00      0.00
19:30:20           lo      0.00      0.00      0.00      0.00      0.00      0.00      0.00      0.00
19:30:20         eno1      0.00      0.00      0.00      0.00      0.00      0.00      0.00      0.00
19:30:20      wlp58s0      7.91      6.00      1.77      1.40      0.00      0.00      0.00      0.00
19:30:20    tailscale0      5.50      3.97      0.54      0.63      0.00      0.00      0.00      0.00
19:40:29           lo      0.00      0.00      0.00      0.00      0.00      0.00      0.00      0.00
19:40:29         eno1      0.00      0.00      0.00      0.00      0.00      0.00      0.00      0.00
19:40:29      wlp58s0      7.99      6.13      1.75      1.38      0.00      0.00      0.00      0.00
19:40:29    tailscale0      5.38      3.86      0.51      0.60      0.00      0.00      0.00      0.00
19:50:09           lo      0.00      0.00      0.00      0.00      0.00      0.00      0.00      0.00
19:50:09         eno1      0.00      0.00      0.00      0.00      0.00      0.00      0.00      0.00
19:50:09      wlp58s0      8.31      6.41      1.77      1.46      0.00      0.00      0.00      0.00
19:50:09    tailscale0      5.57      4.03      0.55      0.64      0.00      0.00      0.00      0.00
20:00:20           lo      0.00      0.00      0.00      0.00      0.00      0.00      0.00      0.00
20:00:20         eno1      0.00      0.00      0.00      0.00      0.00      0.00      0.00      0.00
20:00:20      wlp58s0      8.13      6.26      1.76      1.43      0.00      0.00      0.00      0.00
20:00:20    tailscale0      5.52      3.99      0.54      0.63      0.00      0.00      0.00      0.00
20:10:19           lo      0.00      0.00      0.00      0.00      0.00      0.00      0.00      0.00
20:10:19         eno1      0.00      0.00      0.00      0.00      0.00      0.00      0.00      0.00
20:10:19      wlp58s0      8.08      6.20      1.73      1.40      0.00      0.00      0.00      0.00
20:10:19    tailscale0      5.41      3.89      0.52      0.60      0.00      0.00      0.00      0.00
20:20:29           lo      0.00      0.00      0.00      0.00      0.00      0.00      0.00      0.00
20:20:29         eno1      0.00      0.00      0.00      0.00      0.00      0.00      0.00      0.00
20:20:29      wlp58s0      8.25      6.33      1.73      1.44      0.00      0.00      0.00      0.00
20:20:29    tailscale0      5.57      4.02      0.54      0.63      0.00      0.00      0.00      0.00
20:30:09           lo      0.00      0.00      0.00      0.00      0.00      0.00      0.00      0.00
20:30:09         eno1      0.00      0.00      0.00      0.00      0.00      0.00      0.00      0.00
20:30:09      wlp58s0      8.25      6.35      1.75      1.45      0.00      0.00      0.00      0.00
20:30:09    tailscale0      5.56      4.02      0.54      0.64      0.00      0.00      0.00      0.00
20:40:29           lo      0.00      0.00      0.00      0.00      0.00      0.00      0.00      0.00
20:40:29         eno1      0.00      0.00      0.00      0.00      0.00      0.00      0.00      0.00
20:40:29      wlp58s0      8.08      6.18      1.74      1.39      0.00      0.00      0.00      0.00
20:40:29    tailscale0      5.41      3.88      0.52      0.60      0.00      0.00      0.00      0.00
20:50:19           lo      0.00      0.00      0.00      0.00      0.00      0.00      0.00      0.00
20:50:19         eno1      0.00      0.00      0.00      0.00      0.00      0.00      0.00      0.00
20:50:19      wlp58s0      8.21      6.32      1.75      1.44      0.00      0.00      0.00      0.00
20:50:19    tailscale0      5.54      4.00      0.54      0.63      0.00      0.00      0.00      0.00
21:00:20           lo      0.00      0.00      0.00      0.00      0.00      0.00      0.00      0.00
21:00:20         eno1      0.00      0.00      0.00      0.00      0.00      0.00      0.00      0.00
21:00:20      wlp58s0      8.23      6.29      1.80      1.43      0.00      0.00      0.00      0.00
21:00:20    tailscale0      5.49      3.96      0.54      0.63      0.00      0.00      0.00      0.00
21:10:09           lo      0.00      0.00      0.00      0.00      0.00      0.00      0.00      0.00
21:10:09         eno1      0.00      0.00      0.00      0.00      0.00      0.00      0.00      0.00
21:10:09      wlp58s0      8.20      6.28      1.72      1.41      0.00      0.00      0.00      0.00
21:10:09    tailscale0      5.48      3.94      0.52      0.61      0.00      0.00      0.00      0.00
21:20:29           lo      0.00      0.00      0.00      0.00      0.00      0.00      0.00      0.00
21:20:29         eno1      0.00      0.00      0.00      0.00      0.00      0.00      0.00      0.00
21:20:29      wlp58s0      8.19      6.31      1.76      1.44      0.00      0.00      0.00      0.00
21:20:29    tailscale0      5.53      3.99      0.54      0.63      0.00      0.00      0.00      0.00
21:30:09           lo      0.00      0.00      0.00      0.00      0.00      0.00      0.00      0.00
21:30:09         eno1      0.00      0.00      0.00      0.00      0.00      0.00      0.00      0.00
21:30:09      wlp58s0      8.25      6.33      1.78      1.44      0.00      0.00      0.00      0.00
21:30:09    tailscale0      5.56      4.01      0.54      0.64      0.00      0.00      0.00      0.00
21:40:26           lo      0.00      0.00      0.00      0.00      0.00      0.00      0.00      0.00
21:40:26         eno1      0.00      0.00      0.00      0.00      0.00      0.00      0.00      0.00
21:40:26      wlp58s0      8.06      6.14      1.76      1.39      0.00      0.00      0.00      0.00
21:40:26    tailscale0      5.41      3.88      0.52      0.60      0.00      0.00      0.00      0.00
21:50:19           lo      0.00      0.00      0.00      0.00      0.00      0.00      0.00      0.00
21:50:19         eno1      0.00      0.00      0.00      0.00      0.00      0.00      0.00      0.00
21:50:19      wlp58s0      8.16      6.29      1.76      1.44      0.00      0.00      0.00      0.00
21:50:19    tailscale0      5.49      3.96      0.54      0.63      0.00      0.00      0.00      0.00
22:00:20           lo      0.00      0.00      0.00      0.00      0.00      0.00      0.00      0.00
22:00:20         eno1      0.00      0.00      0.00      0.00      0.00      0.00      0.00      0.00
22:00:20      wlp58s0      7.93      6.03      1.76      1.40      0.00      0.00      0.00      0.00
22:00:20    tailscale0      5.52      3.99      0.54      0.63      0.00      0.00      0.00      0.00
22:10:09           lo      0.00      0.00      0.00      0.00      0.00      0.00      0.00      0.00
22:10:09         eno1      0.00      0.00      0.00      0.00      0.00      0.00      0.00      0.00
22:10:09      wlp58s0      8.13      6.23      1.76      1.40      0.00      0.00      0.00      0.00
22:10:09    tailscale0      5.40      3.88      0.52      0.60      0.00      0.00      0.00      0.00
22:20:24           lo      0.00      0.00      0.00      0.00      0.00      0.00      0.00      0.00
22:20:24         eno1      0.00      0.00      0.00      0.00      0.00      0.00      0.00      0.00
22:20:24      wlp58s0      8.10      6.23      1.79      1.42      0.00      0.00      0.00      0.00
22:20:24    tailscale0      5.49      3.96      0.54      0.62      0.00      0.00      0.00      0.00
22:30:19           lo      0.00      0.00      0.00      0.00      0.00      0.00      0.00      0.00
22:30:19         eno1      0.00      0.00      0.00      0.00      0.00      0.00      0.00      0.00
22:30:19      wlp58s0      8.19      6.28      1.81      1.43      0.00      0.00      0.00      0.00
22:30:19    tailscale0      5.49      3.97      0.54      0.63      0.00      0.00      0.00      0.00
22:40:29           lo      0.00      0.00      0.00      0.00      0.00      0.00      0.00      0.00
22:40:29         eno1      0.00      0.00      0.00      0.00      0.00      0.00      0.00      0.00
22:40:29      wlp58s0      8.10      6.20      1.77      1.39      0.00      0.00      0.00      0.00
22:40:29    tailscale0      5.38      3.87      0.51      0.60      0.00      0.00      0.00      0.00
22:50:09           lo      0.00      0.00      0.00      0.00      0.00      0.00      0.00      0.00
22:50:09         eno1      0.00      0.00      0.00      0.00      0.00      0.00      0.00      0.00
22:50:09      wlp58s0      8.21      6.33      1.78      1.44      0.00      0.00      0.00      0.00
22:50:09    tailscale0      5.55      4.01      0.54      0.63      0.00      0.00      0.00      0.00
23:00:20           lo      0.00      0.00      0.00      0.00      0.00      0.00      0.00      0.00
23:00:20         eno1      0.00      0.00      0.00      0.00      0.00      0.00      0.00      0.00
23:00:20      wlp58s0      8.23      6.28      1.78      1.43      0.00      0.00      0.00      0.00
23:00:20    tailscale0      5.51      3.98      0.54      0.63      0.00      0.00      0.00      0.00
23:10:19           lo      0.00      0.00      0.00      0.00      0.00      0.00      0.00      0.00
23:10:19         eno1      0.00      0.00      0.00      0.00      0.00      0.00      0.00      0.00
23:10:19      wlp58s0      8.13      6.22      1.74      1.40      0.00      0.00      0.00      0.00
23:10:19    tailscale0      5.40      3.88      0.52      0.60      0.00      0.00      0.00      0.00
23:20:29           lo      0.00      0.00      0.00      0.00      0.00      0.00      0.00      0.00
23:20:29         eno1      0.00      0.00      0.00      0.00      0.00      0.00      0.00      0.00
23:20:29      wlp58s0      8.24      6.35      1.80      1.45      0.00      0.00      0.00      0.00
23:20:29    tailscale0      5.51      3.98      0.54      0.63      0.00      0.00      0.00      0.00
23:30:09           lo      0.00      0.00      0.00      0.00      0.00      0.00      0.00      0.00
23:30:09         eno1      0.00      0.00      0.00      0.00      0.00      0.00      0.00      0.00
23:30:09      wlp58s0      8.34      6.44      1.78      1.47      0.00      0.00      0.00      0.00
23:30:09    tailscale0      5.56      4.02      0.54      0.64      0.00      0.00      0.00      0.00
23:40:29           lo      0.00      0.00      0.00      0.00      0.00      0.00      0.00      0.00
23:40:29         eno1      0.00      0.00      0.00      0.00      0.00      0.00      0.00      0.00
23:40:29      wlp58s0      8.07      6.17      1.72      1.39      0.00      0.00      0.00      0.00
23:40:29    tailscale0      5.40      3.88      0.51      0.60      0.00      0.00      0.00      0.00
23:50:09           lo      0.00      0.00      0.00      0.00      0.00      0.00      0.00      0.00
23:50:09         eno1      0.00      0.00      0.00      0.00      0.00      0.00      0.00      0.00
23:50:09      wlp58s0      8.28      6.37      1.77      1.45      0.00      0.00      0.00      0.00
23:50:09    tailscale0      5.56      4.01      0.54      0.64      0.00      0.00      0.00      0.00
Average:           lo      0.00      0.00      0.00      0.00      0.00      0.00      0.00      0.00
Average:         eno1      0.00      0.00      0.00      0.00      0.00      0.00      0.00      0.00
Average:      wlp58s0      8.48      6.50      2.16      1.61      0.00      0.00      0.00      0.00
Average:    tailscale0      5.53      3.99      0.54      0.78      0.00      0.00      0.00      0.00
### SAR_NET_SA04
Linux 6.8.0-138-generic (pgain-nuc) 	09/04/26 	_x86_64_	(4 CPU)

00:00:20        IFACE   rxpck/s   txpck/s    rxkB/s    txkB/s   rxcmp/s   txcmp/s  rxmcst/s   %ifutil
00:10:15           lo      0.00      0.00      0.00      0.00      0.00      0.00      0.00      0.00
00:10:15         eno1      0.00      0.00      0.00      0.00      0.00      0.00      0.00      0.00
00:10:15      wlp58s0      8.13      6.24      1.78      1.40      0.00      0.00      0.00      0.00
00:10:15    tailscale0      5.36      3.85      0.51      0.59      0.00      0.00      0.00      0.00
00:20:29           lo      0.00      0.00      0.00      0.00      0.00      0.00      0.00      0.00
00:20:29         eno1      0.00      0.00      0.00      0.00      0.00      0.00      0.00      0.00
00:20:29      wlp58s0      8.19      6.20      1.80      1.41      0.00      0.00      0.00      0.00
00:20:29    tailscale0      5.48      3.88      0.53      0.61      0.00      0.00      0.00      0.00
00:30:19           lo      0.00      0.00      0.00      0.00      0.00      0.00      0.00      0.00
00:30:19         eno1      0.00      0.00      0.00      0.00      0.00      0.00      0.00      0.00
00:30:19      wlp58s0      8.25      6.27      1.80      1.42      0.00      0.00      0.00      0.00
00:30:19    tailscale0      5.49      3.90      0.53      0.62      0.00      0.00      0.00      0.00
00:40:17           lo      0.00      0.00      0.00      0.00      0.00      0.00      0.00      0.00
00:40:17         eno1      0.00      0.00      0.00      0.00      0.00      0.00      0.00      0.00
00:40:17      wlp58s0      8.13      6.24      1.75      1.39      0.00      0.00      0.00      0.00
00:40:17    tailscale0      5.42      3.85      0.51      0.59      0.00      0.00      0.00      0.00
00:50:19           lo      0.00      0.00      0.00      0.00      0.00      0.00      0.00      0.00
00:50:19         eno1      0.00      0.00      0.00      0.00      0.00      0.00      0.00      0.00
00:50:19      wlp58s0      8.04      6.03      1.81      1.40      0.00      0.00      0.00      0.00
00:50:19    tailscale0      5.51      3.96      0.54      0.63      0.00      0.00      0.00      0.00
01:00:20           lo      0.01      0.01      0.00      0.00      0.00      0.00      0.00      0.00
01:00:20         eno1      0.00      0.00      0.00      0.00      0.00      0.00      0.00      0.00
01:00:20      wlp58s0      8.23      6.32      1.78      1.43      0.00      0.00      0.00      0.00
01:00:20    tailscale0      5.50      3.96      0.54      0.63      0.00      0.00      0.00      0.00
01:10:09           lo      0.00      0.00      0.00      0.00      0.00      0.00      0.00      0.00
01:10:09         eno1      0.00      0.00      0.00      0.00      0.00      0.00      0.00      0.00
01:10:09      wlp58s0      8.15      6.21      1.75      1.39      0.00      0.00      0.00      0.00
01:10:09    tailscale0      5.39      3.85      0.51      0.59      0.00      0.00      0.00      0.00
01:20:09           lo      0.00      0.00      0.00      0.00      0.00      0.00      0.00      0.00
01:20:09         eno1      0.00      0.00      0.00      0.00      0.00      0.00      0.00      0.00
01:20:09      wlp58s0      8.21      6.27      1.80      1.42      0.00      0.00      0.00      0.00
01:20:09    tailscale0      5.46      3.91      0.53      0.62      0.00      0.00      0.00      0.00
Average:           lo      0.00      0.00      0.00      0.00      0.00      0.00      0.00      0.00
Average:         eno1      0.00      0.00      0.00      0.00      0.00      0.00      0.00      0.00
Average:      wlp58s0      8.17      6.22      1.78      1.41      0.00      0.00      0.00      0.00
Average:    tailscale0      5.45      3.90      0.53      0.61      0.00      0.00      0.00      0.00
### SAR_NET_SA27
Linux 6.8.0-138-generic (pgain-nuc) 	08/27/26 	_x86_64_	(4 CPU)

00:00:21        IFACE   rxpck/s   txpck/s    rxkB/s    txkB/s   rxcmp/s   txcmp/s  rxmcst/s   %ifutil
00:10:21           lo      0.00      0.00      0.00      0.00      0.00      0.00      0.00      0.00
00:10:21         eno1      0.00      0.00      0.00      0.00      0.00      0.00      0.00      0.00
00:10:21      wlp58s0      3.29      2.40      0.89      0.54      0.00      0.00      0.00      0.00
00:10:21    tailscale0      1.75      1.28      0.18      0.21      0.00      0.00      0.00      0.00
00:20:21           lo      0.00      0.00      0.00      0.00      0.00      0.00      0.00      0.00
00:20:21         eno1      0.00      0.00      0.00      0.00      0.00      0.00      0.00      0.00
00:20:21      wlp58s0      8.25      6.31      1.77      1.51      0.00      0.00      0.00      0.00
00:20:21    tailscale0      5.56      3.99      0.53      0.62      0.00      0.00      0.00      0.00
00:30:16           lo      0.00      0.00      0.00      0.00      0.00      0.00      0.00      0.00
00:30:16         eno1      0.00      0.00      0.00      0.00      0.00      0.00      0.00      0.00
00:30:16      wlp58s0      8.29      6.40      1.75      1.55      0.00      0.00      0.00      0.00
00:30:16    tailscale0      5.67      4.09      0.55      0.65      0.00      0.00      0.00      0.00
00:40:21           lo      0.00      0.00      0.00      0.00      0.00      0.00      0.00      0.00
00:40:21         eno1      0.00      0.00      0.00      0.00      0.00      0.00      0.00      0.00
00:40:21      wlp58s0      8.35      6.38      1.85      1.55      0.00      0.00      0.00      0.00
00:40:21    tailscale0      5.66      4.09      0.55      0.65      0.00      0.00      0.00      0.00
00:50:06           lo      0.00      0.00      0.00      0.00      0.00      0.00      0.00      0.00
00:50:06         eno1      0.00      0.00      0.00      0.00      0.00      0.00      0.00      0.00
00:50:06      wlp58s0      8.20      6.28      1.71      1.50      0.00      0.00      0.00      0.00
00:50:06    tailscale0      5.53      3.97      0.53      0.61      0.00      0.00      0.00      0.00
01:00:21           lo      0.00      0.00      0.00      0.00      0.00      0.00      0.00      0.00
01:00:21         eno1      0.00      0.00      0.00      0.00      0.00      0.00      0.00      0.00
01:00:21      wlp58s0      8.27      6.36      1.69      1.55      0.00      0.00      0.00      0.00
01:00:21    tailscale0      5.66      4.09      0.55      0.64      0.00      0.00      0.00      0.00
01:10:21           lo      0.00      0.00      0.00      0.00      0.00      0.00      0.00      0.00
01:10:21         eno1      0.00      0.00      0.00      0.00      0.00      0.00      0.00      0.00
01:10:21      wlp58s0      8.29      6.35      1.72      1.54      0.00      0.00      0.00      0.00
01:10:21    tailscale0      5.65      4.08      0.55      0.64      0.00      0.00      0.00      0.00
01:20:16           lo      0.00      0.00      0.00      0.00      0.00      0.00      0.00      0.00
01:20:16         eno1      0.00      0.00      0.00      0.00      0.00      0.00      0.00      0.00
01:20:16      wlp58s0      7.88      6.00      1.64      1.47      0.00      0.00      0.00      0.00
01:20:16    tailscale0      5.55      3.99      0.53      0.62      0.00      0.00      0.00      0.00
01:30:21           lo      0.00      0.00      0.00      0.00      0.00      0.00      0.00      0.00
01:30:21         eno1      0.00      0.00      0.00      0.00      0.00      0.00      0.00      0.00
01:30:21      wlp58s0      8.29      6.37      1.70      1.55      0.00      0.00      0.00      0.00
01:30:21    tailscale0      5.68      4.10      0.55      0.65      0.00      0.00      0.00      0.00
01:40:07           lo      0.00      0.00      0.00      0.00      0.00      0.00      0.00      0.00
01:40:07         eno1      0.00      0.00      0.00      0.00      0.00      0.00      0.00      0.00
01:40:07      wlp58s0      8.52      6.45      1.90      1.56      0.00      0.00      0.00      0.00
01:40:07    tailscale0      5.69      4.11      0.56      0.65      0.00      0.00      0.00      0.00
01:50:07           lo      0.00      0.00      0.00      0.00      0.00      0.00      0.00      0.00
01:50:07         eno1      0.00      0.00      0.00      0.00      0.00      0.00      0.00      0.00
01:50:07      wlp58s0      8.32      6.32      1.83      1.51      0.00      0.00      0.00      0.00
01:50:07    tailscale0      5.56      3.99      0.53      0.62      0.00      0.00      0.00      0.00
02:00:16           lo      0.00      0.00      0.00      0.00      0.00      0.00      0.00      0.00
02:00:16         eno1      0.00      0.00      0.00      0.00      0.00      0.00      0.00      0.00
02:00:16      wlp58s0      6.11      5.06      1.46      1.19      0.00      0.00      0.00      0.00
02:00:16    tailscale0      3.59      2.60      0.35      0.41      0.00      0.00      0.00      0.00
02:10:21           lo      0.00      0.00      0.00      0.00      0.00      0.00      0.00      0.00
02:10:21         eno1      0.00      0.00      0.00      0.00      0.00      0.00      0.00      0.00
02:10:21      wlp58s0      2.15      2.46      0.66      0.47      0.00      0.00      0.00      0.00
02:10:21    tailscale0      0.00      0.01      0.00      0.00      0.00      0.00      0.00      0.00
02:20:07           lo      0.00      0.00      0.00      0.00      0.00      0.00      0.00      0.00
02:20:07         eno1      0.00      0.00      0.00      0.00      0.00      0.00      0.00      0.00
02:20:07      wlp58s0      1.32      1.21      0.58      0.22      0.00      0.00      0.00      0.00
02:20:07    tailscale0      0.00      0.00      0.00      0.00      0.00      0.00      0.00      0.00
02:30:21           lo      0.00      0.00      0.00      0.00      0.00      0.00      0.00      0.00
02:30:21         eno1      0.00      0.00      0.00      0.00      0.00      0.00      0.00      0.00
02:30:21      wlp58s0      6.13      4.34      1.56      1.08      0.00      0.00      0.00      0.00
02:30:21    tailscale0      3.54      2.61      0.38      0.44      0.00      0.00      0.00      0.00
02:40:21           lo      0.00      0.00      0.00      0.00      0.00      0.00      0.00      0.00
02:40:21         eno1      0.00      0.00      0.00      0.00      0.00      0.00      0.00      0.00
02:40:21      wlp58s0      5.56      4.05      1.43      1.02      0.00      0.00      0.00      0.00
02:40:21    tailscale0      3.83      2.76      0.37      0.43      0.00      0.00      0.00      0.00
02:50:07           lo      0.00      0.00      0.00      0.00      0.00      0.00      0.00      0.00
02:50:07         eno1      0.00      0.00      0.00      0.00      0.00      0.00      0.00      0.00
02:50:07      wlp58s0      3.48      2.49      0.91      0.57      0.00      0.00      0.00      0.00
02:50:07    tailscale0      1.77      1.30      0.18      0.21      0.00      0.00      0.00      0.00
03:00:21           lo      0.00      0.00      0.00      0.00      0.00      0.00      0.00      0.00
03:00:21         eno1      0.00      0.00      0.00      0.00      0.00      0.00      0.00      0.00
03:00:21      wlp58s0      5.15      3.83      1.24      0.89      0.00      0.00      0.00      0.00
03:00:21    tailscale0      3.03      2.18      0.30      0.34      0.00      0.00      0.00      0.00
03:10:21           lo      0.00      0.00      0.00      0.00      0.00      0.00      0.00      0.00
03:10:21         eno1      0.00      0.00      0.00      0.00      0.00      0.00      0.00      0.00
03:10:21      wlp58s0      3.16      2.25      0.94      0.54      0.00      0.00      0.00      0.00
03:10:21    tailscale0      1.85      1.34      0.18      0.22      0.00      0.00      0.00      0.00
03:20:07           lo      0.12      0.12      0.02      0.02      0.00      0.00      0.00      0.00
03:20:07         eno1      0.00      0.00      0.00      0.00      0.00      0.00      0.00      0.00
03:20:07      wlp58s0      7.38      5.72      1.73      1.46      0.00      0.00      0.00      0.00
03:20:07    tailscale0      4.89      3.67      0.54      0.66      0.00      0.00      0.00      0.00
03:30:21           lo      0.00      0.00      0.00      0.00      0.00      0.00      0.00      0.00
03:30:21         eno1      0.00      0.00      0.00      0.00      0.00      0.00      0.00      0.00
03:30:21      wlp58s0      8.21      6.26      1.81      1.51      0.00      0.00      0.00      0.00
03:30:21    tailscale0      5.59      4.01      0.53      0.62      0.00      0.00      0.00      0.00
03:40:21           lo      0.00      0.00      0.00      0.00      0.00      0.00      0.00      0.00
03:40:21         eno1      0.00      0.00      0.00      0.00      0.00      0.00      0.00      0.00
03:40:21      wlp58s0      8.36      6.40      1.88      1.55      0.00      0.00      0.00      0.00
03:40:21    tailscale0      5.67      4.09      0.55      0.65      0.00      0.00      0.00      0.00
03:50:07           lo      0.00      0.00      0.00      0.00      0.00      0.00      0.00      0.00
03:50:07         eno1      0.00      0.00      0.00      0.00      0.00      0.00      0.00      0.00
03:50:07      wlp58s0      7.14      5.51      1.56      1.30      0.00      0.00      0.00      0.00
03:50:07    tailscale0      4.61      3.32      0.44      0.51      0.00      0.00      0.00      0.00
04:00:21           lo      0.00      0.00      0.00      0.00      0.00      0.00      0.00      0.00
04:00:21         eno1      0.00      0.00      0.00      0.00      0.00      0.00      0.00      0.00
04:00:21      wlp58s0      2.94      2.22      0.87      0.53      0.00      0.00      0.00      0.00
04:00:21    tailscale0      1.44      1.09      0.16      0.19      0.00      0.00      0.00      0.00
04:10:21           lo      0.00      0.00      0.00      0.00      0.00      0.00      0.00      0.00
04:10:21         eno1      0.00      0.00      0.00      0.00      0.00      0.00      0.00      0.00
04:10:21      wlp58s0      5.05      4.19      1.19      0.94      0.00      0.00      0.00      0.00
04:10:21    tailscale0      2.34      1.70      0.23      0.27      0.00      0.00      0.00      0.00
04:20:07           lo      0.00      0.00      0.00      0.00      0.00      0.00      0.00      0.00
04:20:07         eno1      0.00      0.00      0.00      0.00      0.00      0.00      0.00      0.00
04:20:07      wlp58s0      6.35      4.81      1.48      1.16      0.00      0.00      0.00      0.00
04:20:07    tailscale0      4.03      2.93      0.40      0.47      0.00      0.00      0.00      0.00
04:30:21           lo      0.00      0.00      0.00      0.00      0.00      0.00      0.00      0.00
04:30:21         eno1      0.00      0.00      0.00      0.00      0.00      0.00      0.00      0.00
04:30:21      wlp58s0      8.28      6.30      1.86      1.51      0.00      0.00      0.00      0.00
04:30:21    tailscale0      5.56      3.99      0.53      0.61      0.00      0.00      0.00      0.00
04:40:21           lo      0.00      0.00      0.00      0.00      0.00      0.00      0.00      0.00
04:40:21         eno1      0.00      0.00      0.00      0.00      0.00      0.00      0.00      0.00
04:40:21      wlp58s0      8.42      6.42      1.93      1.56      0.00      0.00      0.00      0.00
04:40:21    tailscale0      5.68      4.10      0.55      0.65      0.00      0.00      0.00      0.00
Average:           lo      0.00      0.00      0.00      0.00      0.00      0.00      0.00      0.00
Average:         eno1      0.00      0.00      0.00      0.00      0.00      0.00      0.00      0.00
Average:      wlp58s0      6.47      4.97      1.48      1.19      0.00      0.00      0.00      0.00
Average:    tailscale0      4.12      2.98      0.40      0.47      0.00      0.00      0.00      0.00

11:50:53     LINUX RESTART	(4 CPU)

12:00:04        IFACE   rxpck/s   txpck/s    rxkB/s    txkB/s   rxcmp/s   txcmp/s  rxmcst/s   %ifutil
12:10:04           lo      0.00      0.00      0.00      0.00      0.00      0.00      0.00      0.00
12:10:04         eno1      0.00      0.00      0.00      0.00      0.00      0.00      0.00      0.00
12:10:04      wlp58s0      7.52      5.37      1.88      1.41      0.00      0.00      0.00      0.00
12:10:04    tailscale0      5.68      4.11      0.56      0.65      0.00      0.00      0.00      0.00
12:20:04           lo      0.00      0.00      0.00      0.00      0.00      0.00      0.00      0.00
12:20:04         eno1      0.00      0.00      0.00      0.00      0.00      0.00      0.00      0.00
12:20:04      wlp58s0      7.44      5.27      1.86      1.37      0.00      0.00      0.00      0.00
12:20:04    tailscale0      5.57      4.00      0.53      0.62      0.00      0.00      0.00      0.00
12:30:04           lo      0.00      0.00      0.00      0.00      0.00      0.00      0.00      0.00
12:30:04         eno1      0.00      0.00      0.00      0.00      0.00      0.00      0.00      0.00
12:30:04      wlp58s0      7.52      5.36      1.88      1.41      0.00      0.00      0.00      0.00
12:30:04    tailscale0      5.69      4.11      0.56      0.65      0.00      0.00      0.00      0.00
12:40:04           lo      0.00      0.00      0.00      0.00      0.00      0.00      0.00      0.00
12:40:04         eno1      0.00      0.00      0.00      0.00      0.00      0.00      0.00      0.00
12:40:04      wlp58s0      7.49      5.36      1.87      1.41      0.00      0.00      0.00      0.00
12:40:04    tailscale0      5.67      4.10      0.55      0.65      0.00      0.00      0.00      0.00
12:50:04           lo      0.00      0.00      0.00      0.00      0.00      0.00      0.00      0.00
12:50:04         eno1      0.00      0.00      0.00      0.00      0.00      0.00      0.00      0.00
12:50:04      wlp58s0      7.36      5.24      1.84      1.36      0.00      0.00      0.00      0.00
12:50:04    tailscale0      5.56      3.99      0.53      0.62      0.00      0.00      0.00      0.00
13:00:04           lo      0.00      0.00      0.00      0.00      0.00      0.00      0.00      0.00
13:00:04         eno1      0.00      0.00      0.00      0.00      0.00      0.00      0.00      0.00
13:00:04      wlp58s0      7.52      5.36      1.91      1.41      0.00      0.00      0.00      0.00
13:00:04    tailscale0      5.68      4.10      0.55      0.65      0.00      0.00      0.00      0.00
13:10:04           lo      0.00      0.00      0.00      0.00      0.00      0.00      0.00      0.00
13:10:04         eno1      0.00      0.00      0.00      0.00      0.00      0.00      0.00      0.00
13:10:04      wlp58s0      8.30      6.29      1.89      1.52      0.00      0.00      0.00      0.00
13:10:04    tailscale0      5.67      4.10      0.55      0.65      0.00      0.00      0.00      0.00
13:20:04           lo      0.01      0.01      0.00      0.00      0.00      0.00      0.00      0.00
13:20:04         eno1      0.00      0.00      0.00      0.00      0.00      0.00      0.00      0.00
13:20:04      wlp58s0      7.62      6.09      1.67      1.42      0.00      0.00      0.00      0.00
13:20:04    tailscale0      4.87      3.66      0.51      0.63      0.00      0.00      0.00      0.00
13:30:03           lo      0.30      0.30      0.07      0.07      0.00      0.00      0.00      0.00
13:30:03         eno1      0.00      0.00      0.00      0.00      0.00      0.00      0.00      0.00
13:30:03      wlp58s0      7.39      5.69      1.69      1.33      0.00      0.00      0.00      0.00
13:30:03    tailscale0      4.87      3.58      0.48      0.57      0.00      0.00      0.00      0.00
13:40:04           lo      0.30      0.30      0.07      0.07      0.00      0.00      0.00      0.00
13:40:04         eno1      0.00      0.00      0.00      0.00      0.00      0.00      0.00      0.00
13:40:04      wlp58s0      7.58      6.02      1.71      1.36      0.00      0.00      0.00      0.00
13:40:04    tailscale0      4.85      3.58      0.47      0.57      0.00      0.00      0.00      0.00
13:50:04           lo      0.30      0.30      0.07      0.07      0.00      0.00      0.00      0.00
13:50:04         eno1      0.00      0.00      0.00      0.00      0.00      0.00      0.00      0.00
13:50:04      wlp58s0      7.03      5.56      1.58      1.25      0.00      0.00      0.00      0.00
13:50:04    tailscale0      4.30      3.17      0.41      0.49      0.00      0.00      0.00      0.00
14:00:02           lo      0.30      0.30      0.07      0.07      0.00      0.00      0.00      0.00
14:00:02         eno1      0.00      0.00      0.00      0.00      0.00      0.00      0.00      0.00
14:00:02      wlp58s0      7.24      5.73      1.63      1.29      0.00      0.00      0.00      0.00
14:00:02    tailscale0      4.53      3.33      0.44      0.53      0.00      0.00      0.00      0.00
14:10:04           lo      0.10      0.10      0.02      0.02      0.00      0.00      0.00      0.00
14:10:04         eno1      0.00      0.00      0.00      0.00      0.00      0.00      0.00      0.00
14:10:04      wlp58s0      7.55      5.91      1.71      1.34      0.00      0.00      0.00      0.00
14:10:04    tailscale0      4.82      3.53      0.47      0.56      0.00      0.00      0.00      0.00
14:20:04           lo      0.00      0.00      0.00      0.00      0.00      0.00      0.00      0.00
14:20:04         eno1      0.00      0.00      0.00      0.00      0.00      0.00      0.00      0.00
14:20:04      wlp58s0      7.38      5.83      1.64      1.29      0.00      0.00      0.00      0.00
14:20:04    tailscale0      4.62      3.38      0.44      0.52      0.00      0.00      0.00      0.00
14:30:04           lo      0.00      0.00      0.00      0.00      0.00      0.00      0.00      0.00
14:30:04         eno1      0.00      0.00      0.00      0.00      0.00      0.00      0.00      0.00
14:30:04      wlp58s0      7.13      5.62      1.63      1.24      0.00      0.00      0.00      0.00
14:30:04    tailscale0      4.40      3.23      0.43      0.51      0.00      0.00      0.00      0.00
14:40:04           lo      0.00      0.00      0.00      0.00      0.00      0.00      0.00      0.00
14:40:04         eno1      0.00      0.00      0.00      0.00      0.00      0.00      0.00      0.00
14:40:04      wlp58s0      7.14      5.69      1.63      1.31      0.00      0.00      0.00      0.00
14:40:04    tailscale0      4.33      3.17      0.43      0.51      0.00      0.00      0.00      0.00
14:50:04           lo      0.00      0.00      0.00      0.00      0.00      0.00      0.00      0.00
14:50:04         eno1      0.00      0.00      0.00      0.00      0.00      0.00      0.00      0.00
14:50:04      wlp58s0      7.45      5.79      1.73      1.31      0.00      0.00      0.00      0.00
14:50:04    tailscale0      4.70      3.42      0.45      0.53      0.00      0.00      0.00      0.00
15:00:04           lo      0.00      0.00      0.00      0.00      0.00      0.00      0.00      0.00
15:00:04         eno1      0.00      0.00      0.00      0.00      0.00      0.00      0.00      0.00
15:00:04      wlp58s0      8.10      6.23      1.86      1.42      0.00      0.00      0.00      0.00
15:00:04    tailscale0      5.31      3.84      0.52      0.61      0.00      0.00      0.00      0.00
15:10:04           lo      0.00      0.00      0.00      0.00      0.00      0.00      0.00      0.00
15:10:04         eno1      0.00      0.00      0.00      0.00      0.00      0.00      0.00      0.00
15:10:04      wlp58s0      7.93      6.08      1.86      1.44      0.00      0.00      0.00      0.00
15:10:04    tailscale0      5.18      3.76      0.51      0.59      0.00      0.00      0.00      0.00
15:20:04           lo      0.00      0.00      0.00      0.00      0.00      0.00      0.00      0.00
15:20:04         eno1      0.00      0.00      0.00      0.00      0.00      0.00      0.00      0.00
15:20:04      wlp58s0      7.71      5.97      1.76      1.38      0.00      0.00      0.00      0.00
15:20:04    tailscale0      5.01      3.67      0.48      0.56      0.00      0.00      0.00      0.00
15:30:04           lo      0.00      0.00      0.00      0.00      0.00      0.00      0.00      0.00
15:30:04         eno1      0.00      0.00      0.00      0.00      0.00      0.00      0.00      0.00
15:30:04      wlp58s0      8.00      6.11      1.84      1.46      0.00      0.00      0.00      0.00
15:30:04    tailscale0      5.27      3.83      0.52      0.60      0.00      0.00      0.00      0.00
15:40:04           lo      0.00      0.00      0.00      0.00      0.00      0.00      0.00      0.00
15:40:04         eno1      0.00      0.00      0.00      0.00      0.00      0.00      0.00      0.00
15:40:04      wlp58s0      8.37      6.38      1.93      1.54      0.00      0.00      0.00      0.00
15:40:04    tailscale0      5.67      4.09      0.55      0.65      0.00      0.00      0.00      0.00
15:50:04           lo      0.00      0.00      0.00      0.00      0.00      0.00      0.00      0.00
15:50:04         eno1      0.00      0.00      0.00      0.00      0.00      0.00      0.00      0.00
15:50:04      wlp58s0      7.56      5.75      1.77      1.39      0.00      0.00      0.00      0.00
15:50:04    tailscale0      5.02      3.61      0.48      0.56      0.00      0.00      0.00      0.00
16:00:04           lo      0.00      0.00      0.00      0.00      0.00      0.00      0.00      0.00
16:00:04         eno1      0.00      0.00      0.00      0.00      0.00      0.00      0.00      0.00
16:00:04      wlp58s0      8.60      6.43      1.86      1.56      0.00      0.00      0.00      0.00
16:00:04    tailscale0      5.68      4.10      0.55      0.65      0.00      0.00      0.00      0.00
16:10:04           lo      0.00      0.00      0.00      0.00      0.00      0.00      0.00      0.00
16:10:04         eno1      0.00      0.00      0.00      0.00      0.00      0.00      0.00      0.00
16:10:04      wlp58s0      8.37      6.40      1.81      1.55      0.00      0.00      0.00      0.00
16:10:04    tailscale0      5.69      4.11      0.56      0.65      0.00      0.00      0.00      0.00
16:20:04           lo      0.00      0.00      0.00      0.00      0.00      0.00      0.00      0.00
16:20:04         eno1      0.00      0.00      0.00      0.00      0.00      0.00      0.00      0.00
16:20:04      wlp58s0      8.16      6.29      1.72      1.51      0.00      0.00      0.00      0.00
16:20:04    tailscale0      5.55      3.99      0.53      0.62      0.00      0.00      0.00      0.00
16:30:04           lo      0.05      0.05      0.01      0.01      0.00      0.00      0.00      0.00
16:30:04         eno1      0.00      0.00      0.00      0.00      0.00      0.00      0.00      0.00
16:30:04      wlp58s0      8.74      6.82      1.92      1.75      0.00      0.00      0.00      0.00
16:30:04    tailscale0      6.07      4.47      0.63      0.78      0.00      0.00      0.00      0.00
16:40:04           lo      0.09      0.09      0.02      0.02      0.00      0.00      0.00      0.00
16:40:04         eno1      0.00      0.00      0.00      0.00      0.00      0.00      0.00      0.00
16:40:04      wlp58s0      8.99      6.99      2.01      1.80      0.00      0.00      0.00      0.00
16:40:04    tailscale0      6.28      4.67      0.66      0.81      0.00      0.00      0.00      0.00
16:50:04           lo      0.00      0.00      0.00      0.00      0.00      0.00      0.00      0.00
16:50:04         eno1      0.00      0.00      0.00      0.00      0.00      0.00      0.00      0.00
16:50:04      wlp58s0      8.29      6.34      1.87      1.52      0.00      0.00      0.00      0.00
16:50:04    tailscale0      5.59      4.02      0.53      0.62      0.00      0.00      0.00      0.00
17:00:04           lo      0.00      0.00      0.00      0.00      0.00      0.00      0.00      0.00
17:00:04         eno1      0.00      0.00      0.00      0.00      0.00      0.00      0.00      0.00
17:00:04      wlp58s0      8.42      6.38      1.92      1.55      0.00      0.00      0.00      0.00
17:00:04    tailscale0      5.69      4.11      0.56      0.65      0.00      0.00      0.00      0.00
17:10:04           lo      0.00      0.00      0.00      0.00      0.00      0.00      0.00      0.00
17:10:04         eno1      0.00      0.00      0.00      0.00      0.00      0.00      0.00      0.00
17:10:04      wlp58s0      8.36      6.43      1.95      1.56      0.00      0.00      0.00      0.00
17:10:04    tailscale0      5.69      4.11      0.56      0.65      0.00      0.00      0.00      0.00
17:20:04           lo      0.00      0.00      0.00      0.00      0.00      0.00      0.00      0.00
17:20:04         eno1      0.00      0.00      0.00      0.00      0.00      0.00      0.00      0.00
17:20:04      wlp58s0      8.30      6.30      1.92      1.51      0.00      0.00      0.00      0.00
17:20:04    tailscale0      5.56      4.00      0.53      0.62      0.00      0.00      0.00      0.00
17:30:04           lo      0.00      0.00      0.00      0.00      0.00      0.00      0.00      0.00
17:30:04         eno1      0.00      0.00      0.00      0.00      0.00      0.00      0.00      0.00
17:30:04      wlp58s0      8.44      6.43      1.95      1.57      0.00      0.00      0.00      0.00
17:30:04    tailscale0      5.69      4.11      0.56      0.65      0.00      0.00      0.00      0.00
17:40:04           lo      0.00      0.00      0.00      0.00      0.00      0.00      0.00      0.00
17:40:04         eno1      0.00      0.00      0.00      0.00      0.00      0.00      0.00      0.00
17:40:04      wlp58s0      8.34      6.37      1.94      1.55      0.00      0.00      0.00      0.00
17:40:04    tailscale0      5.68      4.10      0.55      0.65      0.00      0.00      0.00      0.00
17:50:04           lo      0.00      0.00      0.00      0.00      0.00      0.00      0.00      0.00
17:50:04         eno1      0.00      0.00      0.00      0.00      0.00      0.00      0.00      0.00
17:50:04      wlp58s0      5.29      4.46      1.26      1.01      0.00      0.00      0.00      0.00
17:50:04    tailscale0      2.31      1.69      0.23      0.27      0.00      0.00      0.00      0.00
18:00:04           lo      0.01      0.01      0.00      0.00      0.00      0.00      0.00      0.00
18:00:04         eno1      0.00      0.00      0.00      0.00      0.00      0.00      0.00      0.00
18:00:04      wlp58s0      1.50      0.91      0.61      0.18      0.00      0.00      0.00      0.00
18:00:04    tailscale0      0.48      0.34      0.04      0.05      0.00      0.00      0.00      0.00
18:10:02           lo      0.00      0.00      0.00      0.00      0.00      0.00      0.00      0.00
18:10:02         eno1      0.00      0.00      0.00      0.00      0.00      0.00      0.00      0.00
18:10:02      wlp58s0      7.98      6.09      1.80      1.49      0.00      0.00      0.00      0.00
18:10:02    tailscale0      5.34      3.87      0.54      0.63      0.00      0.00      0.00      0.00
18:20:04           lo      0.00      0.00      0.00      0.00      0.00      0.00      0.00      0.00
18:20:04         eno1      0.00      0.00      0.00      0.00      0.00      0.00      0.00      0.00
18:20:04      wlp58s0      8.36      6.36      1.89      1.55      0.00      0.00      0.00      0.00
18:20:04    tailscale0      5.68      4.10      0.55      0.65      0.00      0.00      0.00      0.00
18:30:04           lo      0.00      0.00      0.00      0.00      0.00      0.00      0.00      0.00
18:30:04         eno1      0.00      0.00      0.00      0.00      0.00      0.00      0.00      0.00
18:30:04      wlp58s0      8.27      6.31      1.83      1.51      0.00      0.00      0.00      0.00
18:30:04    tailscale0      5.58      4.01      0.53      0.62      0.00      0.00      0.00      0.00
18:40:04           lo      0.00      0.00      0.00      0.00      0.00      0.00      0.00      0.00
18:40:04         eno1      0.00      0.00      0.00      0.00      0.00      0.00      0.00      0.00
18:40:04      wlp58s0      8.42      6.43      1.91      1.56      0.00      0.00      0.00      0.00
18:40:04    tailscale0      5.66      4.09      0.55      0.65      0.00      0.00      0.00      0.00
18:50:04           lo      0.00      0.00      0.00      0.00      0.00      0.00      0.00      0.00
18:50:04         eno1      0.00      0.00      0.00      0.00      0.00      0.00      0.00      0.00
18:50:04      wlp58s0      6.37      5.12      1.49      1.21      0.00      0.00      0.00      0.00
18:50:04    tailscale0      3.60      2.63      0.36      0.42      0.00      0.00      0.00      0.00
19:00:04           lo      0.00      0.00      0.00      0.00      0.00      0.00      0.00      0.00
19:00:04         eno1      0.00      0.00      0.00      0.00      0.00      0.00      0.00      0.00
19:00:04      wlp58s0      7.28      5.27      1.65      1.40      0.00      0.00      0.00      0.00
19:00:04    tailscale0      5.68      4.11      0.56      0.65      0.00      0.00      0.00      0.00
19:10:04           lo      0.00      0.00      0.00      0.00      0.00      0.00      0.00      0.00
19:10:04         eno1      0.00      0.00      0.00      0.00      0.00      0.00      0.00      0.00
19:10:04      wlp58s0      7.22      5.18      1.66      1.36      0.00      0.00      0.00      0.00
19:10:04    tailscale0      5.57      4.00      0.53      0.62      0.00      0.00      0.00      0.00
19:20:04           lo      0.12      0.12      0.02      0.02      0.00      0.00      0.00      0.00
19:20:04         eno1      0.00      0.00      0.00      0.00      0.00      0.00      0.00      0.00
19:20:04      wlp58s0      7.54      5.49      1.73      1.48      0.00      0.00      0.00      0.00
19:20:04    tailscale0      5.88      4.30      0.59      0.70      0.00      0.00      0.00      0.00
19:30:04           lo      0.03      0.03      0.00      0.00      0.00      0.00      0.00      0.00
19:30:04         eno1      0.00      0.00      0.00      0.00      0.00      0.00      0.00      0.00
19:30:04      wlp58s0      9.70      5.56      5.11      1.43      0.00      0.00      0.00      0.00
19:30:04    tailscale0      5.70      4.12      0.56      0.65      0.00      0.00      0.00      0.00
19:40:04           lo      0.00      0.00      0.00      0.00      0.00      0.00      0.00      0.00
19:40:04         eno1      0.00      0.00      0.00      0.00      0.00      0.00      0.00      0.00
19:40:04      wlp58s0      7.23      5.18      1.67      1.36      0.00      0.00      0.00      0.00
19:40:04    tailscale0      5.57      4.00      0.53      0.62      0.00      0.00      0.00      0.00
19:50:02           lo      0.00      0.00      0.00      0.00      0.00      0.00      0.00      0.00
19:50:02         eno1      0.00      0.00      0.00      0.00      0.00      0.00      0.00      0.00
19:50:02      wlp58s0      7.34      5.32      1.65      1.41      0.00      0.00      0.00      0.00
19:50:02    tailscale0      5.69      4.11      0.56      0.65      0.00      0.00      0.00      0.00
20:00:04           lo      0.00      0.00      0.00      0.00      0.00      0.00      0.00      0.00
20:00:04         eno1      0.00      0.00      0.00      0.00      0.00      0.00      0.00      0.00
20:00:04      wlp58s0      7.30      5.29      1.65      1.40      0.00      0.00      0.00      0.00
20:00:04    tailscale0      5.68      4.10      0.55      0.65      0.00      0.00      0.00      0.00
20:10:04           lo      0.00      0.00      0.00      0.00      0.00      0.00      0.00      0.00
20:10:04         eno1      0.00      0.00      0.00      0.00      0.00      0.00      0.00      0.00
20:10:04      wlp58s0      7.23      5.19      1.65      1.36      0.00      0.00      0.00      0.00
20:10:04    tailscale0      5.58      4.01      0.53      0.62      0.00      0.00      0.00      0.00
20:20:04           lo      0.00      0.00      0.00      0.00      0.00      0.00      0.00      0.00
20:20:04         eno1      0.00      0.00      0.00      0.00      0.00      0.00      0.00      0.00
20:20:04      wlp58s0      7.35      5.30      1.68      1.40      0.00      0.00      0.00      0.00
20:20:04    tailscale0      5.69      4.11      0.56      0.65      0.00      0.00      0.00      0.00
20:30:02           lo      0.00      0.00      0.00      0.00      0.00      0.00      0.00      0.00
20:30:02         eno1      0.00      0.00      0.00      0.00      0.00      0.00      0.00      0.00
20:30:02      wlp58s0      7.34      5.30      1.69      1.40      0.00      0.00      0.00      0.00
20:30:02    tailscale0      5.68      4.10      0.56      0.65      0.00      0.00      0.00      0.00
20:40:04           lo      0.00      0.00      0.00      0.00      0.00      0.00      0.00      0.00
20:40:04         eno1      0.00      0.00      0.00      0.00      0.00      0.00      0.00      0.00
20:40:04      wlp58s0      7.27      5.21      1.66      1.36      0.00      0.00      0.00      0.00
20:40:04    tailscale0      5.59      4.01      0.53      0.62      0.00      0.00      0.00      0.00
20:50:04           lo      0.00      0.00      0.00      0.00      0.00      0.00      0.00      0.00
20:50:04         eno1      0.00      0.00      0.00      0.00      0.00      0.00      0.00      0.00
20:50:04      wlp58s0      7.33      5.27      1.66      1.40      0.00      0.00      0.00      0.00
20:50:04    tailscale0      5.69      4.11      0.56      0.65      0.00      0.00      0.00      0.00
21:00:04           lo      0.00      0.00      0.00      0.00      0.00      0.00      0.00      0.00
21:00:04         eno1      0.00      0.00      0.00      0.00      0.00      0.00      0.00      0.00
21:00:04      wlp58s0      7.36      5.32      1.73      1.40      0.00      0.00      0.00      0.00
21:00:04    tailscale0      5.69      4.11      0.56      0.65      0.00      0.00      0.00      0.00
21:10:02           lo      0.00      0.00      0.00      0.00      0.00      0.00      0.00      0.00
21:10:02         eno1      0.00      0.00      0.00      0.00      0.00      0.00      0.00      0.00
21:10:02      wlp58s0      7.19      5.18      1.67      1.36      0.00      0.00      0.00      0.00
21:10:02    tailscale0      5.56      4.00      0.53      0.62      0.00      0.00      0.00      0.00
21:20:04           lo      0.06      0.06      0.01      0.01      0.00      0.00      0.00      0.00
21:20:04         eno1      0.00      0.00      0.00      0.00      0.00      0.00      0.00      0.00
21:20:04      wlp58s0     29.08     13.48     33.40      2.37      0.00      0.00      0.00      0.00
21:20:04    tailscale0      5.71      4.12      0.56      0.65      0.00      0.00      0.00      0.00
21:30:04           lo      0.00      0.00      0.00      0.00      0.00      0.00      0.00      0.00
21:30:04         eno1      0.00      0.00      0.00      0.00      0.00      0.00      0.00      0.00
21:30:04      wlp58s0      7.37      5.32      1.68      1.41      0.00      0.00      0.00      0.00
21:30:04    tailscale0      5.70      4.12      0.56      0.65      0.00      0.00      0.00      0.00
21:40:04           lo      0.00      0.00      0.00      0.00      0.00      0.00      0.00      0.00
21:40:04         eno1      0.00      0.00      0.00      0.00      0.00      0.00      0.00      0.00
21:40:04      wlp58s0      7.20      5.18      1.64      1.36      0.00      0.00      0.00      0.00
21:40:04    tailscale0      5.57      4.00      0.53      0.62      0.00      0.00      0.00      0.00
21:50:00           lo      0.00      0.00      0.00      0.00      0.00      0.00      0.00      0.00
21:50:00         eno1      0.00      0.00      0.00      0.00      0.00      0.00      0.00      0.00
21:50:00      wlp58s0      7.49      5.39      1.82      1.44      0.00      0.00      0.00      0.00
21:50:00    tailscale0      5.78      4.19      0.57      0.67      0.00      0.00      0.00      0.00
22:00:04           lo      0.00      0.00      0.00      0.00      0.00      0.00      0.00      0.00
22:00:04         eno1      0.00      0.00      0.00      0.00      0.00      0.00      0.00      0.00
22:00:04      wlp58s0      7.44      5.34      1.78      1.42      0.00      0.00      0.00      0.00
22:00:04    tailscale0      5.73      4.15      0.56      0.66      0.00      0.00      0.00      0.00
22:10:02           lo      0.00      0.00      0.00      0.00      0.00      0.00      0.00      0.00
22:10:02         eno1      0.00      0.00      0.00      0.00      0.00      0.00      0.00      0.00
22:10:02      wlp58s0      7.18      5.19      1.64      1.36      0.00      0.00      0.00      0.00
22:10:02    tailscale0      5.58      4.00      0.53      0.62      0.00      0.00      0.00      0.00
22:20:04           lo      0.00      0.00      0.00      0.00      0.00      0.00      0.00      0.00
22:20:04         eno1      0.00      0.00      0.00      0.00      0.00      0.00      0.00      0.00
22:20:04      wlp58s0      7.45      5.34      1.76      1.41      0.00      0.00      0.00      0.00
22:20:04    tailscale0      5.70      4.12      0.56      0.65      0.00      0.00      0.00      0.00
22:30:04           lo      0.00      0.00      0.00      0.00      0.00      0.00      0.00      0.00
22:30:04         eno1      0.00      0.00      0.00      0.00      0.00      0.00      0.00      0.00
22:30:04      wlp58s0      7.34      5.30      1.67      1.41      0.00      0.00      0.00      0.00
22:30:04    tailscale0      5.71      4.12      0.56      0.65      0.00      0.00      0.00      0.00
22:40:04           lo      0.00      0.00      0.00      0.00      0.00      0.00      0.00      0.00
22:40:04         eno1      0.00      0.00      0.00      0.00      0.00      0.00      0.00      0.00
22:40:04      wlp58s0      5.01      3.69      1.20      0.90      0.00      0.00      0.00      0.00
22:40:04    tailscale0      3.29      2.36      0.32      0.37      0.00      0.00      0.00      0.00
22:50:02           lo      0.00      0.00      0.00      0.00      0.00      0.00      0.00      0.00
22:50:02         eno1      0.00      0.00      0.00      0.00      0.00      0.00      0.00      0.00
22:50:02      wlp58s0      7.32      5.27      1.69      1.40      0.00      0.00      0.00      0.00
22:50:02    tailscale0      5.67      4.10      0.55      0.65      0.00      0.00      0.00      0.00
23:00:04           lo      0.00      0.00      0.00      0.00      0.00      0.00      0.00      0.00
23:00:04         eno1      0.00      0.00      0.00      0.00      0.00      0.00      0.00      0.00
23:00:04      wlp58s0      5.87      4.63      1.31      1.11      0.00      0.00      0.00      0.00
23:00:04    tailscale0      3.51      2.55      0.34      0.39      0.00      0.00      0.00      0.00
23:10:04           lo      0.00      0.00      0.00      0.00      0.00      0.00      0.00      0.00
23:10:04         eno1      0.00      0.00      0.00      0.00      0.00      0.00      0.00      0.00
23:10:04      wlp58s0      3.37      2.44      0.92      0.56      0.00      0.00      0.00      0.00
23:10:04    tailscale0      1.82      1.32      0.18      0.21      0.00      0.00      0.00      0.00
23:20:04           lo      0.00      0.00      0.00      0.00      0.00      0.00      0.00      0.00
23:20:04         eno1      0.00      0.00      0.00      0.00      0.00      0.00      0.00      0.00
23:20:04      wlp58s0      8.41      6.46      1.86      1.56      0.00      0.00      0.00      0.00
23:20:04    tailscale0      5.70      4.11      0.56      0.65      0.00      0.00      0.00      0.00
23:30:02           lo      0.00      0.00      0.00      0.00      0.00      0.00      0.00      0.00
23:30:02         eno1      0.00      0.00      0.00      0.00      0.00      0.00      0.00      0.00
23:30:02      wlp58s0      4.58      3.92      1.10      0.92      0.00      0.00      0.00      0.00
23:30:02    tailscale0      2.24      1.64      0.22      0.26      0.00      0.00      0.00      0.00
23:40:04           lo      0.00      0.00      0.00      0.00      0.00      0.00      0.00      0.00
23:40:04         eno1      0.00      0.00      0.00      0.00      0.00      0.00      0.00      0.00
23:40:04      wlp58s0      5.76      4.64      1.30      1.08      0.00      0.00      0.00      0.00
23:40:04    tailscale0      3.34      2.41      0.32      0.37      0.00      0.00      0.00      0.00
23:50:04           lo      0.00      0.00      0.00      0.00      0.00      0.00      0.00      0.00
23:50:04         eno1      0.00      0.00      0.00      0.00      0.00      0.00      0.00      0.00
23:50:04      wlp58s0      6.96      5.45      1.56      1.34      0.00      0.00      0.00      0.00
23:50:04    tailscale0      4.21      3.07      0.43      0.51      0.00      0.00      0.00      0.00
Average:           lo      0.02      0.02      0.00      0.00      0.00      0.00      0.00      0.00
Average:         eno1      0.00      0.00      0.00      0.00      0.00      0.00      0.00      0.00
Average:      wlp58s0      7.69      5.64      2.19      1.38      0.00      0.00      0.00      0.00
Average:    tailscale0      5.12      3.71      0.50      0.59      0.00      0.00      0.00      0.00
### SAR_NET_SA28
Linux 6.8.0-138-generic (pgain-nuc) 	08/28/26 	_x86_64_	(4 CPU)

00:00:04        IFACE   rxpck/s   txpck/s    rxkB/s    txkB/s   rxcmp/s   txcmp/s  rxmcst/s   %ifutil
00:10:02           lo      0.00      0.00      0.00      0.00      0.00      0.00      0.00      0.00
00:10:02         eno1      0.00      0.00      0.00      0.00      0.00      0.00      0.00      0.00
00:10:02      wlp58s0      4.12      3.04      0.95      0.71      0.00      0.00      0.00      0.00
00:10:02    tailscale0      2.44      1.77      0.24      0.28      0.00      0.00      0.00      0.00
00:20:04           lo      0.00      0.00      0.00      0.00      0.00      0.00      0.00      0.00
00:20:04         eno1      0.00      0.00      0.00      0.00      0.00      0.00      0.00      0.00
00:20:04      wlp58s0      4.48      3.99      0.94      0.89      0.00      0.00      0.00      0.00
00:20:04    tailscale0      1.75      1.29      0.18      0.21      0.00      0.00      0.00      0.00
00:30:04           lo      0.00      0.00      0.00      0.00      0.00      0.00      0.00      0.00
00:30:04         eno1      0.00      0.00      0.00      0.00      0.00      0.00      0.00      0.00
00:30:04      wlp58s0      4.81      3.51      1.11      0.86      0.00      0.00      0.00      0.00
00:30:04    tailscale0      3.21      2.31      0.31      0.36      0.00      0.00      0.00      0.00
00:40:04           lo      0.00      0.00      0.00      0.00      0.00      0.00      0.00      0.00
00:40:04         eno1      0.00      0.00      0.00      0.00      0.00      0.00      0.00      0.00
00:40:04      wlp58s0      5.92      4.65      1.27      1.10      0.00      0.00      0.00      0.00
00:40:04    tailscale0      3.63      2.64      0.36      0.43      0.00      0.00      0.00      0.00
00:50:02           lo      0.01      0.01      0.00      0.00      0.00      0.00      0.00      0.00
00:50:02         eno1      0.00      0.00      0.00      0.00      0.00      0.00      0.00      0.00
00:50:02      wlp58s0      4.98      4.31      1.02      0.95      0.00      0.00      0.00      0.00
00:50:02    tailscale0      2.00      1.46      0.20      0.23      0.00      0.00      0.00      0.00
01:00:04           lo      0.16      0.16      0.03      0.03      0.00      0.00      0.00      0.00
01:00:04         eno1      0.00      0.00      0.00      0.00      0.00      0.00      0.00      0.00
01:00:04      wlp58s0      8.62      6.64      1.92      1.65      0.00      0.00      0.00      0.00
01:00:04    tailscale0      5.94      4.34      0.61      0.71      0.00      0.00      0.00      0.00
01:10:04           lo      0.07      0.07      0.01      0.01      0.00      0.00      0.00      0.00
01:10:04         eno1      0.00      0.00      0.00      0.00      0.00      0.00      0.00      0.00
01:10:04      wlp58s0      4.93      3.78      1.22      0.90      0.00      0.00      0.00      0.00
01:10:04    tailscale0      2.88      2.04      0.29      0.34      0.00      0.00      0.00      0.00
01:20:04           lo      0.00      0.00      0.00      0.00      0.00      0.00      0.00      0.00
01:20:04         eno1      0.00      0.00      0.00      0.00      0.00      0.00      0.00      0.00
01:20:04      wlp58s0      4.15      2.94      1.05      0.70      0.00      0.00      0.00      0.00
01:20:04    tailscale0      2.60      1.88      0.25      0.30      0.00      0.00      0.00      0.00
01:30:02           lo      0.00      0.00      0.00      0.00      0.00      0.00      0.00      0.00
01:30:02         eno1      0.00      0.00      0.00      0.00      0.00      0.00      0.00      0.00
01:30:02      wlp58s0      5.78      4.27      1.41      1.09      0.00      0.00      0.00      0.00
01:30:02    tailscale0      4.09      2.96      0.41      0.48      0.00      0.00      0.00      0.00
01:40:04           lo      0.00      0.00      0.00      0.00      0.00      0.00      0.00      0.00
01:40:04         eno1      0.00      0.00      0.00      0.00      0.00      0.00      0.00      0.00
01:40:04      wlp58s0      3.92      2.81      1.03      0.65      0.00      0.00      0.00      0.00
01:40:04    tailscale0      2.29      1.65      0.23      0.26      0.00      0.00      0.00      0.00
01:50:02           lo      0.00      0.00      0.00      0.00      0.00      0.00      0.00      0.00
01:50:02         eno1      0.00      0.00      0.00      0.00      0.00      0.00      0.00      0.00
01:50:02      wlp58s0      4.35      3.33      1.07      0.76      0.00      0.00      0.00      0.00
01:50:02    tailscale0      2.33      1.70      0.24      0.28      0.00      0.00      0.00      0.00
02:00:04           lo      0.00      0.00      0.00      0.00      0.00      0.00      0.00      0.00
02:00:04         eno1      0.00      0.00      0.00      0.00      0.00      0.00      0.00      0.00
02:00:04      wlp58s0      8.34      6.37      1.85      1.55      0.00      0.00      0.00      0.00
02:00:04    tailscale0      5.69      4.11      0.56      0.65      0.00      0.00      0.00      0.00
02:10:04           lo      0.00      0.00      0.00      0.00      0.00      0.00      0.00      0.00
02:10:04         eno1      0.00      0.00      0.00      0.00      0.00      0.00      0.00      0.00
02:10:04      wlp58s0      8.11      6.18      1.77      1.47      0.00      0.00      0.00      0.00
02:10:04    tailscale0      5.45      3.89      0.52      0.60      0.00      0.00      0.00      0.00
02:20:04           lo      0.00      0.00      0.00      0.00      0.00      0.00      0.00      0.00
02:20:04         eno1      0.00      0.00      0.00      0.00      0.00      0.00      0.00      0.00
02:20:04      wlp58s0      7.96      6.06      1.77      1.50      0.00      0.00      0.00      0.00
02:20:04    tailscale0      5.57      4.01      0.54      0.63      0.00      0.00      0.00      0.00
02:30:02           lo      0.00      0.00      0.00      0.00      0.00      0.00      0.00      0.00
02:30:02         eno1      0.00      0.00      0.00      0.00      0.00      0.00      0.00      0.00
02:30:02      wlp58s0      8.19      6.31      1.79      1.53      0.00      0.00      0.00      0.00
02:30:02    tailscale0      5.57      3.99      0.54      0.63      0.00      0.00      0.00      0.00
02:40:04           lo      0.00      0.00      0.00      0.00      0.00      0.00      0.00      0.00
02:40:04         eno1      0.00      0.00      0.00      0.00      0.00      0.00      0.00      0.00
02:40:04      wlp58s0      8.22      6.23      1.79      1.49      0.00      0.00      0.00      0.00
02:40:04    tailscale0      5.48      3.91      0.52      0.60      0.00      0.00      0.00      0.00
02:50:04           lo      0.00      0.00      0.00      0.00      0.00      0.00      0.00      0.00
02:50:04         eno1      0.00      0.00      0.00      0.00      0.00      0.00      0.00      0.00
02:50:04      wlp58s0      8.32      6.36      1.82      1.54      0.00      0.00      0.00      0.00
02:50:04    tailscale0      5.62      4.04      0.55      0.64      0.00      0.00      0.00      0.00
03:00:04           lo      0.00      0.00      0.00      0.00      0.00      0.00      0.00      0.00
03:00:04         eno1      0.00      0.00      0.00      0.00      0.00      0.00      0.00      0.00
03:00:04      wlp58s0      8.24      6.30      1.81      1.52      0.00      0.00      0.00      0.00
03:00:04    tailscale0      5.59      4.01      0.54      0.63      0.00      0.00      0.00      0.00
03:10:02           lo      0.00      0.00      0.00      0.00      0.00      0.00      0.00      0.00
03:10:02         eno1      0.00      0.00      0.00      0.00      0.00      0.00      0.00      0.00
03:10:02      wlp58s0      8.21      6.29      1.81      1.51      0.00      0.00      0.00      0.00
03:10:02    tailscale0      5.54      3.96      0.53      0.61      0.00      0.00      0.00      0.00
03:20:04           lo      0.00      0.00      0.00      0.00      0.00      0.00      0.00      0.00
03:20:04         eno1      0.00      0.00      0.00      0.00      0.00      0.00      0.00      0.00
03:20:04      wlp58s0      8.48      6.60      1.86      1.63      0.00      0.00      0.00      0.00
03:20:04    tailscale0      5.84      4.26      0.59      0.70      0.00      0.00      0.00      0.00
03:30:04           lo      0.00      0.00      0.00      0.00      0.00      0.00      0.00      0.00
03:30:04         eno1      0.00      0.00      0.00      0.00      0.00      0.00      0.00      0.00
03:30:04      wlp58s0      8.15      6.18      1.88      1.49      0.00      0.00      0.00      0.00
03:30:04    tailscale0      5.44      3.85      0.53      0.61      0.00      0.00      0.00      0.00
03:40:04           lo      0.00      0.00      0.00      0.00      0.00      0.00      0.00      0.00
03:40:04         eno1      0.00      0.00      0.00      0.00      0.00      0.00      0.00      0.00
03:40:04      wlp58s0      7.94      5.99      1.82      1.43      0.00      0.00      0.00      0.00
03:40:04    tailscale0      5.26      3.69      0.49      0.57      0.00      0.00      0.00      0.00
03:50:04           lo      0.00      0.00      0.00      0.00      0.00      0.00      0.00      0.00
03:50:04         eno1      0.00      0.00      0.00      0.00      0.00      0.00      0.00      0.00
03:50:04      wlp58s0      8.12      6.12      1.85      1.48      0.00      0.00      0.00      0.00
03:50:04    tailscale0      5.44      3.81      0.52      0.60      0.00      0.00      0.00      0.00
04:00:04           lo      0.00      0.00      0.00      0.00      0.00      0.00      0.00      0.00
04:00:04         eno1      0.00      0.00      0.00      0.00      0.00      0.00      0.00      0.00
04:00:04      wlp58s0      7.97      5.96      1.84      1.44      0.00      0.00      0.00      0.00
04:00:04    tailscale0      5.22      3.64      0.50      0.57      0.00      0.00      0.00      0.00
04:10:04           lo      0.00      0.00      0.00      0.00      0.00      0.00      0.00      0.00
04:10:04         eno1      0.00      0.00      0.00      0.00      0.00      0.00      0.00      0.00
04:10:04      wlp58s0      8.15      6.16      1.84      1.48      0.00      0.00      0.00      0.00
04:10:04    tailscale0      5.47      3.86      0.52      0.59      0.00      0.00      0.00      0.00
04:20:04           lo      0.00      0.00      0.00      0.00      0.00      0.00      0.00      0.00
04:20:04         eno1      0.00      0.00      0.00      0.00      0.00      0.00      0.00      0.00
04:20:04      wlp58s0      8.00      5.95      1.84      1.44      0.00      0.00      0.00      0.00
04:20:04    tailscale0      5.30      3.68      0.51      0.58      0.00      0.00      0.00      0.00
04:30:04           lo      0.00      0.00      0.00      0.00      0.00      0.00      0.00      0.00
04:30:04         eno1      0.00      0.00      0.00      0.00      0.00      0.00      0.00      0.00
04:30:04      wlp58s0      7.99      5.95      1.83      1.43      0.00      0.00      0.00      0.00
04:30:04    tailscale0      5.25      3.63      0.50      0.57      0.00      0.00      0.00      0.00
04:40:04           lo      0.00      0.00      0.00      0.00      0.00      0.00      0.00      0.00
04:40:04         eno1      0.00      0.00      0.00      0.00      0.00      0.00      0.00      0.00
04:40:04      wlp58s0      7.84      5.80      1.78      1.37      0.00      0.00      0.00      0.00
04:40:04    tailscale0      5.10      3.48      0.47      0.54      0.00      0.00      0.00      0.00
04:50:04           lo      0.00      0.00      0.00      0.00      0.00      0.00      0.00      0.00
04:50:04         eno1      0.00      0.00      0.00      0.00      0.00      0.00      0.00      0.00
04:50:04      wlp58s0      7.65      5.65      1.76      1.38      0.00      0.00      0.00      0.00
04:50:04    tailscale0      5.21      3.58      0.50      0.57      0.00      0.00      0.00      0.00
05:00:04           lo      0.00      0.00      0.00      0.00      0.00      0.00      0.00      0.00
05:00:04         eno1      0.00      0.00      0.00      0.00      0.00      0.00      0.00      0.00
05:00:04      wlp58s0      7.97      5.93      1.78      1.42      0.00      0.00      0.00      0.00
05:00:04    tailscale0      5.27      3.63      0.50      0.57      0.00      0.00      0.00      0.00
05:10:04           lo      0.00      0.00      0.00      0.00      0.00      0.00      0.00      0.00
05:10:04         eno1      0.00      0.00      0.00      0.00      0.00      0.00      0.00      0.00
05:10:04      wlp58s0      7.85      5.84      1.74      1.38      0.00      0.00      0.00      0.00
05:10:04    tailscale0      5.09      3.51      0.48      0.54      0.00      0.00      0.00      0.00
05:20:04           lo      0.00      0.00      0.00      0.00      0.00      0.00      0.00      0.00
05:20:04         eno1      0.00      0.00      0.00      0.00      0.00      0.00      0.00      0.00
05:20:04      wlp58s0      7.82      5.84      1.74      1.39      0.00      0.00      0.00      0.00
05:20:04    tailscale0      5.15      3.52      0.49      0.56      0.00      0.00      0.00      0.00
05:30:04           lo      0.00      0.00      0.00      0.00      0.00      0.00      0.00      0.00
05:30:04         eno1      0.00      0.00      0.00      0.00      0.00      0.00      0.00      0.00
05:30:04      wlp58s0      7.91      5.90      1.77      1.41      0.00      0.00      0.00      0.00
05:30:04    tailscale0      5.17      3.55      0.49      0.56      0.00      0.00      0.00      0.00
05:40:04           lo      0.00      0.00      0.00      0.00      0.00      0.00      0.00      0.00
05:40:04         eno1      0.00      0.00      0.00      0.00      0.00      0.00      0.00      0.00
05:40:04      wlp58s0      7.78      5.78      1.70      1.36      0.00      0.00      0.00      0.00
05:40:04    tailscale0      5.09      3.47      0.47      0.54      0.00      0.00      0.00      0.00
05:50:04           lo      0.00      0.00      0.00      0.00      0.00      0.00      0.00      0.00
05:50:04         eno1      0.00      0.00      0.00      0.00      0.00      0.00      0.00      0.00
05:50:04      wlp58s0      7.94      5.93      1.77      1.42      0.00      0.00      0.00      0.00
05:50:04    tailscale0      5.25      3.62      0.50      0.57      0.00      0.00      0.00      0.00
06:00:04           lo      0.00      0.00      0.00      0.00      0.00      0.00      0.00      0.00
06:00:04         eno1      0.00      0.00      0.00      0.00      0.00      0.00      0.00      0.00
06:00:04      wlp58s0      8.06      6.05      1.81      1.47      0.00      0.00      0.00      0.00
06:00:04    tailscale0      5.36      3.75      0.53      0.61      0.00      0.00      0.00      0.00
06:10:04           lo      0.31      0.31      0.03      0.03      0.00      0.00      0.00      0.00
06:10:04         eno1      0.00      0.00      0.00      0.00      0.00      0.00      0.00      0.00
06:10:04      wlp58s0     11.63      7.82      7.19      1.58      0.00      0.00      0.00      0.00
06:10:04    tailscale0      5.09      3.51      0.48      0.54      0.00      0.00      0.00      0.00
06:20:04           lo      0.00      0.00      0.00      0.00      0.00      0.00      0.00      0.00
06:20:04         eno1      0.00      0.00      0.00      0.00      0.00      0.00      0.00      0.00
06:20:04      wlp58s0      7.98      6.01      1.79      1.45      0.00      0.00      0.00      0.00
06:20:04    tailscale0      5.26      3.67      0.51      0.58      0.00      0.00      0.00      0.00
06:30:04           lo      0.00      0.00      0.00      0.00      0.00      0.00      0.00      0.00
06:30:04         eno1      0.00      0.00      0.00      0.00      0.00      0.00      0.00      0.00
06:30:04      wlp58s0      8.16      6.16      1.82      1.49      0.00      0.00      0.00      0.00
06:30:04    tailscale0      5.46      3.86      0.53      0.61      0.00      0.00      0.00      0.00
06:40:04           lo      0.00      0.00      0.00      0.00      0.00      0.00      0.00      0.00
06:40:04         eno1      0.00      0.00      0.00      0.00      0.00      0.00      0.00      0.00
06:40:04      wlp58s0      7.76      5.81      1.69      1.37      0.00      0.00      0.00      0.00
06:40:04    tailscale0      5.08      3.48      0.47      0.53      0.00      0.00      0.00      0.00
06:50:04           lo      0.00      0.00      0.00      0.00      0.00      0.00      0.00      0.00
06:50:04         eno1      0.00      0.00      0.00      0.00      0.00      0.00      0.00      0.00
06:50:04      wlp58s0      8.11      6.13      1.81      1.48      0.00      0.00      0.00      0.00
06:50:04    tailscale0      5.39      3.79      0.52      0.60      0.00      0.00      0.00      0.00
07:00:04           lo      0.00      0.00      0.00      0.00      0.00      0.00      0.00      0.00
07:00:04         eno1      0.00      0.00      0.00      0.00      0.00      0.00      0.00      0.00
07:00:04      wlp58s0      7.92      5.93      1.75      1.41      0.00      0.00      0.00      0.00
07:00:04    tailscale0      5.17      3.57      0.50      0.56      0.00      0.00      0.00      0.00
07:10:04           lo      0.00      0.00      0.00      0.00      0.00      0.00      0.00      0.00
07:10:04         eno1      0.00      0.00      0.00      0.00      0.00      0.00      0.00      0.00
07:10:04      wlp58s0      7.88      5.90      1.73      1.40      0.00      0.00      0.00      0.00
07:10:04    tailscale0      5.17      3.57      0.48      0.55      0.00      0.00      0.00      0.00
07:20:04           lo      0.00      0.00      0.00      0.00      0.00      0.00      0.00      0.00
07:20:04         eno1      0.00      0.00      0.00      0.00      0.00      0.00      0.00      0.00
07:20:04      wlp58s0      8.02      6.03      1.78      1.44      0.00      0.00      0.00      0.00
07:20:04    tailscale0      5.28      3.65      0.51      0.58      0.00      0.00      0.00      0.00
07:30:04           lo      0.00      0.00      0.00      0.00      0.00      0.00      0.00      0.00
07:30:04         eno1      0.00      0.00      0.00      0.00      0.00      0.00      0.00      0.00
07:30:04      wlp58s0      8.06      6.05      1.78      1.45      0.00      0.00      0.00      0.00
07:30:04    tailscale0      5.32      3.72      0.51      0.59      0.00      0.00      0.00      0.00
07:40:04           lo      0.00      0.00      0.00      0.00      0.00      0.00      0.00      0.00
07:40:04         eno1      0.00      0.00      0.00      0.00      0.00      0.00      0.00      0.00
07:40:04      wlp58s0      7.82      5.89      1.76      1.43      0.00      0.00      0.00      0.00
07:40:04    tailscale0      5.39      3.82      0.51      0.59      0.00      0.00      0.00      0.00
07:50:04           lo      0.00      0.00      0.00      0.00      0.00      0.00      0.00      0.00
07:50:04         eno1      0.00      0.00      0.00      0.00      0.00      0.00      0.00      0.00
07:50:04      wlp58s0      8.44      6.43      1.88      1.57      0.00      0.00      0.00      0.00
07:50:04    tailscale0      5.68      4.08      0.56      0.65      0.00      0.00      0.00      0.00
08:00:04           lo      0.00      0.00      0.00      0.00      0.00      0.00      0.00      0.00
08:00:04         eno1      0.00      0.00      0.00      0.00      0.00      0.00      0.00      0.00
08:00:04      wlp58s0      8.38      6.39      1.84      1.55      0.00      0.00      0.00      0.00
08:00:04    tailscale0      5.67      4.06      0.56      0.65      0.00      0.00      0.00      0.00
08:10:04           lo      0.00      0.00      0.00      0.00      0.00      0.00      0.00      0.00
08:10:04         eno1      0.00      0.00      0.00      0.00      0.00      0.00      0.00      0.00
08:10:04      wlp58s0      7.74      5.77      1.72      1.36      0.00      0.00      0.00      0.00
08:10:04    tailscale0      5.06      3.44      0.47      0.53      0.00      0.00      0.00      0.00
08:20:04           lo      0.00      0.00      0.00      0.00      0.00      0.00      0.00      0.00
08:20:04         eno1      0.00      0.00      0.00      0.00      0.00      0.00      0.00      0.00
08:20:04      wlp58s0      7.97      5.96      1.78      1.42      0.00      0.00      0.00      0.00
08:20:04    tailscale0      5.23      3.62      0.50      0.57      0.00      0.00      0.00      0.00
08:30:02           lo      0.00      0.00      0.00      0.00      0.00      0.00      0.00      0.00
08:30:02         eno1      0.00      0.00      0.00      0.00      0.00      0.00      0.00      0.00
08:30:02      wlp58s0      8.20      6.24      1.83      1.50      0.00      0.00      0.00      0.00
08:30:02    tailscale0      5.47      3.87      0.53      0.61      0.00      0.00      0.00      0.00
08:40:04           lo      0.00      0.00      0.00      0.00      0.00      0.00      0.00      0.00
08:40:04         eno1      0.00      0.00      0.00      0.00      0.00      0.00      0.00      0.00
08:40:04      wlp58s0      7.72      5.67      1.71      1.33      0.00      0.00      0.00      0.00
08:40:04    tailscale0      5.05      3.39      0.47      0.52      0.00      0.00      0.00      0.00
08:50:04           lo      0.00      0.00      0.00      0.00      0.00      0.00      0.00      0.00
08:50:04         eno1      0.00      0.00      0.00      0.00      0.00      0.00      0.00      0.00
08:50:04      wlp58s0      8.08      6.08      1.79      1.46      0.00      0.00      0.00      0.00
08:50:04    tailscale0      5.34      3.74      0.51      0.59      0.00      0.00      0.00      0.00
09:00:04           lo      0.00      0.00      0.00      0.00      0.00      0.00      0.00      0.00
09:00:04         eno1      0.00      0.00      0.00      0.00      0.00      0.00      0.00      0.00
09:00:04      wlp58s0      8.10      6.22      1.74      1.50      0.00      0.00      0.00      0.00
09:00:04    tailscale0      5.46      3.84      0.53      0.60      0.00      0.00      0.00      0.00
09:10:02           lo      0.00      0.00      0.00      0.00      0.00      0.00      0.00      0.00
09:10:02         eno1      0.00      0.00      0.00      0.00      0.00      0.00      0.00      0.00
09:10:02      wlp58s0      7.60      5.74      1.60      1.35      0.00      0.00      0.00      0.00
09:10:02    tailscale0      5.05      3.45      0.47      0.53      0.00      0.00      0.00      0.00
09:20:04           lo      0.00      0.00      0.00      0.00      0.00      0.00      0.00      0.00
09:20:04         eno1      0.00      0.00      0.00      0.00      0.00      0.00      0.00      0.00
09:20:04      wlp58s0      8.30      6.24      1.86      1.55      0.00      0.00      0.00      0.00
09:20:04    tailscale0      5.54      3.89      0.58      0.65      0.00      0.00      0.00      0.00
09:30:04           lo      0.00      0.00      0.00      0.00      0.00      0.00      0.00      0.00
09:30:04         eno1      0.00      0.00      0.00      0.00      0.00      0.00      0.00      0.00
09:30:04      wlp58s0      7.90      5.85      1.81      1.40      0.00      0.00      0.00      0.00
09:30:04    tailscale0      5.17      3.56      0.49      0.56      0.00      0.00      0.00      0.00
09:40:03           lo      0.00      0.00      0.00      0.00      0.00      0.00      0.00      0.00
09:40:03         eno1      0.00      0.00      0.00      0.00      0.00      0.00      0.00      0.00
09:40:03      wlp58s0      7.84      5.79      1.79      1.36      0.00      0.00      0.00      0.00
09:40:03    tailscale0      5.06      3.44      0.47      0.53      0.00      0.00      0.00      0.00
09:50:02           lo      0.00      0.00      0.00      0.00      0.00      0.00      0.00      0.00
09:50:02         eno1      0.00      0.00      0.00      0.00      0.00      0.00      0.00      0.00
09:50:02      wlp58s0      8.01      5.98      1.83      1.44      0.00      0.00      0.00      0.00
09:50:02    tailscale0      5.27      3.68      0.51      0.58      0.00      0.00      0.00      0.00
10:00:04           lo      0.00      0.00      0.00      0.00      0.00      0.00      0.00      0.00
10:00:04         eno1      0.00      0.00      0.00      0.00      0.00      0.00      0.00      0.00
10:00:04      wlp58s0      7.98      5.95      1.82      1.42      0.00      0.00      0.00      0.00
10:00:04    tailscale0      5.27      3.61      0.50      0.57      0.00      0.00      0.00      0.00
10:10:04           lo      0.00      0.00      0.00      0.00      0.00      0.00      0.00      0.00
10:10:04         eno1      0.00      0.00      0.00      0.00      0.00      0.00      0.00      0.00
10:10:04      wlp58s0      7.94      5.93      1.80      1.40      0.00      0.00      0.00      0.00
10:10:04    tailscale0      5.15      3.55      0.48      0.55      0.00      0.00      0.00      0.00
10:20:04           lo      0.00      0.00      0.00      0.00      0.00      0.00      0.00      0.00
10:20:04         eno1      0.00      0.00      0.00      0.00      0.00      0.00      0.00      0.00
10:20:04      wlp58s0      7.86      5.88      1.80      1.44      0.00      0.00      0.00      0.00
10:20:04    tailscale0      5.41      3.81      0.52      0.60      0.00      0.00      0.00      0.00
10:30:04           lo      0.00      0.00      0.00      0.00      0.00      0.00      0.00      0.00
10:30:04         eno1      0.00      0.00      0.00      0.00      0.00      0.00      0.00      0.00
10:30:04      wlp58s0      7.98      5.93      1.78      1.41      0.00      0.00      0.00      0.00
10:30:04    tailscale0      5.20      3.58      0.50      0.56      0.00      0.00      0.00      0.00
10:40:04           lo      0.00      0.00      0.00      0.00      0.00      0.00      0.00      0.00
10:40:04         eno1      0.00      0.00      0.00      0.00      0.00      0.00      0.00      0.00
10:40:04      wlp58s0      7.82      5.84      1.72      1.38      0.00      0.00      0.00      0.00
10:40:04    tailscale0      5.12      3.51      0.48      0.54      0.00      0.00      0.00      0.00
10:50:04           lo      0.00      0.00      0.00      0.00      0.00      0.00      0.00      0.00
10:50:04         eno1      0.00      0.00      0.00      0.00      0.00      0.00      0.00      0.00
10:50:04      wlp58s0      8.29      6.32      1.86      1.52      0.00      0.00      0.00      0.00
10:50:04    tailscale0      5.55      3.96      0.54      0.62      0.00      0.00      0.00      0.00
11:00:04           lo      0.00      0.00      0.00      0.00      0.00      0.00      0.00      0.00
11:00:04         eno1      0.00      0.00      0.00      0.00      0.00      0.00      0.00      0.00
11:00:04      wlp58s0      8.25      6.24      1.87      1.51      0.00      0.00      0.00      0.00
11:00:04    tailscale0      5.51      3.92      0.53      0.62      0.00      0.00      0.00      0.00
11:10:04           lo      0.00      0.00      0.00      0.00      0.00      0.00      0.00      0.00
11:10:04         eno1      0.00      0.00      0.00      0.00      0.00      0.00      0.00      0.00
11:10:04      wlp58s0      8.04      6.08      1.83      1.44      0.00      0.00      0.00      0.00
11:10:04    tailscale0      5.30      3.73      0.50      0.57      0.00      0.00      0.00      0.00
11:20:04           lo      0.00      0.00      0.00      0.00      0.00      0.00      0.00      0.00
11:20:04         eno1      0.00      0.00      0.00      0.00      0.00      0.00      0.00      0.00
11:20:04      wlp58s0      8.33      6.31      1.91      1.52      0.00      0.00      0.00      0.00
11:20:04    tailscale0      5.52      3.94      0.54      0.62      0.00      0.00      0.00      0.00
11:30:04           lo      0.00      0.00      0.00      0.00      0.00      0.00      0.00      0.00
11:30:04         eno1      0.00      0.00      0.00      0.00      0.00      0.00      0.00      0.00
11:30:04      wlp58s0      8.51      6.63      1.94      1.64      0.00      0.00      0.00      0.00
11:30:04    tailscale0      5.82      4.25      0.61      0.69      0.00      0.00      0.00      0.00
11:40:04           lo      0.00      0.00      0.00      0.00      0.00      0.00      0.00      0.00
11:40:04         eno1      0.00      0.00      0.00      0.00      0.00      0.00      0.00      0.00
11:40:04      wlp58s0      8.35      6.42      1.76      1.57      0.00      0.00      0.00      0.00
11:40:04    tailscale0      5.65      4.07      0.55      0.66      0.00      0.00      0.00      0.00
11:50:04           lo      0.00      0.00      0.00      0.00      0.00      0.00      0.00      0.00
11:50:04         eno1      0.00      0.00      0.00      0.00      0.00      0.00      0.00      0.00
11:50:04      wlp58s0      8.15      6.11      1.82      1.47      0.00      0.00      0.00      0.00
11:50:04    tailscale0      5.40      3.78      0.53      0.60      0.00      0.00      0.00      0.00
12:00:04           lo      0.00      0.00      0.00      0.00      0.00      0.00      0.00      0.00
12:00:04         eno1      0.00      0.00      0.00      0.00      0.00      0.00      0.00      0.00
12:00:04      wlp58s0      7.92      5.93      1.75      1.41      0.00      0.00      0.00      0.00
12:00:04    tailscale0      5.17      3.56      0.50      0.56      0.00      0.00      0.00      0.00
12:10:04           lo      0.00      0.00      0.00      0.00      0.00      0.00      0.00      0.00
12:10:04         eno1      0.00      0.00      0.00      0.00      0.00      0.00      0.00      0.00
12:10:04      wlp58s0      7.88      5.87      1.77      1.38      0.00      0.00      0.00      0.00
12:10:04    tailscale0      5.10      3.50      0.48      0.54      0.00      0.00      0.00      0.00
12:20:04           lo      0.00      0.00      0.00      0.00      0.00      0.00      0.00      0.00
12:20:04         eno1      0.00      0.00      0.00      0.00      0.00      0.00      0.00      0.00
12:20:04      wlp58s0      7.98      5.91      1.82      1.41      0.00      0.00      0.00      0.00
12:20:04    tailscale0      5.20      3.54      0.50      0.56      0.00      0.00      0.00      0.00
12:30:04           lo      0.00      0.00      0.00      0.00      0.00      0.00      0.00      0.00
12:30:04         eno1      0.00      0.00      0.00      0.00      0.00      0.00      0.00      0.00
12:30:04      wlp58s0      8.12      6.08      1.85      1.46      0.00      0.00      0.00      0.00
12:30:04    tailscale0      5.34      3.72      0.51      0.59      0.00      0.00      0.00      0.00
12:40:04           lo      0.00      0.00      0.00      0.00      0.00      0.00      0.00      0.00
12:40:04         eno1      0.00      0.00      0.00      0.00      0.00      0.00      0.00      0.00
12:40:04      wlp58s0      7.96      5.91      1.78      1.40      0.00      0.00      0.00      0.00
12:40:04    tailscale0      5.23      3.57      0.49      0.55      0.00      0.00      0.00      0.00
12:50:04           lo      0.01      0.01      0.00      0.00      0.00      0.00      0.00      0.00
12:50:04         eno1      0.00      0.00      0.00      0.00      0.00      0.00      0.00      0.00
12:50:04      wlp58s0      8.23      6.16      1.85      1.48      0.00      0.00      0.00      0.00
12:50:04    tailscale0      5.46      3.79      0.52      0.60      0.00      0.00      0.00      0.00
13:00:04           lo      0.00      0.00      0.00      0.00      0.00      0.00      0.00      0.00
13:00:04         eno1      0.00      0.00      0.00      0.00      0.00      0.00      0.00      0.00
13:00:04      wlp58s0      8.32      6.29      1.88      1.51      0.00      0.00      0.00      0.00
13:00:04    tailscale0      5.59      3.96      0.54      0.62      0.00      0.00      0.00      0.00
13:10:04           lo      0.00      0.00      0.00      0.00      0.00      0.00      0.00      0.00
13:10:04         eno1      0.00      0.00      0.00      0.00      0.00      0.00      0.00      0.00
13:10:04      wlp58s0      7.83      5.79      1.80      1.40      0.00      0.00      0.00      0.00
13:10:04    tailscale0      5.31      3.71      0.50      0.57      0.00      0.00      0.00      0.00
13:20:04           lo      0.00      0.00      0.00      0.00      0.00      0.00      0.00      0.00
13:20:04         eno1      0.00      0.00      0.00      0.00      0.00      0.00      0.00      0.00
13:20:04      wlp58s0      7.91      5.92      1.82      1.41      0.00      0.00      0.00      0.00
13:20:04    tailscale0      5.20      3.58      0.50      0.56      0.00      0.00      0.00      0.00
13:30:04           lo      0.00      0.00      0.00      0.00      0.00      0.00      0.00      0.00
13:30:04         eno1      0.00      0.00      0.00      0.00      0.00      0.00      0.00      0.00
13:30:04      wlp58s0      8.30      6.21      1.92      1.49      0.00      0.00      0.00      0.00
13:30:04    tailscale0      5.46      3.86      0.53      0.61      0.00      0.00      0.00      0.00
13:40:04           lo      0.00      0.00      0.00      0.00      0.00      0.00      0.00      0.00
13:40:04         eno1      0.00      0.00      0.00      0.00      0.00      0.00      0.00      0.00
13:40:04      wlp58s0      8.58      6.53      2.02      1.59      0.00      0.00      0.00      0.00
13:40:04    tailscale0      5.78      4.16      0.59      0.66      0.00      0.00      0.00      0.00
13:50:04           lo      0.00      0.00      0.00      0.00      0.00      0.00      0.00      0.00
13:50:04         eno1      0.00      0.00      0.00      0.00      0.00      0.00      0.00      0.00
13:50:04      wlp58s0      8.50      6.40      1.96      1.55      0.00      0.00      0.00      0.00
13:50:04    tailscale0      5.73      4.08      0.55      0.64      0.00      0.00      0.00      0.00
14:00:04           lo      0.00      0.00      0.00      0.00      0.00      0.00      0.00      0.00
14:00:04         eno1      0.00      0.00      0.00      0.00      0.00      0.00      0.00      0.00
14:00:04      wlp58s0      8.61      6.59      2.01      1.65      0.00      0.00      0.00      0.00
14:00:04    tailscale0      5.87      4.25      0.59      0.71      0.00      0.00      0.00      0.00
14:10:04           lo      0.00      0.00      0.00      0.00      0.00      0.00      0.00      0.00
14:10:04         eno1      0.00      0.00      0.00      0.00      0.00      0.00      0.00      0.00
14:10:04      wlp58s0      7.92      5.76      1.85      1.35      0.00      0.00      0.00      0.00
14:10:04    tailscale0      5.18      3.42      0.48      0.53      0.00      0.00      0.00      0.00
14:20:02           lo      0.00      0.00      0.00      0.00      0.00      0.00      0.00      0.00
14:20:02         eno1      0.00      0.00      0.00      0.00      0.00      0.00      0.00      0.00
14:20:02      wlp58s0      7.99      5.77      1.85      1.36      0.00      0.00      0.00      0.00
14:20:02    tailscale0      5.22      3.44      0.49      0.54      0.00      0.00      0.00      0.00
14:30:04           lo      0.00      0.00      0.00      0.00      0.00      0.00      0.00      0.00
14:30:04         eno1      0.00      0.00      0.00      0.00      0.00      0.00      0.00      0.00
14:30:04      wlp58s0      7.96      5.74      1.84      1.36      0.00      0.00      0.00      0.00
14:30:04    tailscale0      5.19      3.39      0.49      0.54      0.00      0.00      0.00      0.00
14:40:04           lo      0.00      0.00      0.00      0.00      0.00      0.00      0.00      0.00
14:40:04         eno1      0.00      0.00      0.00      0.00      0.00      0.00      0.00      0.00
14:40:04      wlp58s0      8.07      6.02      1.87      1.43      0.00      0.00      0.00      0.00
14:40:04    tailscale0      5.32      3.69      0.50      0.57      0.00      0.00      0.00      0.00
14:50:04           lo      0.00      0.00      0.00      0.00      0.00      0.00      0.00      0.00
14:50:04         eno1      0.00      0.00      0.00      0.00      0.00      0.00      0.00      0.00
14:50:04      wlp58s0      8.00      5.91      1.87      1.41      0.00      0.00      0.00      0.00
14:50:04    tailscale0      5.25      3.58      0.50      0.57      0.00      0.00      0.00      0.00
15:00:04           lo      0.00      0.00      0.00      0.00      0.00      0.00      0.00      0.00
15:00:04         eno1      0.00      0.00      0.00      0.00      0.00      0.00      0.00      0.00
15:00:04      wlp58s0      8.02      5.93      1.86      1.41      0.00      0.00      0.00      0.00
15:00:04    tailscale0      5.23      3.56      0.50      0.56      0.00      0.00      0.00      0.00
15:10:04           lo      0.00      0.00      0.00      0.00      0.00      0.00      0.00      0.00
15:10:04         eno1      0.00      0.00      0.00      0.00      0.00      0.00      0.00      0.00
15:10:04      wlp58s0      8.06      5.99      1.85      1.42      0.00      0.00      0.00      0.00
15:10:04    tailscale0      5.28      3.64      0.49      0.56      0.00      0.00      0.00      0.00
15:20:04           lo      0.00      0.00      0.00      0.00      0.00      0.00      0.00      0.00
15:20:04         eno1      0.00      0.00      0.00      0.00      0.00      0.00      0.00      0.00
15:20:04      wlp58s0      7.88      5.89      1.78      1.40      0.00      0.00      0.00      0.00
15:20:04    tailscale0      5.12      3.51      0.49      0.55      0.00      0.00      0.00      0.00
15:30:04           lo      0.00      0.00      0.00      0.00      0.00      0.00      0.00      0.00
15:30:04         eno1      0.00      0.00      0.00      0.00      0.00      0.00      0.00      0.00
15:30:04      wlp58s0      8.19      6.16      1.84      1.48      0.00      0.00      0.00      0.00
15:30:04    tailscale0      5.44      3.82      0.52      0.60      0.00      0.00      0.00      0.00
15:40:04           lo      0.00      0.00      0.00      0.00      0.00      0.00      0.00      0.00
15:40:04         eno1      0.00      0.00      0.00      0.00      0.00      0.00      0.00      0.00
15:40:04      wlp58s0      8.14      6.16      1.83      1.47      0.00      0.00      0.00      0.00
15:40:04    tailscale0      5.43      3.82      0.51      0.59      0.00      0.00      0.00      0.00
15:50:04           lo      0.00      0.00      0.00      0.00      0.00      0.00      0.00      0.00
15:50:04         eno1      0.00      0.00      0.00      0.00      0.00      0.00      0.00      0.00
15:50:04      wlp58s0      8.19      6.13      1.82      1.47      0.00      0.00      0.00      0.00
15:50:04    tailscale0      5.44      3.78      0.52      0.60      0.00      0.00      0.00      0.00
16:00:04           lo      0.00      0.00      0.00      0.00      0.00      0.00      0.00      0.00
16:00:04         eno1      0.00      0.00      0.00      0.00      0.00      0.00      0.00      0.00
16:00:04      wlp58s0      7.91      5.85      1.78      1.38      0.00      0.00      0.00      0.00
16:00:04    tailscale0      5.22      3.54      0.50      0.56      0.00      0.00      0.00      0.00
16:10:04           lo      0.00      0.00      0.00      0.00      0.00      0.00      0.00      0.00
16:10:04         eno1      0.00      0.00      0.00      0.00      0.00      0.00      0.00      0.00
16:10:04      wlp58s0      8.11      6.10      1.81      1.44      0.00      0.00      0.00      0.00
16:10:04    tailscale0      5.34      3.75      0.50      0.58      0.00      0.00      0.00      0.00
16:20:04           lo      0.00      0.00      0.00      0.00      0.00      0.00      0.00      0.00
16:20:04         eno1      0.00      0.00      0.00      0.00      0.00      0.00      0.00      0.00
16:20:04      wlp58s0      8.58      6.56      1.96      1.67      0.00      0.00      0.00      0.00
16:20:04    tailscale0      6.08      4.45      0.66      0.74      0.00      0.00      0.00      0.00
16:30:04           lo      0.00      0.00      0.00      0.00      0.00      0.00      0.00      0.00
16:30:04         eno1      0.00      0.00      0.00      0.00      0.00      0.00      0.00      0.00
16:30:04      wlp58s0      8.23      6.19      1.84      1.49      0.00      0.00      0.00      0.00
16:30:04    tailscale0      5.53      3.86      0.54      0.61      0.00      0.00      0.00      0.00
16:40:02           lo      0.00      0.00      0.00      0.00      0.00      0.00      0.00      0.00
16:40:02         eno1      0.00      0.00      0.00      0.00      0.00      0.00      0.00      0.00
16:40:02      wlp58s0      8.05      6.00      1.80      1.43      0.00      0.00      0.00      0.00
16:40:02    tailscale0      5.30      3.66      0.50      0.57      0.00      0.00      0.00      0.00
16:50:04           lo      0.00      0.00      0.00      0.00      0.00      0.00      0.00      0.00
16:50:04         eno1      0.00      0.00      0.00      0.00      0.00      0.00      0.00      0.00
16:50:04      wlp58s0      7.89      5.87      1.74      1.40      0.00      0.00      0.00      0.00
16:50:04    tailscale0      5.20      3.54      0.49      0.56      0.00      0.00      0.00      0.00
17:00:04           lo      0.00      0.00      0.00      0.00      0.00      0.00      0.00      0.00
17:00:04         eno1      0.00      0.00      0.00      0.00      0.00      0.00      0.00      0.00
17:00:04      wlp58s0      8.28      6.35      1.84      1.53      0.00      0.00      0.00      0.00
17:00:04    tailscale0      5.55      3.97      0.54      0.63      0.00      0.00      0.00      0.00
17:10:04           lo      0.00      0.00      0.00      0.00      0.00      0.00      0.00      0.00
17:10:04         eno1      0.00      0.00      0.00      0.00      0.00      0.00      0.00      0.00
17:10:04      wlp58s0      7.93      5.86      1.75      1.38      0.00      0.00      0.00      0.00
17:10:04    tailscale0      5.21      3.54      0.48      0.55      0.00      0.00      0.00      0.00
17:20:04           lo      0.00      0.00      0.00      0.00      0.00      0.00      0.00      0.00
17:20:04         eno1      0.00      0.00      0.00      0.00      0.00      0.00      0.00      0.00
17:20:04      wlp58s0      8.01      5.98      1.79      1.43      0.00      0.00      0.00      0.00
17:20:04    tailscale0      5.29      3.65      0.51      0.58      0.00      0.00      0.00      0.00
17:30:02           lo      0.00      0.00      0.00      0.00      0.00      0.00      0.00      0.00
17:30:02         eno1      0.00      0.00      0.00      0.00      0.00      0.00      0.00      0.00
17:30:02      wlp58s0      8.05      6.01      1.80      1.45      0.00      0.00      0.00      0.00
17:30:02    tailscale0      5.35      3.70      0.51      0.58      0.00      0.00      0.00      0.00
17:40:04           lo      0.00      0.00      0.00      0.00      0.00      0.00      0.00      0.00
17:40:04         eno1      0.00      0.00      0.00      0.00      0.00      0.00      0.00      0.00
17:40:04      wlp58s0      8.05      6.04      1.81      1.44      0.00      0.00      0.00      0.00
17:40:04    tailscale0      5.31      3.72      0.50      0.57      0.00      0.00      0.00      0.00
17:50:04           lo      0.00      0.00      0.00      0.00      0.00      0.00      0.00      0.00
17:50:04         eno1      0.00      0.00      0.00      0.00      0.00      0.00      0.00      0.00
17:50:04      wlp58s0      7.98      5.96      1.77      1.44      0.00      0.00      0.00      0.00
17:50:04    tailscale0      5.27      3.65      0.51      0.58      0.00      0.00      0.00      0.00
18:00:04           lo      0.00      0.00      0.00      0.00      0.00      0.00      0.00      0.00
18:00:04         eno1      0.00      0.00      0.00      0.00      0.00      0.00      0.00      0.00
18:00:04      wlp58s0      8.30      6.27      1.84      1.51      0.00      0.00      0.00      0.00
18:00:04    tailscale0      5.55      3.94      0.54      0.62      0.00      0.00      0.00      0.00
18:10:02           lo      0.01      0.01      0.00      0.00      0.00      0.00      0.00      0.00
18:10:02         eno1      0.00      0.00      0.00      0.00      0.00      0.00      0.00      0.00
18:10:02      wlp58s0      8.79      6.99      2.04      2.06      0.00      0.00      0.00      0.00
18:10:02    tailscale0      6.01      4.48      0.64      1.07      0.00      0.00      0.00      0.00
18:20:04           lo      0.00      0.00      0.00      0.00      0.00      0.00      0.00      0.00
18:20:04         eno1      0.00      0.00      0.00      0.00      0.00      0.00      0.00      0.00
18:20:04      wlp58s0      8.22      6.19      1.83      1.49      0.00      0.00      0.00      0.00
18:20:04    tailscale0      5.48      3.85      0.53      0.61      0.00      0.00      0.00      0.00
18:30:04           lo      0.00      0.00      0.00      0.00      0.00      0.00      0.00      0.00
18:30:04         eno1      0.00      0.00      0.00      0.00      0.00      0.00      0.00      0.00
18:30:04      wlp58s0      8.11      6.04      1.84      1.45      0.00      0.00      0.00      0.00
18:30:04    tailscale0      5.35      3.70      0.51      0.58      0.00      0.00      0.00      0.00
18:40:04           lo      0.00      0.00      0.00      0.00      0.00      0.00      0.00      0.00
18:40:04         eno1      0.00      0.00      0.00      0.00      0.00      0.00      0.00      0.00
18:40:04      wlp58s0      8.06      6.05      1.78      1.43      0.00      0.00      0.00      0.00
18:40:04    tailscale0      5.25      3.67      0.49      0.57      0.00      0.00      0.00      0.00
18:50:02           lo      0.00      0.00      0.00      0.00      0.00      0.00      0.00      0.00
18:50:02         eno1      0.00      0.00      0.00      0.00      0.00      0.00      0.00      0.00
18:50:02      wlp58s0      8.28      6.26      1.86      1.50      0.00      0.00      0.00      0.00
18:50:02    tailscale0      5.46      3.86      0.53      0.61      0.00      0.00      0.00      0.00
19:00:04           lo      0.00      0.00      0.00      0.00      0.00      0.00      0.00      0.00
19:00:04         eno1      0.00      0.00      0.00      0.00      0.00      0.00      0.00      0.00
19:00:04      wlp58s0      8.34      6.30      1.87      1.51      0.00      0.00      0.00      0.00
19:00:04    tailscale0      5.53      3.92      0.53      0.62      0.00      0.00      0.00      0.00
19:10:04           lo      0.00      0.00      0.00      0.00      0.00      0.00      0.00      0.00
19:10:04         eno1      0.00      0.00      0.00      0.00      0.00      0.00      0.00      0.00
19:10:04      wlp58s0      7.77      5.63      1.80      1.36      0.00      0.00      0.00      0.00
19:10:04    tailscale0      5.19      3.50      0.49      0.55      0.00      0.00      0.00      0.00
19:20:04           lo      0.00      0.00      0.00      0.00      0.00      0.00      0.00      0.00
19:20:04         eno1      0.00      0.00      0.00      0.00      0.00      0.00      0.00      0.00
19:20:04      wlp58s0      7.83      5.77      1.74      1.35      0.00      0.00      0.00      0.00
19:20:04    tailscale0      5.05      3.40      0.47      0.52      0.00      0.00      0.00      0.00
19:30:02           lo      0.00      0.00      0.00      0.00      0.00      0.00      0.00      0.00
19:30:02         eno1      0.00      0.00      0.00      0.00      0.00      0.00      0.00      0.00
19:30:02      wlp58s0      8.05      5.90      1.82      1.40      0.00      0.00      0.00      0.00
19:30:02    tailscale0      5.23      3.53      0.50      0.56      0.00      0.00      0.00      0.00
19:40:04           lo      0.00      0.00      0.00      0.00      0.00      0.00      0.00      0.00
19:40:04         eno1      0.00      0.00      0.00      0.00      0.00      0.00      0.00      0.00
19:40:04      wlp58s0      7.93      5.92      1.79      1.40      0.00      0.00      0.00      0.00
19:40:04    tailscale0      5.15      3.52      0.49      0.56      0.00      0.00      0.00      0.00
19:50:04           lo      0.03      0.03      0.00      0.00      0.00      0.00      0.00      0.00
19:50:04         eno1      0.00      0.00      0.00      0.00      0.00      0.00      0.00      0.00
19:50:04      wlp58s0     10.25      6.18      5.18      1.43      0.00      0.00      0.00      0.00
19:50:04    tailscale0      5.15      3.56      0.48      0.55      0.00      0.00      0.00      0.00
20:00:04           lo      0.00      0.00      0.00      0.00      0.00      0.00      0.00      0.00
20:00:04         eno1      0.00      0.00      0.00      0.00      0.00      0.00      0.00      0.00
20:00:04      wlp58s0      8.19      6.18      1.84      1.48      0.00      0.00      0.00      0.00
20:00:04    tailscale0      5.42      3.81      0.52      0.60      0.00      0.00      0.00      0.00
20:10:02           lo      0.00      0.00      0.00      0.00      0.00      0.00      0.00      0.00
20:10:02         eno1      0.00      0.00      0.00      0.00      0.00      0.00      0.00      0.00
20:10:02      wlp58s0      8.83      7.12      1.98      2.27      0.00      0.00      0.00      0.00
20:10:02    tailscale0      6.08      4.52      0.62      1.26      0.00      0.00      0.00      0.00
20:20:04           lo      0.00      0.00      0.00      0.00      0.00      0.00      0.00      0.00
20:20:04         eno1      0.00      0.00      0.00      0.00      0.00      0.00      0.00      0.00
20:20:04      wlp58s0      8.21      6.25      1.81      1.50      0.00      0.00      0.00      0.00
20:20:04    tailscale0      5.52      3.94      0.53      0.61      0.00      0.00      0.00      0.00
20:30:02           lo      0.00      0.00      0.00      0.00      0.00      0.00      0.00      0.00
20:30:02         eno1      0.00      0.00      0.00      0.00      0.00      0.00      0.00      0.00
20:30:02      wlp58s0      8.11      6.14      1.83      1.46      0.00      0.00      0.00      0.00
20:30:02    tailscale0      5.36      3.78      0.52      0.60      0.00      0.00      0.00      0.00
20:40:04           lo      0.00      0.00      0.00      0.00      0.00      0.00      0.00      0.00
20:40:04         eno1      0.00      0.00      0.00      0.00      0.00      0.00      0.00      0.00
20:40:04      wlp58s0      8.11      6.11      1.78      1.45      0.00      0.00      0.00      0.00
20:40:04    tailscale0      5.36      3.74      0.52      0.59      0.00      0.00      0.00      0.00
20:50:04           lo      0.00      0.00      0.00      0.00      0.00      0.00      0.00      0.00
20:50:04         eno1      0.00      0.00      0.00      0.00      0.00      0.00      0.00      0.00
20:50:04      wlp58s0      7.95      5.94      1.76      1.41      0.00      0.00      0.00      0.00
20:50:04    tailscale0      5.22      3.61      0.49      0.56      0.00      0.00      0.00      0.00
21:00:04           lo      0.00      0.00      0.00      0.00      0.00      0.00      0.00      0.00
21:00:04         eno1      0.00      0.00      0.00      0.00      0.00      0.00      0.00      0.00
21:00:04      wlp58s0      8.16      6.15      1.82      1.48      0.00      0.00      0.00      0.00
21:00:04    tailscale0      5.43      3.84      0.53      0.61      0.00      0.00      0.00      0.00
21:10:02           lo      0.00      0.00      0.00      0.00      0.00      0.00      0.00      0.00
21:10:02         eno1      0.00      0.00      0.00      0.00      0.00      0.00      0.00      0.00
21:10:02      wlp58s0      7.87      5.94      1.78      1.46      0.00      0.00      0.00      0.00
21:10:02    tailscale0      5.44      3.88      0.53      0.61      0.00      0.00      0.00      0.00
21:20:04           lo      0.00      0.00      0.00      0.00      0.00      0.00      0.00      0.00
21:20:04         eno1      0.00      0.00      0.00      0.00      0.00      0.00      0.00      0.00
21:20:04      wlp58s0      8.07      6.07      1.82      1.45      0.00      0.00      0.00      0.00
21:20:04    tailscale0      5.33      3.74      0.50      0.58      0.00      0.00      0.00      0.00
21:30:04           lo      0.00      0.00      0.00      0.00      0.00      0.00      0.00      0.00
21:30:04         eno1      0.00      0.00      0.00      0.00      0.00      0.00      0.00      0.00
21:30:04      wlp58s0      8.22      6.25      1.82      1.51      0.00      0.00      0.00      0.00
21:30:04    tailscale0      5.49      3.90      0.53      0.62      0.00      0.00      0.00      0.00
21:40:04           lo      0.00      0.00      0.00      0.00      0.00      0.00      0.00      0.00
21:40:04         eno1      0.00      0.00      0.00      0.00      0.00      0.00      0.00      0.00
21:40:04      wlp58s0      8.29      6.27      1.87      1.52      0.00      0.00      0.00      0.00
21:40:04    tailscale0      5.55      3.96      0.54      0.62      0.00      0.00      0.00      0.00
21:50:02           lo      0.00      0.00      0.00      0.00      0.00      0.00      0.00      0.00
21:50:02         eno1      0.00      0.00      0.00      0.00      0.00      0.00      0.00      0.00
21:50:02      wlp58s0      8.51      6.70      1.92      1.92      0.00      0.00      0.00      0.00
21:50:02    tailscale0      5.75      4.20      0.56      0.97      0.00      0.00      0.00      0.00
22:00:04           lo      0.00      0.00      0.00      0.00      0.00      0.00      0.00      0.00
22:00:04         eno1      0.00      0.00      0.00      0.00      0.00      0.00      0.00      0.00
22:00:04      wlp58s0      8.15      6.21      1.87      1.50      0.00      0.00      0.00      0.00
22:00:04    tailscale0      5.43      3.87      0.53      0.61      0.00      0.00      0.00      0.00
22:10:04           lo      0.00      0.00      0.00      0.00      0.00      0.00      0.00      0.00
22:10:04         eno1      0.00      0.00      0.00      0.00      0.00      0.00      0.00      0.00
22:10:04      wlp58s0      8.12      6.11      1.85      1.46      0.00      0.00      0.00      0.00
22:10:04    tailscale0      5.37      3.77      0.52      0.60      0.00      0.00      0.00      0.00
22:20:04           lo      0.00      0.00      0.00      0.00      0.00      0.00      0.00      0.00
22:20:04         eno1      0.00      0.00      0.00      0.00      0.00      0.00      0.00      0.00
22:20:04      wlp58s0      8.03      6.09      1.78      1.44      0.00      0.00      0.00      0.00
22:20:04    tailscale0      5.33      3.75      0.50      0.58      0.00      0.00      0.00      0.00
22:30:02           lo      0.00      0.00      0.00      0.00      0.00      0.00      0.00      0.00
22:30:02         eno1      0.00      0.00      0.00      0.00      0.00      0.00      0.00      0.00
22:30:02      wlp58s0      8.25      6.18      1.87      1.48      0.00      0.00      0.00      0.00
22:30:02    tailscale0      5.46      3.83      0.53      0.60      0.00      0.00      0.00      0.00
22:40:04           lo      0.00      0.00      0.00      0.00      0.00      0.00      0.00      0.00
22:40:04         eno1      0.00      0.00      0.00      0.00      0.00      0.00      0.00      0.00
22:40:04      wlp58s0      8.25      6.28      1.85      1.51      0.00      0.00      0.00      0.00
22:40:04    tailscale0      5.52      3.93      0.54      0.62      0.00      0.00      0.00      0.00
22:50:04           lo      0.00      0.00      0.00      0.00      0.00      0.00      0.00      0.00
22:50:04         eno1      0.00      0.00      0.00      0.00      0.00      0.00      0.00      0.00
22:50:04      wlp58s0      8.08      6.06      1.84      1.44      0.00      0.00      0.00      0.00
22:50:04    tailscale0      5.34      3.77      0.50      0.58      0.00      0.00      0.00      0.00
23:00:04           lo      0.00      0.00      0.00      0.00      0.00      0.00      0.00      0.00
23:00:04         eno1      0.00      0.00      0.00      0.00      0.00      0.00      0.00      0.00
23:00:04      wlp58s0      8.05      6.05      1.84      1.45      0.00      0.00      0.00      0.00
23:00:04    tailscale0      5.29      3.69      0.51      0.58      0.00      0.00      0.00      0.00
23:10:04           lo      0.00      0.00      0.00      0.00      0.00      0.00      0.00      0.00
23:10:04         eno1      0.00      0.00      0.00      0.00      0.00      0.00      0.00      0.00
23:10:04      wlp58s0      8.01      6.03      1.83      1.45      0.00      0.00      0.00      0.00
23:10:04    tailscale0      5.31      3.75      0.51      0.59      0.00      0.00      0.00      0.00
23:20:04           lo      0.00      0.00      0.00      0.00      0.00      0.00      0.00      0.00
23:20:04         eno1      0.00      0.00      0.00      0.00      0.00      0.00      0.00      0.00
23:20:04      wlp58s0      7.87      5.91      1.77      1.39      0.00      0.00      0.00      0.00
23:20:04    tailscale0      5.14      3.57      0.48      0.55      0.00      0.00      0.00      0.00
23:30:04           lo      0.00      0.00      0.00      0.00      0.00      0.00      0.00      0.00
23:30:04         eno1      0.00      0.00      0.00      0.00      0.00      0.00      0.00      0.00
23:30:04      wlp58s0      7.71      5.76      1.76      1.42      0.00      0.00      0.00      0.00
23:30:04    tailscale0      5.30      3.73      0.51      0.59      0.00      0.00      0.00      0.00
23:40:04           lo      0.00      0.00      0.00      0.00      0.00      0.00      0.00      0.00
23:40:04         eno1      0.00      0.00      0.00      0.00      0.00      0.00      0.00      0.00
23:40:04      wlp58s0      8.40      6.39      1.91      1.54      0.00      0.00      0.00      0.00
23:40:04    tailscale0      5.62      4.03      0.55      0.64      0.00      0.00      0.00      0.00
23:50:04           lo      0.00      0.00      0.00      0.00      0.00      0.00      0.00      0.00
23:50:04         eno1      0.00      0.00      0.00      0.00      0.00      0.00      0.00      0.00
23:50:04      wlp58s0      8.47      6.45      1.94      1.57      0.00      0.00      0.00      0.00
23:50:04    tailscale0      5.68      4.10      0.57      0.65      0.00      0.00      0.00      0.00
Average:           lo      0.00      0.00      0.00      0.00      0.00      0.00      0.00      0.00
Average:         eno1      0.00      0.00      0.00      0.00      0.00      0.00      0.00      0.00
Average:      wlp58s0      7.90      5.93      1.83      1.43      0.00      0.00      0.00      0.00
Average:    tailscale0      5.19      3.64      0.50      0.58      0.00      0.00      0.00      0.00
### SAR_NET_SA29
Linux 6.8.0-138-generic (pgain-nuc) 	08/29/26 	_x86_64_	(4 CPU)

00:00:04        IFACE   rxpck/s   txpck/s    rxkB/s    txkB/s   rxcmp/s   txcmp/s  rxmcst/s   %ifutil
00:10:02           lo      0.00      0.00      0.00      0.00      0.00      0.00      0.00      0.00
00:10:02         eno1      0.00      0.00      0.00      0.00      0.00      0.00      0.00      0.00
00:10:02      wlp58s0      8.54      6.49      1.92      1.60      0.00      0.00      0.00      0.00
00:10:02    tailscale0      5.76      4.10      0.60      0.68      0.00      0.00      0.00      0.00
00:20:04           lo      0.00      0.00      0.00      0.00      0.00      0.00      0.00      0.00
00:20:04         eno1      0.00      0.00      0.00      0.00      0.00      0.00      0.00      0.00
00:20:04      wlp58s0      8.54      6.62      1.89      1.63      0.00      0.00      0.00      0.00
00:20:04    tailscale0      5.84      4.28      0.60      0.69      0.00      0.00      0.00      0.00
00:30:03           lo      0.00      0.00      0.00      0.00      0.00      0.00      0.00      0.00
00:30:03         eno1      0.00      0.00      0.00      0.00      0.00      0.00      0.00      0.00
00:30:03      wlp58s0      8.35      6.33      1.89      1.56      0.00      0.00      0.00      0.00
00:30:03    tailscale0      5.62      4.00      0.58      0.66      0.00      0.00      0.00      0.00
00:40:04           lo      0.00      0.00      0.00      0.00      0.00      0.00      0.00      0.00
00:40:04         eno1      0.00      0.00      0.00      0.00      0.00      0.00      0.00      0.00
00:40:04      wlp58s0      8.61      7.33      1.91      2.84      0.00      0.00      0.00      0.00
00:40:04    tailscale0      5.93      4.46      0.61      1.79      0.00      0.00      0.00      0.00
00:50:02           lo      0.00      0.00      0.00      0.00      0.00      0.00      0.00      0.00
00:50:02         eno1      0.00      0.00      0.00      0.00      0.00      0.00      0.00      0.00
00:50:02      wlp58s0      7.80      5.92      1.69      1.40      0.00      0.00      0.00      0.00
00:50:02    tailscale0      5.10      3.58      0.48      0.55      0.00      0.00      0.00      0.00
01:00:04           lo      0.00      0.00      0.00      0.00      0.00      0.00      0.00      0.00
01:00:04         eno1      0.00      0.00      0.00      0.00      0.00      0.00      0.00      0.00
01:00:04      wlp58s0      8.09      6.18      1.68      1.49      0.00      0.00      0.00      0.00
01:00:04    tailscale0      5.42      3.84      0.53      0.61      0.00      0.00      0.00      0.00
01:10:04           lo      0.00      0.00      0.00      0.00      0.00      0.00      0.00      0.00
01:10:04         eno1      0.00      0.00      0.00      0.00      0.00      0.00      0.00      0.00
01:10:04      wlp58s0      7.91      5.99      1.64      1.44      0.00      0.00      0.00      0.00
01:10:04    tailscale0      5.28      3.70      0.51      0.59      0.00      0.00      0.00      0.00
01:20:04           lo      0.00      0.00      0.00      0.00      0.00      0.00      0.00      0.00
01:20:04         eno1      0.00      0.00      0.00      0.00      0.00      0.00      0.00      0.00
01:20:04      wlp58s0      7.80      5.88      1.60      1.39      0.00      0.00      0.00      0.00
01:20:04    tailscale0      5.12      3.56      0.48      0.55      0.00      0.00      0.00      0.00
01:30:04           lo      0.00      0.00      0.00      0.00      0.00      0.00      0.00      0.00
01:30:04         eno1      0.00      0.00      0.00      0.00      0.00      0.00      0.00      0.00
01:30:04      wlp58s0      7.91      5.94      1.74      1.42      0.00      0.00      0.00      0.00
01:30:04    tailscale0      5.19      3.61      0.50      0.57      0.00      0.00      0.00      0.00
01:40:04           lo      0.00      0.00      0.00      0.00      0.00      0.00      0.00      0.00
01:40:04         eno1      0.00      0.00      0.00      0.00      0.00      0.00      0.00      0.00
01:40:04      wlp58s0      8.02      6.10      1.78      1.46      0.00      0.00      0.00      0.00
01:40:04    tailscale0      5.32      3.75      0.51      0.59      0.00      0.00      0.00      0.00
01:50:04           lo      0.00      0.00      0.00      0.00      0.00      0.00      0.00      0.00
01:50:04         eno1      0.00      0.00      0.00      0.00      0.00      0.00      0.00      0.00
01:50:04      wlp58s0      7.88      5.95      1.75      1.41      0.00      0.00      0.00      0.00
01:50:04    tailscale0      5.20      3.66      0.49      0.56      0.00      0.00      0.00      0.00
02:00:04           lo      0.01      0.01      0.00      0.00      0.00      0.00      0.00      0.00
02:00:04         eno1      0.00      0.00      0.00      0.00      0.00      0.00      0.00      0.00
02:00:04      wlp58s0      8.06      6.13      1.75      1.47      0.00      0.00      0.00      0.00
02:00:04    tailscale0      5.33      3.76      0.52      0.59      0.00      0.00      0.00      0.00
02:10:04           lo      0.00      0.00      0.00      0.00      0.00      0.00      0.00      0.00
02:10:04         eno1      0.00      0.00      0.00      0.00      0.00      0.00      0.00      0.00
02:10:04      wlp58s0      7.92      5.95      1.78      1.47      0.00      0.00      0.00      0.00
02:10:04    tailscale0      5.53      3.93      0.54      0.62      0.00      0.00      0.00      0.00
Average:           lo      0.00      0.00      0.00      0.00      0.00      0.00      0.00      0.00
Average:         eno1      0.00      0.00      0.00      0.00      0.00      0.00      0.00      0.00
Average:      wlp58s0      8.11      6.22      1.77      1.59      0.00      0.00      0.00      0.00
Average:    tailscale0      5.43      3.86      0.53      0.70      0.00      0.00      0.00      0.00
### SAR_NET_SA30
Linux 6.8.0-138-generic (pgain-nuc) 	08/30/26 	_x86_64_	(4 CPU)

00:32:34     LINUX RESTART	(4 CPU)

00:40:05        IFACE   rxpck/s   txpck/s    rxkB/s    txkB/s   rxcmp/s   txcmp/s  rxmcst/s   %ifutil
00:50:05           lo      0.00      0.00      0.00      0.00      0.00      0.00      0.00      0.00
00:50:05         eno1      0.00      0.00      0.00      0.00      0.00      0.00      0.00      0.00
00:50:05      wlp58s0      8.15      6.28      1.82      1.53      0.00      0.00      0.00      0.00
00:50:05    tailscale0      5.44      3.91      0.53      0.62      0.00      0.00      0.00      0.00
01:00:05           lo      0.01      0.01      0.00      0.00      0.00      0.00      0.00      0.00
01:00:05         eno1      0.00      0.00      0.00      0.00      0.00      0.00      0.00      0.00
01:00:05      wlp58s0      8.27      6.37      1.83      1.54      0.00      0.00      0.00      0.00
01:00:05    tailscale0      5.55      4.01      0.54      0.63      0.00      0.00      0.00      0.00
01:10:05           lo      0.00      0.00      0.00      0.00      0.00      0.00      0.00      0.00
01:10:05         eno1      0.00      0.00      0.00      0.00      0.00      0.00      0.00      0.00
01:10:05      wlp58s0      8.11      6.22      1.77      1.49      0.00      0.00      0.00      0.00
01:10:05    tailscale0      5.47      3.93      0.52      0.61      0.00      0.00      0.00      0.00
01:20:05           lo      0.00      0.00      0.00      0.00      0.00      0.00      0.00      0.00
01:20:05         eno1      0.00      0.00      0.00      0.00      0.00      0.00      0.00      0.00
01:20:05      wlp58s0      8.19      6.30      1.80      1.53      0.00      0.00      0.00      0.00
01:20:05    tailscale0      5.53      3.98      0.54      0.63      0.00      0.00      0.00      0.00
01:30:05           lo      0.00      0.00      0.00      0.00      0.00      0.00      0.00      0.00
01:30:05         eno1      0.00      0.00      0.00      0.00      0.00      0.00      0.00      0.00
01:30:05      wlp58s0      8.15      6.30      1.80      1.52      0.00      0.00      0.00      0.00
01:30:05    tailscale0      5.48      3.96      0.54      0.63      0.00      0.00      0.00      0.00
01:40:05           lo      0.00      0.00      0.00      0.00      0.00      0.00      0.00      0.00
01:40:05         eno1      0.00      0.00      0.00      0.00      0.00      0.00      0.00      0.00
01:40:05      wlp58s0      8.00      6.19      1.76      1.48      0.00      0.00      0.00      0.00
01:40:05    tailscale0      5.33      3.83      0.51      0.59      0.00      0.00      0.00      0.00
01:50:05           lo      0.01      0.01      0.00      0.00      0.00      0.00      0.00      0.00
01:50:05         eno1      0.00      0.00      0.00      0.00      0.00      0.00      0.00      0.00
01:50:05      wlp58s0      7.85      5.96      1.80      1.47      0.00      0.00      0.00      0.00
01:50:05    tailscale0      5.45      3.92      0.53      0.62      0.00      0.00      0.00      0.00
02:00:05           lo      0.01      0.01      0.00      0.00      0.00      0.00      0.00      0.00
02:00:05         eno1      0.00      0.00      0.00      0.00      0.00      0.00      0.00      0.00
02:00:05      wlp58s0      8.24      6.33      1.82      1.53      0.00      0.00      0.00      0.00
02:00:05    tailscale0      5.45      3.92      0.53      0.62      0.00      0.00      0.00      0.00
02:10:05           lo      0.00      0.00      0.00      0.00      0.00      0.00      0.00      0.00
02:10:05         eno1      0.00      0.00      0.00      0.00      0.00      0.00      0.00      0.00
02:10:05      wlp58s0      7.96      6.14      1.73      1.47      0.00      0.00      0.00      0.00
02:10:05    tailscale0      5.35      3.84      0.51      0.59      0.00      0.00      0.00      0.00
02:20:03           lo      0.01      0.01      0.00      0.00      0.00      0.00      0.00      0.00
02:20:03         eno1      0.00      0.00      0.00      0.00      0.00      0.00      0.00      0.00
02:20:03      wlp58s0      8.11      6.29      1.77      1.52      0.00      0.00      0.00      0.00
02:20:03    tailscale0      5.45      3.93      0.53      0.62      0.00      0.00      0.00      0.00
02:30:05           lo      0.00      0.00      0.00      0.00      0.00      0.00      0.00      0.00
02:30:05         eno1      0.00      0.00      0.00      0.00      0.00      0.00      0.00      0.00
02:30:05      wlp58s0      8.82      6.99      1.99      1.78      0.00      0.00      0.00      0.00
02:30:05    tailscale0      6.19      4.66      0.69      0.79      0.00      0.00      0.00      0.00
02:40:03           lo      0.00      0.00      0.00      0.00      0.00      0.00      0.00      0.00
02:40:03         eno1      0.00      0.00      0.00      0.00      0.00      0.00      0.00      0.00
02:40:03      wlp58s0      8.71      6.77      2.00      1.68      0.00      0.00      0.00      0.00
02:40:03    tailscale0      5.95      4.37      0.62      0.72      0.00      0.00      0.00      0.00
02:50:01           lo      0.00      0.00      0.00      0.00      0.00      0.00      0.00      0.00
02:50:01         eno1      0.00      0.00      0.00      0.00      0.00      0.00      0.00      0.00
02:50:01      wlp58s0      8.61      6.74      1.95      1.68      0.00      0.00      0.00      0.00
02:50:01    tailscale0      5.95      4.37      0.63      0.72      0.00      0.00      0.00      0.00
03:00:05           lo      0.00      0.00      0.00      0.00      0.00      0.00      0.00      0.00
03:00:05         eno1      0.00      0.00      0.00      0.00      0.00      0.00      0.00      0.00
03:00:05      wlp58s0      8.61      6.66      1.98      1.66      0.00      0.00      0.00      0.00
03:00:05    tailscale0      5.89      4.31      0.62      0.71      0.00      0.00      0.00      0.00
03:10:01           lo      0.00      0.00      0.00      0.00      0.00      0.00      0.00      0.00
03:10:01         eno1      0.00      0.00      0.00      0.00      0.00      0.00      0.00      0.00
03:10:01      wlp58s0      8.41      6.51      1.97      1.61      0.00      0.00      0.00      0.00
03:10:01    tailscale0      5.76      4.20      0.59      0.68      0.00      0.00      0.00      0.00
03:20:05           lo      0.01      0.01      0.00      0.00      0.00      0.00      0.00      0.00
03:20:05         eno1      0.00      0.00      0.00      0.00      0.00      0.00      0.00      0.00
03:20:05      wlp58s0      8.71      6.78      2.06      1.68      0.00      0.00      0.00      0.00
03:20:05    tailscale0      5.96      4.38      0.63      0.73      0.00      0.00      0.00      0.00
03:30:00           lo      0.00      0.00      0.00      0.00      0.00      0.00      0.00      0.00
03:30:00         eno1      0.00      0.00      0.00      0.00      0.00      0.00      0.00      0.00
03:30:00      wlp58s0      8.68      6.72      2.00      1.68      0.00      0.00      0.00      0.00
03:30:00    tailscale0      5.96      4.38      0.63      0.73      0.00      0.00      0.00      0.00
03:40:05           lo      0.00      0.00      0.00      0.00      0.00      0.00      0.00      0.00
03:40:05         eno1      0.00      0.00      0.00      0.00      0.00      0.00      0.00      0.00
03:40:05      wlp58s0      8.36      6.50      1.95      1.60      0.00      0.00      0.00      0.00
03:40:05    tailscale0      5.73      4.17      0.59      0.68      0.00      0.00      0.00      0.00
03:50:05           lo      0.00      0.00      0.00      0.00      0.00      0.00      0.00      0.00
03:50:05         eno1      0.00      0.00      0.00      0.00      0.00      0.00      0.00      0.00
03:50:05      wlp58s0      8.67      6.69      2.00      1.66      0.00      0.00      0.00      0.00
03:50:05    tailscale0      5.89      4.32      0.62      0.72      0.00      0.00      0.00      0.00
04:00:05           lo      0.00      0.00      0.00      0.00      0.00      0.00      0.00      0.00
04:00:05         eno1      0.00      0.00      0.00      0.00      0.00      0.00      0.00      0.00
04:00:05      wlp58s0      8.70      6.68      2.03      1.66      0.00      0.00      0.00      0.00
04:00:05    tailscale0      5.94      4.35      0.62      0.72      0.00      0.00      0.00      0.00
04:10:00           lo      0.00      0.00      0.00      0.00      0.00      0.00      0.00      0.00
04:10:00         eno1      0.00      0.00      0.00      0.00      0.00      0.00      0.00      0.00
04:10:00      wlp58s0      8.61      6.62      2.00      1.64      0.00      0.00      0.00      0.00
04:10:00    tailscale0      5.89      4.30      0.61      0.70      0.00      0.00      0.00      0.00
04:20:05           lo      0.00      0.00      0.00      0.00      0.00      0.00      0.00      0.00
04:20:05         eno1      0.00      0.00      0.00      0.00      0.00      0.00      0.00      0.00
04:20:05      wlp58s0      8.73      6.70      2.04      1.67      0.00      0.00      0.00      0.00
04:20:05    tailscale0      6.00      4.38      0.63      0.73      0.00      0.00      0.00      0.00
04:30:05           lo      0.01      0.01      0.00      0.00      0.00      0.00      0.00      0.00
04:30:05         eno1      0.00      0.00      0.00      0.00      0.00      0.00      0.00      0.00
04:30:05      wlp58s0      8.53      6.50      2.02      1.64      0.00      0.00      0.00      0.00
04:30:05    tailscale0      5.97      4.37      0.62      0.72      0.00      0.00      0.00      0.00
04:40:05           lo      0.00      0.00      0.00      0.00      0.00      0.00      0.00      0.00
04:40:05         eno1      0.00      0.00      0.00      0.00      0.00      0.00      0.00      0.00
04:40:05      wlp58s0      8.68      6.65      2.00      1.64      0.00      0.00      0.00      0.00
04:40:05    tailscale0      5.91      4.31      0.61      0.70      0.00      0.00      0.00      0.00
04:50:05           lo      0.00      0.00      0.00      0.00      0.00      0.00      0.00      0.00
04:50:05         eno1      0.00      0.00      0.00      0.00      0.00      0.00      0.00      0.00
04:50:05      wlp58s0      8.77      6.75      2.04      1.69      0.00      0.00      0.00      0.00
04:50:05    tailscale0      6.03      4.43      0.63      0.73      0.00      0.00      0.00      0.00
05:00:05           lo      0.00      0.00      0.00      0.00      0.00      0.00      0.00      0.00
05:00:05         eno1      0.00      0.00      0.00      0.00      0.00      0.00      0.00      0.00
05:00:05      wlp58s0      8.80      6.77      2.05      1.69      0.00      0.00      0.00      0.00
05:00:05    tailscale0      6.02      4.42      0.63      0.73      0.00      0.00      0.00      0.00
05:10:05           lo      0.00      0.00      0.00      0.00      0.00      0.00      0.00      0.00
05:10:05         eno1      0.00      0.00      0.00      0.00      0.00      0.00      0.00      0.00
05:10:05      wlp58s0      8.59      6.58      1.98      1.62      0.00      0.00      0.00      0.00
05:10:05    tailscale0      5.86      4.27      0.60      0.69      0.00      0.00      0.00      0.00
05:20:05           lo      0.00      0.00      0.00      0.00      0.00      0.00      0.00      0.00
05:20:05         eno1      0.00      0.00      0.00      0.00      0.00      0.00      0.00      0.00
05:20:05      wlp58s0      8.78      6.75      2.04      1.68      0.00      0.00      0.00      0.00
05:20:05    tailscale0      6.00      4.40      0.63      0.73      0.00      0.00      0.00      0.00
05:30:05           lo      0.00      0.00      0.00      0.00      0.00      0.00      0.00      0.00
05:30:05         eno1      0.00      0.00      0.00      0.00      0.00      0.00      0.00      0.00
05:30:05      wlp58s0      8.80      6.76      2.00      1.68      0.00      0.00      0.00      0.00
05:30:05    tailscale0      6.01      4.40      0.63      0.73      0.00      0.00      0.00      0.00
05:40:05           lo      0.00      0.00      0.00      0.00      0.00      0.00      0.00      0.00
05:40:05         eno1      0.00      0.00      0.00      0.00      0.00      0.00      0.00      0.00
05:40:05      wlp58s0      8.63      6.65      1.93      1.65      0.00      0.00      0.00      0.00
05:40:05    tailscale0      5.91      4.31      0.61      0.70      0.00      0.00      0.00      0.00
05:50:00           lo      0.01      0.01      0.00      0.00      0.00      0.00      0.00      0.00
05:50:00         eno1      0.00      0.00      0.00      0.00      0.00      0.00      0.00      0.00
05:50:00      wlp58s0      8.91      6.96      2.02      1.76      0.00      0.00      0.00      0.00
05:50:00    tailscale0      6.19      4.60      0.67      0.78      0.00      0.00      0.00      0.00
06:00:05           lo      0.00      0.00      0.00      0.00      0.00      0.00      0.00      0.00
06:00:05         eno1      0.00      0.00      0.00      0.00      0.00      0.00      0.00      0.00
06:00:05      wlp58s0      9.13      7.45      2.05      2.32      0.00      0.00      0.00      0.00
06:00:05    tailscale0      6.42      4.88      0.69      1.27      0.00      0.00      0.00      0.00
06:10:00           lo      0.00      0.00      0.00      0.00      0.00      0.00      0.00      0.00
06:10:00         eno1      0.00      0.00      0.00      0.00      0.00      0.00      0.00      0.00
06:10:00      wlp58s0      9.14      7.50      2.05      2.49      0.00      0.00      0.00      0.00
06:10:00    tailscale0      6.42      4.87      0.67      1.43      0.00      0.00      0.00      0.00
06:20:05           lo      0.06      0.06      0.01      0.01      0.00      0.00      0.00      0.00
06:20:05         eno1      0.00      0.00      0.00      0.00      0.00      0.00      0.00      0.00
06:20:05      wlp58s0     14.10      9.71      9.12      2.83      0.00      0.00      0.00      0.00
06:20:05    tailscale0      6.48      4.94      0.68      1.49      0.00      0.00      0.00      0.00
06:30:05           lo      0.00      0.00      0.00      0.00      0.00      0.00      0.00      0.00
06:30:05         eno1      0.00      0.00      0.00      0.00      0.00      0.00      0.00      0.00
06:30:05      wlp58s0      9.06      7.12      2.11      1.96      0.00      0.00      0.00      0.00
06:30:05    tailscale0      6.28      4.67      0.67      0.95      0.00      0.00      0.00      0.00
06:40:05           lo      0.00      0.00      0.00      0.00      0.00      0.00      0.00      0.00
06:40:05         eno1      0.00      0.00      0.00      0.00      0.00      0.00      0.00      0.00
06:40:05      wlp58s0      8.60      6.63      1.97      1.64      0.00      0.00      0.00      0.00
06:40:05    tailscale0      5.89      4.31      0.61      0.70      0.00      0.00      0.00      0.00
06:50:05           lo      0.00      0.00      0.00      0.00      0.00      0.00      0.00      0.00
06:50:05         eno1      0.00      0.00      0.00      0.00      0.00      0.00      0.00      0.00
06:50:05      wlp58s0      8.43      6.43      1.95      1.63      0.00      0.00      0.00      0.00
06:50:05    tailscale0      5.97      4.37      0.62      0.72      0.00      0.00      0.00      0.00
07:00:05           lo      0.00      0.00      0.00      0.00      0.00      0.00      0.00      0.00
07:00:05         eno1      0.00      0.00      0.00      0.00      0.00      0.00      0.00      0.00
07:00:05      wlp58s0      8.73      6.75      1.98      1.68      0.00      0.00      0.00      0.00
07:00:05    tailscale0      6.02      4.41      0.63      0.73      0.00      0.00      0.00      0.00
07:10:05           lo      0.00      0.00      0.00      0.00      0.00      0.00      0.00      0.00
07:10:05         eno1      0.00      0.00      0.00      0.00      0.00      0.00      0.00      0.00
07:10:05      wlp58s0      8.57      6.63      1.94      1.64      0.00      0.00      0.00      0.00
07:10:05    tailscale0      5.90      4.31      0.61      0.70      0.00      0.00      0.00      0.00
07:20:05           lo      0.00      0.00      0.00      0.00      0.00      0.00      0.00      0.00
07:20:05         eno1      0.00      0.00      0.00      0.00      0.00      0.00      0.00      0.00
07:20:05      wlp58s0      8.77      6.77      1.97      1.69      0.00      0.00      0.00      0.00
07:20:05    tailscale0      6.03      4.42      0.63      0.73      0.00      0.00      0.00      0.00
07:30:05           lo      0.00      0.00      0.00      0.00      0.00      0.00      0.00      0.00
07:30:05         eno1      0.00      0.00      0.00      0.00      0.00      0.00      0.00      0.00
07:30:05      wlp58s0      8.58      6.73      1.87      1.68      0.00      0.00      0.00      0.00
07:30:05    tailscale0      6.00      4.40      0.63      0.73      0.00      0.00      0.00      0.00
07:40:05           lo      0.00      0.00      0.00      0.00      0.00      0.00      0.00      0.00
07:40:05         eno1      0.00      0.00      0.00      0.00      0.00      0.00      0.00      0.00
07:40:05      wlp58s0      8.65      6.60      1.92      1.62      0.00      0.00      0.00      0.00
07:40:05    tailscale0      5.85      4.26      0.60      0.69      0.00      0.00      0.00      0.00
07:50:05           lo      0.00      0.00      0.00      0.00      0.00      0.00      0.00      0.00
07:50:05         eno1      0.00      0.00      0.00      0.00      0.00      0.00      0.00      0.00
07:50:05      wlp58s0      8.74      6.78      1.94      1.69      0.00      0.00      0.00      0.00
07:50:05    tailscale0      6.02      4.41      0.63      0.73      0.00      0.00      0.00      0.00
08:00:05           lo      0.01      0.01      0.00      0.00      0.00      0.00      0.00      0.00
08:00:05         eno1      0.00      0.00      0.00      0.00      0.00      0.00      0.00      0.00
08:00:05      wlp58s0      8.77      6.79      1.98      1.69      0.00      0.00      0.00      0.00
08:00:05    tailscale0      6.00      4.41      0.63      0.73      0.00      0.00      0.00      0.00
08:10:05           lo      0.00      0.00      0.00      0.00      0.00      0.00      0.00      0.00
08:10:05         eno1      0.00      0.00      0.00      0.00      0.00      0.00      0.00      0.00
08:10:05      wlp58s0      8.55      6.60      1.91      1.64      0.00      0.00      0.00      0.00
08:10:05    tailscale0      5.89      4.30      0.61      0.70      0.00      0.00      0.00      0.00
08:20:05           lo      0.00      0.00      0.00      0.00      0.00      0.00      0.00      0.00
08:20:05         eno1      0.00      0.00      0.00      0.00      0.00      0.00      0.00      0.00
08:20:05      wlp58s0      8.77      6.79      2.00      1.69      0.00      0.00      0.00      0.00
08:20:05    tailscale0      6.01      4.42      0.63      0.73      0.00      0.00      0.00      0.00
08:30:03           lo      0.00      0.00      0.00      0.00      0.00      0.00      0.00      0.00
08:30:03         eno1      0.00      0.00      0.00      0.00      0.00      0.00      0.00      0.00
08:30:03      wlp58s0      4.63      4.13      1.16      0.92      0.00      0.00      0.00      0.00
08:30:03    tailscale0      2.14      1.55      0.21      0.24      0.00      0.00      0.00      0.00
08:40:05           lo      0.01      0.01      0.00      0.00      0.00      0.00      0.00      0.00
08:40:05         eno1      0.00      0.00      0.00      0.00      0.00      0.00      0.00      0.00
08:40:05      wlp58s0      4.70      3.82      1.23      0.89      0.00      0.00      0.00      0.00
08:40:05    tailscale0      1.81      1.35      0.21      0.24      0.00      0.00      0.00      0.00
08:50:05           lo      0.00      0.00      0.00      0.00      0.00      0.00      0.00      0.00
08:50:05         eno1      0.00      0.00      0.00      0.00      0.00      0.00      0.00      0.00
08:50:05      wlp58s0      7.67      5.59      1.94      1.52      0.00      0.00      0.00      0.00
08:50:05    tailscale0      6.01      4.40      0.63      0.73      0.00      0.00      0.00      0.00
09:00:00           lo      0.00      0.00      0.00      0.00      0.00      0.00      0.00      0.00
09:00:00         eno1      0.00      0.00      0.00      0.00      0.00      0.00      0.00      0.00
09:00:00      wlp58s0      7.61      5.52      1.89      1.48      0.00      0.00      0.00      0.00
09:00:00    tailscale0      5.88      4.29      0.61      0.70      0.00      0.00      0.00      0.00
09:10:04           lo      0.00      0.00      0.00      0.00      0.00      0.00      0.00      0.00
09:10:04         eno1      0.00      0.00      0.00      0.00      0.00      0.00      0.00      0.00
09:10:04      wlp58s0      3.48      3.43      0.94      0.76      0.00      0.00      0.00      0.00
09:10:04    tailscale0      1.10      0.83      0.12      0.14      0.00      0.00      0.00      0.00
09:20:05           lo      0.00      0.00      0.00      0.00      0.00      0.00      0.00      0.00
09:20:05         eno1      0.00      0.00      0.00      0.00      0.00      0.00      0.00      0.00
09:20:05      wlp58s0      5.00      4.30      1.23      1.00      0.00      0.00      0.00      0.00
09:20:05    tailscale0      2.14      1.59      0.23      0.27      0.00      0.00      0.00      0.00
09:30:05           lo      0.00      0.00      0.00      0.00      0.00      0.00      0.00      0.00
09:30:05         eno1      0.00      0.00      0.00      0.00      0.00      0.00      0.00      0.00
09:30:05      wlp58s0      6.20      4.65      1.56      1.16      0.00      0.00      0.00      0.00
09:30:05    tailscale0      3.64      2.67      0.39      0.45      0.00      0.00      0.00      0.00
09:40:05           lo      0.01      0.01      0.00      0.00      0.00      0.00      0.00      0.00
09:40:05         eno1      0.00      0.00      0.00      0.00      0.00      0.00      0.00      0.00
09:40:05      wlp58s0      7.64      5.54      1.91      1.49      0.00      0.00      0.00      0.00
09:40:05    tailscale0      5.90      4.31      0.61      0.70      0.00      0.00      0.00      0.00
09:50:05           lo      0.00      0.00      0.00      0.00      0.00      0.00      0.00      0.00
09:50:05         eno1      0.00      0.00      0.00      0.00      0.00      0.00      0.00      0.00
09:50:05      wlp58s0      7.72      5.64      1.87      1.53      0.00      0.00      0.00      0.00
09:50:05    tailscale0      6.02      4.42      0.63      0.73      0.00      0.00      0.00      0.00
10:00:03           lo      0.00      0.00      0.00      0.00      0.00      0.00      0.00      0.00
10:00:03         eno1      0.00      0.00      0.00      0.00      0.00      0.00      0.00      0.00
10:00:03      wlp58s0      7.65      5.59      1.87      1.52      0.00      0.00      0.00      0.00
10:00:03    tailscale0      5.98      4.39      0.63      0.73      0.00      0.00      0.00      0.00
10:10:03           lo      0.00      0.00      0.00      0.00      0.00      0.00      0.00      0.00
10:10:03         eno1      0.00      0.00      0.00      0.00      0.00      0.00      0.00      0.00
10:10:03      wlp58s0      9.19      7.45      2.30      2.78      0.00      0.00      0.00      0.00
10:10:03    tailscale0      7.45      5.85      0.89      1.74      0.00      0.00      0.00      0.00
10:20:05           lo      0.00      0.00      0.00      0.00      0.00      0.00      0.00      0.00
10:20:05         eno1      0.00      0.00      0.00      0.00      0.00      0.00      0.00      0.00
10:20:05      wlp58s0      8.37      7.00      1.93      3.05      0.00      0.00      0.00      0.00
10:20:05    tailscale0      6.69      5.19      0.68      2.06      0.00      0.00      0.00      0.00
10:30:05           lo      0.04      0.04      0.00      0.00      0.00      0.00      0.00      0.00
10:30:05         eno1      0.00      0.00      0.00      0.00      0.00      0.00      0.00      0.00
10:30:05      wlp58s0      8.34      7.20      1.89      3.45      0.00      0.00      0.00      0.00
10:30:05    tailscale0      6.71      5.17      0.68      2.43      0.00      0.00      0.00      0.00
10:40:05           lo      0.01      0.01      0.00      0.00      0.00      0.00      0.00      0.00
10:40:05         eno1      0.00      0.00      0.00      0.00      0.00      0.00      0.00      0.00
10:40:05      wlp58s0      7.52      5.93      1.72      2.19      0.00      0.00      0.00      0.00
10:40:05    tailscale0      5.82      4.38      0.54      1.34      0.00      0.00      0.00      0.00
10:50:03           lo      0.00      0.00      0.00      0.00      0.00      0.00      0.00      0.00
10:50:03         eno1      0.00      0.00      0.00      0.00      0.00      0.00      0.00      0.00
10:50:03      wlp58s0      7.28      5.25      1.71      1.39      0.00      0.00      0.00      0.00
10:50:03    tailscale0      5.61      4.05      0.55      0.64      0.00      0.00      0.00      0.00
11:00:05           lo      0.00      0.00      0.00      0.00      0.00      0.00      0.00      0.00
11:00:05         eno1      0.00      0.00      0.00      0.00      0.00      0.00      0.00      0.00
11:00:05      wlp58s0      5.74      4.22      1.42      1.04      0.00      0.00      0.00      0.00
11:00:05    tailscale0      3.93      2.83      0.38      0.44      0.00      0.00      0.00      0.00
11:10:05           lo      0.00      0.00      0.00      0.00      0.00      0.00      0.00      0.00
11:10:05         eno1      0.00      0.00      0.00      0.00      0.00      0.00      0.00      0.00
11:10:05      wlp58s0      3.76      3.26      0.92      0.73      0.00      0.00      0.00      0.00
11:10:05    tailscale0      1.58      1.17      0.16      0.19      0.00      0.00      0.00      0.00
11:20:05           lo      0.00      0.00      0.00      0.00      0.00      0.00      0.00      0.00
11:20:05         eno1      0.00      0.00      0.00      0.00      0.00      0.00      0.00      0.00
11:20:05      wlp58s0      6.34      4.75      1.53      1.15      0.00      0.00      0.00      0.00
11:20:05    tailscale0      3.76      2.73      0.38      0.44      0.00      0.00      0.00      0.00
11:30:03           lo      0.00      0.00      0.00      0.00      0.00      0.00      0.00      0.00
11:30:03         eno1      0.00      0.00      0.00      0.00      0.00      0.00      0.00      0.00
11:30:03      wlp58s0      8.04      6.16      1.85      1.48      0.00      0.00      0.00      0.00
11:30:03    tailscale0      5.28      3.81      0.52      0.60      0.00      0.00      0.00      0.00
11:40:05           lo      0.00      0.00      0.00      0.00      0.00      0.00      0.00      0.00
11:40:05         eno1      0.00      0.00      0.00      0.00      0.00      0.00      0.00      0.00
11:40:05      wlp58s0      8.21      6.27      1.85      1.50      0.00      0.00      0.00      0.00
11:40:05    tailscale0      5.52      3.96      0.53      0.61      0.00      0.00      0.00      0.00
11:50:05           lo      0.01      0.01      0.00      0.00      0.00      0.00      0.00      0.00
11:50:05         eno1      0.00      0.00      0.00      0.00      0.00      0.00      0.00      0.00
11:50:05      wlp58s0      8.36      6.41      1.88      1.55      0.00      0.00      0.00      0.00
11:50:05    tailscale0      5.60      4.04      0.55      0.64      0.00      0.00      0.00      0.00
12:00:05           lo      0.00      0.00      0.00      0.00      0.00      0.00      0.00      0.00
12:00:05         eno1      0.00      0.00      0.00      0.00      0.00      0.00      0.00      0.00
12:00:05      wlp58s0      8.31      6.39      1.78      1.55      0.00      0.00      0.00      0.00
12:00:05    tailscale0      5.62      4.06      0.55      0.64      0.00      0.00      0.00      0.00
12:10:03           lo      0.00      0.00      0.00      0.00      0.00      0.00      0.00      0.00
12:10:03         eno1      0.00      0.00      0.00      0.00      0.00      0.00      0.00      0.00
12:10:03      wlp58s0      8.21      6.29      1.80      1.51      0.00      0.00      0.00      0.00
12:10:03    tailscale0      5.52      3.96      0.53      0.61      0.00      0.00      0.00      0.00
12:20:05           lo      0.00      0.00      0.00      0.00      0.00      0.00      0.00      0.00
12:20:05         eno1      0.00      0.00      0.00      0.00      0.00      0.00      0.00      0.00
12:20:05      wlp58s0      8.36      6.38      1.85      1.55      0.00      0.00      0.00      0.00
12:20:05    tailscale0      5.61      4.05      0.55      0.64      0.00      0.00      0.00      0.00
12:30:03           lo      0.00      0.00      0.00      0.00      0.00      0.00      0.00      0.00
12:30:03         eno1      0.00      0.00      0.00      0.00      0.00      0.00      0.00      0.00
12:30:03      wlp58s0      8.24      6.34      1.80      1.54      0.00      0.00      0.00      0.00
12:30:03    tailscale0      5.61      4.05      0.55      0.64      0.00      0.00      0.00      0.00
12:40:05           lo      0.01      0.01      0.00      0.00      0.00      0.00      0.00      0.00
12:40:05         eno1      0.00      0.00      0.00      0.00      0.00      0.00      0.00      0.00
12:40:05      wlp58s0      8.23      6.27      1.82      1.50      0.00      0.00      0.00      0.00
12:40:05    tailscale0      5.50      3.95      0.52      0.61      0.00      0.00      0.00      0.00
12:50:05           lo      0.00      0.00      0.00      0.00      0.00      0.00      0.00      0.00
12:50:05         eno1      0.00      0.00      0.00      0.00      0.00      0.00      0.00      0.00
12:50:05      wlp58s0      8.31      6.39      1.84      1.55      0.00      0.00      0.00      0.00
12:50:05    tailscale0      5.63      4.07      0.55      0.64      0.00      0.00      0.00      0.00
13:00:05           lo      0.00      0.00      0.00      0.00      0.00      0.00      0.00      0.00
13:00:05         eno1      0.00      0.00      0.00      0.00      0.00      0.00      0.00      0.00
13:00:05      wlp58s0      8.30      6.39      1.83      1.55      0.00      0.00      0.00      0.00
13:00:05    tailscale0      5.62      4.06      0.55      0.64      0.00      0.00      0.00      0.00
13:10:03           lo      0.00      0.00      0.00      0.00      0.00      0.00      0.00      0.00
13:10:03         eno1      0.00      0.00      0.00      0.00      0.00      0.00      0.00      0.00
13:10:03      wlp58s0      8.17      6.26      1.77      1.50      0.00      0.00      0.00      0.00
13:10:03    tailscale0      5.50      3.95      0.52      0.61      0.00      0.00      0.00      0.00
13:20:05           lo      0.01      0.01      0.00      0.00      0.00      0.00      0.00      0.00
13:20:05         eno1      0.00      0.00      0.00      0.00      0.00      0.00      0.00      0.00
13:20:05      wlp58s0      8.31      6.38      1.83      1.54      0.00      0.00      0.00      0.00
13:20:05    tailscale0      5.62      4.05      0.55      0.64      0.00      0.00      0.00      0.00
13:30:05           lo      0.02      0.02      0.00      0.00      0.00      0.00      0.00      0.00
13:30:05         eno1      0.00      0.00      0.00      0.00      0.00      0.00      0.00      0.00
13:30:05      wlp58s0      8.40      6.46      1.87      1.58      0.00      0.00      0.00      0.00
13:30:05    tailscale0      5.75      4.18      0.58      0.67      0.00      0.00      0.00      0.00
13:40:05           lo      0.00      0.00      0.00      0.00      0.00      0.00      0.00      0.00
13:40:05         eno1      0.00      0.00      0.00      0.00      0.00      0.00      0.00      0.00
13:40:05      wlp58s0     46.44     18.10     44.63      4.19      0.00      0.00      0.00      0.00
13:40:05    tailscale0     19.20     15.77     38.52      1.78      0.00      0.00      0.00      0.00
13:50:03           lo      0.00      0.00      0.00      0.00      0.00      0.00      0.00      0.00
13:50:03         eno1      0.00      0.00      0.00      0.00      0.00      0.00      0.00      0.00
13:50:03      wlp58s0      8.19      6.25      1.90      1.50      0.00      0.00      0.00      0.00
13:50:03    tailscale0      5.50      3.95      0.52      0.61      0.00      0.00      0.00      0.00
14:00:05           lo      0.00      0.00      0.00      0.00      0.00      0.00      0.00      0.00
14:00:05         eno1      0.00      0.00      0.00      0.00      0.00      0.00      0.00      0.00
14:00:05      wlp58s0      8.07      6.09      1.93      1.51      0.00      0.00      0.00      0.00
14:00:05    tailscale0      5.64      4.08      0.55      0.64      0.00      0.00      0.00      0.00
14:10:01           lo      0.00      0.00      0.00      0.00      0.00      0.00      0.00      0.00
14:10:01         eno1      0.00      0.00      0.00      0.00      0.00      0.00      0.00      0.00
14:10:01      wlp58s0      8.36      6.38      1.97      1.55      0.00      0.00      0.00      0.00
14:10:01    tailscale0      5.62      4.06      0.55      0.64      0.00      0.00      0.00      0.00
14:20:05           lo      0.00      0.00      0.00      0.00      0.00      0.00      0.00      0.00
14:20:05         eno1      0.00      0.00      0.00      0.00      0.00      0.00      0.00      0.00
14:20:05      wlp58s0      8.24      6.28      1.91      1.51      0.00      0.00      0.00      0.00
14:20:05    tailscale0      5.51      3.96      0.52      0.61      0.00      0.00      0.00      0.00
14:30:03           lo      0.00      0.00      0.00      0.00      0.00      0.00      0.00      0.00
14:30:03         eno1      0.00      0.00      0.00      0.00      0.00      0.00      0.00      0.00
14:30:03      wlp58s0      8.36      6.40      1.94      1.55      0.00      0.00      0.00      0.00
14:30:03    tailscale0      5.64      4.07      0.55      0.64      0.00      0.00      0.00      0.00
14:40:05           lo      0.00      0.00      0.00      0.00      0.00      0.00      0.00      0.00
14:40:05         eno1      0.00      0.00      0.00      0.00      0.00      0.00      0.00      0.00
14:40:05      wlp58s0      8.37      6.40      1.96      1.55      0.00      0.00      0.00      0.00
14:40:05    tailscale0      5.63      4.07      0.55      0.64      0.00      0.00      0.00      0.00
14:50:05           lo      0.01      0.01      0.00      0.00      0.00      0.00      0.00      0.00
14:50:05         eno1      0.00      0.00      0.00      0.00      0.00      0.00      0.00      0.00
14:50:05      wlp58s0      8.37      6.40      1.93      1.54      0.00      0.00      0.00      0.00
14:50:05    tailscale0      5.61      4.05      0.54      0.63      0.00      0.00      0.00      0.00
15:00:05           lo      0.02      0.02      0.00      0.00      0.00      0.00      0.00      0.00
15:00:05         eno1      0.00      0.00      0.00      0.00      0.00      0.00      0.00      0.00
15:00:05      wlp58s0      8.73      6.75      2.00      1.69      0.00      0.00      0.00      0.00
15:00:05    tailscale0      6.00      4.44      0.64      0.73      0.00      0.00      0.00      0.00
15:10:03           lo      0.00      0.00      0.00      0.00      0.00      0.00      0.00      0.00
15:10:03         eno1      0.00      0.00      0.00      0.00      0.00      0.00      0.00      0.00
15:10:03      wlp58s0      8.61      6.60      1.98      1.63      0.00      0.00      0.00      0.00
15:10:03    tailscale0      5.89      4.30      0.62      0.70      0.00      0.00      0.00      0.00
15:20:00           lo      0.00      0.00      0.00      0.00      0.00      0.00      0.00      0.00
15:20:00         eno1      0.00      0.00      0.00      0.00      0.00      0.00      0.00      0.00
15:20:00      wlp58s0      8.69      6.77      1.95      1.70      0.00      0.00      0.00      0.00
15:20:00    tailscale0      6.01      4.46      0.63      0.74      0.00      0.00      0.00      0.00
15:30:05           lo      0.00      0.00      0.00      0.00      0.00      0.00      0.00      0.00
15:30:05         eno1      0.00      0.00      0.00      0.00      0.00      0.00      0.00      0.00
15:30:05      wlp58s0      8.45      6.54      1.90      1.66      0.00      0.00      0.00      0.00
15:30:05    tailscale0      5.77      4.20      0.58      0.73      0.00      0.00      0.00      0.00
15:40:05           lo      0.01      0.01      0.00      0.00      0.00      0.00      0.00      0.00
15:40:05         eno1      0.00      0.00      0.00      0.00      0.00      0.00      0.00      0.00
15:40:05      wlp58s0      8.32      6.40      1.84      1.55      0.00      0.00      0.00      0.00
15:40:05    tailscale0      5.63      4.06      0.55      0.64      0.00      0.00      0.00      0.00
15:50:05           lo      0.01      0.01      0.00      0.00      0.00      0.00      0.00      0.00
15:50:05         eno1      0.00      0.00      0.00      0.00      0.00      0.00      0.00      0.00
15:50:05      wlp58s0      8.24      6.28      1.86      1.51      0.00      0.00      0.00      0.00
15:50:05    tailscale0      5.52      3.96      0.53      0.61      0.00      0.00      0.00      0.00
16:00:05           lo      0.00      0.00      0.00      0.00      0.00      0.00      0.00      0.00
16:00:05         eno1      0.00      0.00      0.00      0.00      0.00      0.00      0.00      0.00
16:00:05      wlp58s0      8.28      6.36      1.87      1.54      0.00      0.00      0.00      0.00
16:00:05    tailscale0      5.62      4.06      0.55      0.64      0.00      0.00      0.00      0.00
16:10:03           lo      0.00      0.00      0.00      0.00      0.00      0.00      0.00      0.00
16:10:03         eno1      0.00      0.00      0.00      0.00      0.00      0.00      0.00      0.00
16:10:03      wlp58s0      8.29      6.32      1.87      1.54      0.00      0.00      0.00      0.00
16:10:03    tailscale0      5.61      4.05      0.55      0.64      0.00      0.00      0.00      0.00
16:20:05           lo      0.01      0.01      0.00      0.00      0.00      0.00      0.00      0.00
16:20:05         eno1      0.00      0.00      0.00      0.00      0.00      0.00      0.00      0.00
16:20:05      wlp58s0      7.97      6.03      1.84      1.47      0.00      0.00      0.00      0.00
16:20:05    tailscale0      5.52      3.96      0.53      0.61      0.00      0.00      0.00      0.00
16:30:05           lo      0.00      0.00      0.00      0.00      0.00      0.00      0.00      0.00
16:30:05         eno1      0.00      0.00      0.00      0.00      0.00      0.00      0.00      0.00
16:30:05      wlp58s0      8.33      6.38      1.83      1.55      0.00      0.00      0.00      0.00
16:30:05    tailscale0      5.63      4.07      0.55      0.64      0.00      0.00      0.00      0.00
16:40:03           lo      0.00      0.00      0.00      0.00      0.00      0.00      0.00      0.00
16:40:03         eno1      0.00      0.00      0.00      0.00      0.00      0.00      0.00      0.00
16:40:03      wlp58s0      8.30      6.36      1.85      1.54      0.00      0.00      0.00      0.00
16:40:03    tailscale0      5.61      4.05      0.55      0.64      0.00      0.00      0.00      0.00
16:50:03           lo      0.00      0.00      0.00      0.00      0.00      0.00      0.00      0.00
16:50:03         eno1      0.00      0.00      0.00      0.00      0.00      0.00      0.00      0.00
16:50:03      wlp58s0      8.15      6.22      1.82      1.49      0.00      0.00      0.00      0.00
16:50:03    tailscale0      5.49      3.94      0.52      0.61      0.00      0.00      0.00      0.00
17:00:05           lo      0.00      0.00      0.00      0.00      0.00      0.00      0.00      0.00
17:00:05         eno1      0.00      0.00      0.00      0.00      0.00      0.00      0.00      0.00
17:00:05      wlp58s0      8.32      6.35      1.88      1.54      0.00      0.00      0.00      0.00
17:00:05    tailscale0      5.61      4.05      0.55      0.64      0.00      0.00      0.00      0.00
17:10:05           lo      0.00      0.00      0.00      0.00      0.00      0.00      0.00      0.00
17:10:05         eno1      0.00      0.00      0.00      0.00      0.00      0.00      0.00      0.00
17:10:05      wlp58s0      8.29      6.36      1.84      1.54      0.00      0.00      0.00      0.00
17:10:05    tailscale0      5.62      4.06      0.55      0.64      0.00      0.00      0.00      0.00
17:20:05           lo      0.00      0.00      0.00      0.00      0.00      0.00      0.00      0.00
17:20:05         eno1      0.00      0.00      0.00      0.00      0.00      0.00      0.00      0.00
17:20:05      wlp58s0      8.12      6.24      1.70      1.49      0.00      0.00      0.00      0.00
17:20:05    tailscale0      5.50      3.95      0.52      0.61      0.00      0.00      0.00      0.00
17:30:03           lo      0.01      0.01      0.00      0.00      0.00      0.00      0.00      0.00
17:30:03         eno1      0.00      0.00      0.00      0.00      0.00      0.00      0.00      0.00
17:30:03      wlp58s0      8.36      6.41      1.80      1.55      0.00      0.00      0.00      0.00
17:30:03    tailscale0      5.64      4.07      0.55      0.64      0.00      0.00      0.00      0.00
17:40:05           lo      0.00      0.00      0.00      0.00      0.00      0.00      0.00      0.00
17:40:05         eno1      0.00      0.00      0.00      0.00      0.00      0.00      0.00      0.00
17:40:05      wlp58s0      8.29      6.39      1.75      1.55      0.00      0.00      0.00      0.00
17:40:05    tailscale0      5.65      4.08      0.55      0.64      0.00      0.00      0.00      0.00
17:50:05           lo      0.00      0.00      0.00      0.00      0.00      0.00      0.00      0.00
17:50:05         eno1      0.00      0.00      0.00      0.00      0.00      0.00      0.00      0.00
17:50:05      wlp58s0      8.18      6.25      1.74      1.50      0.00      0.00      0.00      0.00
17:50:05    tailscale0      5.54      3.98      0.53      0.61      0.00      0.00      0.00      0.00
18:00:05           lo      0.00      0.00      0.00      0.00      0.00      0.00      0.00      0.00
18:00:05         eno1      0.00      0.00      0.00      0.00      0.00      0.00      0.00      0.00
18:00:05      wlp58s0      8.30      6.38      1.79      1.55      0.00      0.00      0.00      0.00
18:00:05    tailscale0      5.64      4.07      0.55      0.64      0.00      0.00      0.00      0.00
18:10:05           lo      0.01      0.01      0.00      0.00      0.00      0.00      0.00      0.00
18:10:05         eno1      0.00      0.00      0.00      0.00      0.00      0.00      0.00      0.00
18:10:05      wlp58s0      8.36      6.39      1.84      1.55      0.00      0.00      0.00      0.00
18:10:05    tailscale0      5.63      4.07      0.55      0.64      0.00      0.00      0.00      0.00
18:20:05           lo      0.00      0.00      0.00      0.00      0.00      0.00      0.00      0.00
18:20:05         eno1      0.00      0.00      0.00      0.00      0.00      0.00      0.00      0.00
18:20:05      wlp58s0      8.11      6.22      1.75      1.49      0.00      0.00      0.00      0.00
18:20:05    tailscale0      5.50      3.95      0.52      0.61      0.00      0.00      0.00      0.00
18:30:05           lo      0.00      0.00      0.00      0.00      0.00      0.00      0.00      0.00
18:30:05         eno1      0.00      0.00      0.00      0.00      0.00      0.00      0.00      0.00
18:30:05      wlp58s0      8.30      6.35      1.79      1.54      0.00      0.00      0.00      0.00
18:30:05    tailscale0      5.62      4.06      0.55      0.64      0.00      0.00      0.00      0.00
18:40:02           lo      0.00      0.00      0.00      0.00      0.00      0.00      0.00      0.00
18:40:02         eno1      0.00      0.00      0.00      0.00      0.00      0.00      0.00      0.00
18:40:02      wlp58s0      8.23      6.35      1.76      1.54      0.00      0.00      0.00      0.00
18:40:02    tailscale0      5.63      4.06      0.55      0.64      0.00      0.00      0.00      0.00
18:50:05           lo      0.00      0.00      0.00      0.00      0.00      0.00      0.00      0.00
18:50:05         eno1      0.00      0.00      0.00      0.00      0.00      0.00      0.00      0.00
18:50:05      wlp58s0      7.87      5.94      1.71      1.46      0.00      0.00      0.00      0.00
18:50:05    tailscale0      5.50      3.95      0.52      0.61      0.00      0.00      0.00      0.00
19:00:05           lo      0.00      0.00      0.00      0.00      0.00      0.00      0.00      0.00
19:00:05         eno1      0.00      0.00      0.00      0.00      0.00      0.00      0.00      0.00
19:00:05      wlp58s0      8.22      6.38      1.76      1.55      0.00      0.00      0.00      0.00
19:00:05    tailscale0      5.60      4.04      0.55      0.64      0.00      0.00      0.00      0.00
19:10:05           lo      0.01      0.01      0.00      0.00      0.00      0.00      0.00      0.00
19:10:05         eno1      0.00      0.00      0.00      0.00      0.00      0.00      0.00      0.00
19:10:05      wlp58s0      8.29      6.39      1.81      1.55      0.00      0.00      0.00      0.00
19:10:05    tailscale0      5.62      4.06      0.55      0.64      0.00      0.00      0.00      0.00
19:20:05           lo      0.00      0.00      0.00      0.00      0.00      0.00      0.00      0.00
19:20:05         eno1      0.00      0.00      0.00      0.00      0.00      0.00      0.00      0.00
19:20:05      wlp58s0      8.13      6.26      1.71      1.50      0.00      0.00      0.00      0.00
19:20:05    tailscale0      5.51      3.96      0.53      0.61      0.00      0.00      0.00      0.00
19:30:05           lo      0.00      0.00      0.00      0.00      0.00      0.00      0.00      0.00
19:30:05         eno1      0.00      0.00      0.00      0.00      0.00      0.00      0.00      0.00
19:30:05      wlp58s0      8.28      6.37      1.75      1.54      0.00      0.00      0.00      0.00
19:30:05    tailscale0      5.61      4.05      0.55      0.64      0.00      0.00      0.00      0.00
19:40:05           lo      0.00      0.00      0.00      0.00      0.00      0.00      0.00      0.00
19:40:05         eno1      0.00      0.00      0.00      0.00      0.00      0.00      0.00      0.00
19:40:05      wlp58s0      8.21      6.31      1.76      1.54      0.00      0.00      0.00      0.00
19:40:05    tailscale0      5.61      4.05      0.55      0.64      0.00      0.00      0.00      0.00
19:50:05           lo      0.00      0.00      0.00      0.00      0.00      0.00      0.00      0.00
19:50:05         eno1      0.00      0.00      0.00      0.00      0.00      0.00      0.00      0.00
19:50:05      wlp58s0      8.21      6.29      1.74      1.51      0.00      0.00      0.00      0.00
19:50:05    tailscale0      5.51      3.96      0.53      0.61      0.00      0.00      0.00      0.00
20:00:05           lo      0.00      0.00      0.00      0.00      0.00      0.00      0.00      0.00
20:00:05         eno1      0.00      0.00      0.00      0.00      0.00      0.00      0.00      0.00
20:00:05      wlp58s0      8.72      6.87      1.89      1.76      0.00      0.00      0.00      0.00
20:00:05    tailscale0      6.09      4.53      0.64      0.79      0.00      0.00      0.00      0.00
20:10:05           lo      0.00      0.00      0.00      0.00      0.00      0.00      0.00      0.00
20:10:05         eno1      0.00      0.00      0.00      0.00      0.00      0.00      0.00      0.00
20:10:05      wlp58s0      8.61      6.84      1.86      1.91      0.00      0.00      0.00      0.00
20:10:05    tailscale0      5.95      4.39      0.60      0.94      0.00      0.00      0.00      0.00
20:20:05           lo      0.00      0.00      0.00      0.00      0.00      0.00      0.00      0.00
20:20:05         eno1      0.00      0.00      0.00      0.00      0.00      0.00      0.00      0.00
20:20:05      wlp58s0      8.25      6.31      1.79      1.53      0.00      0.00      0.00      0.00
20:20:05    tailscale0      5.61      4.05      0.55      0.63      0.00      0.00      0.00      0.00
20:30:05           lo      0.00      0.00      0.00      0.00      0.00      0.00      0.00      0.00
20:30:05         eno1      0.00      0.00      0.00      0.00      0.00      0.00      0.00      0.00
20:30:05      wlp58s0      8.28      6.37      1.78      1.54      0.00      0.00      0.00      0.00
20:30:05    tailscale0      5.62      4.06      0.55      0.64      0.00      0.00      0.00      0.00
20:40:05           lo      0.00      0.00      0.00      0.00      0.00      0.00      0.00      0.00
20:40:05         eno1      0.00      0.00      0.00      0.00      0.00      0.00      0.00      0.00
20:40:05      wlp58s0      8.25      6.36      1.72      1.54      0.00      0.00      0.00      0.00
20:40:05    tailscale0      5.62      4.06      0.55      0.64      0.00      0.00      0.00      0.00
20:50:05           lo      0.01      0.01      0.00      0.00      0.00      0.00      0.00      0.00
20:50:05         eno1      0.00      0.00      0.00      0.00      0.00      0.00      0.00      0.00
20:50:05      wlp58s0      8.25      6.34      1.80      1.50      0.00      0.00      0.00      0.00
20:50:05    tailscale0      5.51      3.96      0.53      0.61      0.00      0.00      0.00      0.00
21:00:05           lo      0.00      0.00      0.00      0.00      0.00      0.00      0.00      0.00
21:00:05         eno1      0.00      0.00      0.00      0.00      0.00      0.00      0.00      0.00
21:00:05      wlp58s0      8.25      6.35      1.76      1.54      0.00      0.00      0.00      0.00
21:00:05    tailscale0      5.62      4.05      0.55      0.64      0.00      0.00      0.00      0.00
21:10:05           lo      0.00      0.00      0.00      0.00      0.00      0.00      0.00      0.00
21:10:05         eno1      0.00      0.00      0.00      0.00      0.00      0.00      0.00      0.00
21:10:05      wlp58s0      8.25      6.37      1.74      1.55      0.00      0.00      0.00      0.00
21:10:05    tailscale0      5.63      4.06      0.55      0.64      0.00      0.00      0.00      0.00
21:20:05           lo      0.00      0.00      0.00      0.00      0.00      0.00      0.00      0.00
21:20:05         eno1      0.00      0.00      0.00      0.00      0.00      0.00      0.00      0.00
21:20:05      wlp58s0      8.13      6.25      1.73      1.50      0.00      0.00      0.00      0.00
21:20:05    tailscale0      5.51      3.96      0.53      0.61      0.00      0.00      0.00      0.00
21:30:05           lo      0.00      0.00      0.00      0.00      0.00      0.00      0.00      0.00
21:30:05         eno1      0.00      0.00      0.00      0.00      0.00      0.00      0.00      0.00
21:30:05      wlp58s0      8.25      6.37      1.72      1.54      0.00      0.00      0.00      0.00
21:30:05    tailscale0      5.61      4.05      0.55      0.64      0.00      0.00      0.00      0.00
21:40:05           lo      0.00      0.00      0.00      0.00      0.00      0.00      0.00      0.00
21:40:05         eno1      0.00      0.00      0.00      0.00      0.00      0.00      0.00      0.00
21:40:05      wlp58s0      8.02      6.11      1.78      1.51      0.00      0.00      0.00      0.00
21:40:05    tailscale0      5.61      4.05      0.55      0.64      0.00      0.00      0.00      0.00
21:50:05           lo      0.00      0.00      0.00      0.00      0.00      0.00      0.00      0.00
21:50:05         eno1      0.00      0.00      0.00      0.00      0.00      0.00      0.00      0.00
21:50:05      wlp58s0      8.18      6.26      1.74      1.50      0.00      0.00      0.00      0.00
21:50:05    tailscale0      5.51      3.96      0.53      0.61      0.00      0.00      0.00      0.00
22:00:05           lo      0.01      0.01      0.00      0.00      0.00      0.00      0.00      0.00
22:00:05         eno1      0.00      0.00      0.00      0.00      0.00      0.00      0.00      0.00
22:00:05      wlp58s0      8.28      6.35      1.77      1.54      0.00      0.00      0.00      0.00
22:00:05    tailscale0      5.62      4.06      0.55      0.64      0.00      0.00      0.00      0.00
22:10:05           lo      0.00      0.00      0.00      0.00      0.00      0.00      0.00      0.00
22:10:05         eno1      0.00      0.00      0.00      0.00      0.00      0.00      0.00      0.00
22:10:05      wlp58s0      8.31      6.40      1.75      1.55      0.00      0.00      0.00      0.00
22:10:05    tailscale0      5.60      4.04      0.55      0.64      0.00      0.00      0.00      0.00
22:20:05           lo      0.00      0.00      0.00      0.00      0.00      0.00      0.00      0.00
22:20:05         eno1      0.00      0.00      0.00      0.00      0.00      0.00      0.00      0.00
22:20:05      wlp58s0      8.12      6.24      1.74      1.50      0.00      0.00      0.00      0.00
22:20:05    tailscale0      5.51      3.96      0.53      0.61      0.00      0.00      0.00      0.00
22:30:05           lo      0.00      0.00      0.00      0.00      0.00      0.00      0.00      0.00
22:30:05         eno1      0.00      0.00      0.00      0.00      0.00      0.00      0.00      0.00
22:30:05      wlp58s0      8.29      6.38      1.76      1.55      0.00      0.00      0.00      0.00
22:30:05    tailscale0      5.64      4.07      0.55      0.64      0.00      0.00      0.00      0.00
22:40:05           lo      0.00      0.00      0.00      0.00      0.00      0.00      0.00      0.00
22:40:05         eno1      0.00      0.00      0.00      0.00      0.00      0.00      0.00      0.00
22:40:05      wlp58s0      8.23      6.34      1.76      1.54      0.00      0.00      0.00      0.00
22:40:05    tailscale0      5.62      4.06      0.55      0.64      0.00      0.00      0.00      0.00
22:50:05           lo      0.00      0.00      0.00      0.00      0.00      0.00      0.00      0.00
22:50:05         eno1      0.00      0.00      0.00      0.00      0.00      0.00      0.00      0.00
22:50:05      wlp58s0      8.18      6.26      1.75      1.50      0.00      0.00      0.00      0.00
22:50:05    tailscale0      5.52      3.96      0.53      0.61      0.00      0.00      0.00      0.00
23:00:05           lo      0.01      0.01      0.00      0.00      0.00      0.00      0.00      0.00
23:00:05         eno1      0.00      0.00      0.00      0.00      0.00      0.00      0.00      0.00
23:00:05      wlp58s0      8.37      6.42      1.88      1.55      0.00      0.00      0.00      0.00
23:00:05    tailscale0      5.63      4.06      0.55      0.64      0.00      0.00      0.00      0.00
23:10:05           lo      0.00      0.00      0.00      0.00      0.00      0.00      0.00      0.00
23:10:05         eno1      0.00      0.00      0.00      0.00      0.00      0.00      0.00      0.00
23:10:05      wlp58s0      8.33      6.39      1.80      1.55      0.00      0.00      0.00      0.00
23:10:05    tailscale0      5.62      4.06      0.55      0.64      0.00      0.00      0.00      0.00
23:20:05           lo      0.00      0.00      0.00      0.00      0.00      0.00      0.00      0.00
23:20:05         eno1      0.00      0.00      0.00      0.00      0.00      0.00      0.00      0.00
23:20:05      wlp58s0      8.18      6.24      1.79      1.50      0.00      0.00      0.00      0.00
23:20:05    tailscale0      5.50      3.95      0.52      0.61      0.00      0.00      0.00      0.00
23:30:05           lo      0.00      0.00      0.00      0.00      0.00      0.00      0.00      0.00
23:30:05         eno1      0.00      0.00      0.00      0.00      0.00      0.00      0.00      0.00
23:30:05      wlp58s0      8.25      6.36      1.76      1.54      0.00      0.00      0.00      0.00
23:30:05    tailscale0      5.64      4.07      0.55      0.64      0.00      0.00      0.00      0.00
23:40:05           lo      0.00      0.00      0.00      0.00      0.00      0.00      0.00      0.00
23:40:05         eno1      0.00      0.00      0.00      0.00      0.00      0.00      0.00      0.00
23:40:05      wlp58s0      8.26      6.36      1.78      1.54      0.00      0.00      0.00      0.00
23:40:05    tailscale0      5.61      4.05      0.55      0.64      0.00      0.00      0.00      0.00
23:50:05           lo      0.01      0.01      0.00      0.00      0.00      0.00      0.00      0.00
23:50:05         eno1      0.00      0.00      0.00      0.00      0.00      0.00      0.00      0.00
23:50:05      wlp58s0      8.01      6.02      1.73      1.47      0.00      0.00      0.00      0.00
23:50:05    tailscale0      5.51      3.96      0.53      0.61      0.00      0.00      0.00      0.00
Average:           lo      0.00      0.00      0.00      0.00      0.00      0.00      0.00      0.00
Average:         eno1      0.00      0.00      0.00      0.00      0.00      0.00      0.00      0.00
Average:      wlp58s0      8.47      6.40      2.19      1.62      0.00      0.00      0.00      0.00
Average:    tailscale0      5.66      4.14      0.83      0.70      0.00      0.00      0.00      0.00
### SAR_NET_SA31
Linux 6.8.0-138-generic (pgain-nuc) 	08/31/26 	_x86_64_	(4 CPU)

00:00:05        IFACE   rxpck/s   txpck/s    rxkB/s    txkB/s   rxcmp/s   txcmp/s  rxmcst/s   %ifutil
00:10:05           lo      0.00      0.00      0.00      0.00      0.00      0.00      0.00      0.00
00:10:05         eno1      0.00      0.00      0.00      0.00      0.00      0.00      0.00      0.00
00:10:05      wlp58s0      8.60      6.78      1.80      1.78      0.00      0.00      0.00      0.00
00:10:05    tailscale0      5.99      4.44      0.62      0.82      0.00      0.00      0.00      0.00
00:20:05           lo      0.00      0.00      0.00      0.00      0.00      0.00      0.00      0.00
00:20:05         eno1      0.00      0.00      0.00      0.00      0.00      0.00      0.00      0.00
00:20:05      wlp58s0      8.24      6.44      1.73      1.57      0.00      0.00      0.00      0.00
00:20:05    tailscale0      5.68      4.12      0.56      0.66      0.00      0.00      0.00      0.00
00:30:04           lo      0.00      0.00      0.00      0.00      0.00      0.00      0.00      0.00
00:30:04         eno1      0.00      0.00      0.00      0.00      0.00      0.00      0.00      0.00
00:30:04      wlp58s0      8.22      6.40      1.70      1.55      0.00      0.00      0.00      0.00
00:30:04    tailscale0      5.62      4.06      0.55      0.64      0.00      0.00      0.00      0.00
00:40:05           lo      0.01      0.01      0.00      0.00      0.00      0.00      0.00      0.00
00:40:05         eno1      0.00      0.00      0.00      0.00      0.00      0.00      0.00      0.00
00:40:05      wlp58s0      8.48      6.50      1.90      1.58      0.00      0.00      0.00      0.00
00:40:05    tailscale0      5.72      4.14      0.58      0.66      0.00      0.00      0.00      0.00
00:50:05           lo      0.00      0.00      0.00      0.00      0.00      0.00      0.00      0.00
00:50:05         eno1      0.00      0.00      0.00      0.00      0.00      0.00      0.00      0.00
00:50:05      wlp58s0      8.05      6.28      1.78      1.50      0.00      0.00      0.00      0.00
00:50:05    tailscale0      5.49      3.94      0.52      0.61      0.00      0.00      0.00      0.00
01:00:03           lo      0.00      0.00      0.00      0.00      0.00      0.00      0.00      0.00
01:00:03         eno1      0.00      0.00      0.00      0.00      0.00      0.00      0.00      0.00
01:00:03      wlp58s0      8.28      6.38      1.83      1.55      0.00      0.00      0.00      0.00
01:00:03    tailscale0      5.61      4.05      0.55      0.64      0.00      0.00      0.00      0.00
01:10:05           lo      0.00      0.00      0.00      0.00      0.00      0.00      0.00      0.00
01:10:05         eno1      0.00      0.00      0.00      0.00      0.00      0.00      0.00      0.00
01:10:05      wlp58s0      8.27      6.36      1.82      1.54      0.00      0.00      0.00      0.00
01:10:05    tailscale0      5.59      4.04      0.55      0.64      0.00      0.00      0.00      0.00
01:20:05           lo      0.00      0.00      0.00      0.00      0.00      0.00      0.00      0.00
01:20:05         eno1      0.00      0.00      0.00      0.00      0.00      0.00      0.00      0.00
01:20:05      wlp58s0      8.20      6.30      1.81      1.51      0.00      0.00      0.00      0.00
01:20:05    tailscale0      5.52      3.97      0.53      0.61      0.00      0.00      0.00      0.00
01:30:05           lo      0.00      0.00      0.00      0.00      0.00      0.00      0.00      0.00
01:30:05         eno1      0.00      0.00      0.00      0.00      0.00      0.00      0.00      0.00
01:30:05      wlp58s0      8.26      6.35      1.82      1.54      0.00      0.00      0.00      0.00
01:30:05    tailscale0      5.62      4.06      0.55      0.64      0.00      0.00      0.00      0.00
01:40:03           lo      0.00      0.00      0.00      0.00      0.00      0.00      0.00      0.00
01:40:03         eno1      0.00      0.00      0.00      0.00      0.00      0.00      0.00      0.00
01:40:03      wlp58s0      8.31      6.39      1.83      1.55      0.00      0.00      0.00      0.00
01:40:03    tailscale0      5.63      4.07      0.55      0.64      0.00      0.00      0.00      0.00
01:50:05           lo      0.00      0.00      0.00      0.00      0.00      0.00      0.00      0.00
01:50:05         eno1      0.00      0.00      0.00      0.00      0.00      0.00      0.00      0.00
01:50:05      wlp58s0      8.18      6.25      1.78      1.50      0.00      0.00      0.00      0.00
01:50:05    tailscale0      5.51      3.96      0.53      0.61      0.00      0.00      0.00      0.00
02:00:05           lo      0.03      0.03      0.00      0.00      0.00      0.00      0.00      0.00
02:00:05         eno1      0.00      0.00      0.00      0.00      0.00      0.00      0.00      0.00
02:00:05      wlp58s0     10.65      6.61      5.23      1.57      0.00      0.00      0.00      0.00
02:00:05    tailscale0      5.63      4.06      0.55      0.64      0.00      0.00      0.00      0.00
02:10:05           lo      0.00      0.00      0.00      0.00      0.00      0.00      0.00      0.00
02:10:05         eno1      0.00      0.00      0.00      0.00      0.00      0.00      0.00      0.00
02:10:05      wlp58s0      8.26      6.34      1.82      1.54      0.00      0.00      0.00      0.00
02:10:05    tailscale0      5.63      4.06      0.55      0.64      0.00      0.00      0.00      0.00
02:20:05           lo      0.00      0.00      0.00      0.00      0.00      0.00      0.00      0.00
02:20:05         eno1      0.00      0.00      0.00      0.00      0.00      0.00      0.00      0.00
02:20:05      wlp58s0      8.24      6.28      1.84      1.50      0.00      0.00      0.00      0.00
02:20:05    tailscale0      5.51      3.96      0.53      0.61      0.00      0.00      0.00      0.00
02:30:05           lo      0.00      0.00      0.00      0.00      0.00      0.00      0.00      0.00
02:30:05         eno1      0.00      0.00      0.00      0.00      0.00      0.00      0.00      0.00
02:30:05      wlp58s0      8.01      6.09      1.86      1.51      0.00      0.00      0.00      0.00
02:30:05    tailscale0      5.59      4.04      0.55      0.64      0.00      0.00      0.00      0.00
02:40:03           lo      0.00      0.00      0.00      0.00      0.00      0.00      0.00      0.00
02:40:03         eno1      0.00      0.00      0.00      0.00      0.00      0.00      0.00      0.00
02:40:03      wlp58s0      8.36      6.36      1.90      1.54      0.00      0.00      0.00      0.00
02:40:03    tailscale0      5.62      4.06      0.55      0.64      0.00      0.00      0.00      0.00
02:50:05           lo      0.00      0.00      0.00      0.00      0.00      0.00      0.00      0.00
02:50:05         eno1      0.00      0.00      0.00      0.00      0.00      0.00      0.00      0.00
02:50:05      wlp58s0      8.18      6.23      1.85      1.49      0.00      0.00      0.00      0.00
02:50:05    tailscale0      5.48      3.94      0.52      0.61      0.00      0.00      0.00      0.00
03:00:05           lo      0.00      0.00      0.00      0.00      0.00      0.00      0.00      0.00
03:00:05         eno1      0.00      0.00      0.00      0.00      0.00      0.00      0.00      0.00
03:00:05      wlp58s0      8.25      6.32      1.88      1.53      0.00      0.00      0.00      0.00
03:00:05    tailscale0      5.55      4.00      0.54      0.63      0.00      0.00      0.00      0.00
03:10:01           lo      0.00      0.00      0.00      0.00      0.00      0.00      0.00      0.00
03:10:01         eno1      0.00      0.00      0.00      0.00      0.00      0.00      0.00      0.00
03:10:01      wlp58s0      8.31      6.38      1.89      1.54      0.00      0.00      0.00      0.00
03:10:01    tailscale0      5.60      4.04      0.55      0.64      0.00      0.00      0.00      0.00
03:20:03           lo      0.00      0.00      0.00      0.00      0.00      0.00      0.00      0.00
03:20:03         eno1      0.00      0.00      0.00      0.00      0.00      0.00      0.00      0.00
03:20:03      wlp58s0      8.16      6.23      1.79      1.50      0.00      0.00      0.00      0.00
03:20:03    tailscale0      5.49      3.95      0.52      0.61      0.00      0.00      0.00      0.00
03:30:05           lo      0.00      0.00      0.00      0.00      0.00      0.00      0.00      0.00
03:30:05         eno1      0.00      0.00      0.00      0.00      0.00      0.00      0.00      0.00
03:30:05      wlp58s0      8.29      6.32      1.85      1.54      0.00      0.00      0.00      0.00
03:30:05    tailscale0      5.63      4.06      0.55      0.64      0.00      0.00      0.00      0.00
03:40:05           lo      0.00      0.00      0.00      0.00      0.00      0.00      0.00      0.00
03:40:05         eno1      0.00      0.00      0.00      0.00      0.00      0.00      0.00      0.00
03:40:05      wlp58s0      8.31      6.36      1.85      1.54      0.00      0.00      0.00      0.00
03:40:05    tailscale0      5.58      4.03      0.55      0.64      0.00      0.00      0.00      0.00
03:50:05           lo      0.00      0.00      0.00      0.00      0.00      0.00      0.00      0.00
03:50:05         eno1      0.00      0.00      0.00      0.00      0.00      0.00      0.00      0.00
03:50:05      wlp58s0      8.23      6.26      1.84      1.50      0.00      0.00      0.00      0.00
03:50:05    tailscale0      5.51      3.96      0.53      0.61      0.00      0.00      0.00      0.00
04:00:03           lo      0.04      0.04      0.01      0.01      0.00      0.00      0.00      0.00
04:00:03         eno1      0.00      0.00      0.00      0.00      0.00      0.00      0.00      0.00
04:00:03      wlp58s0      9.85      7.22      3.88      1.65      0.00      0.00      0.00      0.00
04:00:03    tailscale0      5.62      4.06      0.55      0.64      0.00      0.00      0.00      0.00
04:10:05           lo      0.00      0.00      0.00      0.00      0.00      0.00      0.00      0.00
04:10:05         eno1      0.00      0.00      0.00      0.00      0.00      0.00      0.00      0.00
04:10:05      wlp58s0      8.43      6.46      1.86      1.54      0.00      0.00      0.00      0.00
04:10:05    tailscale0      5.62      4.06      0.55      0.64      0.00      0.00      0.00      0.00
04:20:02           lo      0.00      0.00      0.00      0.00      0.00      0.00      0.00      0.00
04:20:02         eno1      0.00      0.00      0.00      0.00      0.00      0.00      0.00      0.00
04:20:02      wlp58s0      8.38      6.41      1.78      1.43      0.00      0.00      0.00      0.00
04:20:02    tailscale0      5.59      4.02      0.53      0.62      0.00      0.00      0.00      0.00
04:30:05           lo      0.00      0.00      0.00      0.00      0.00      0.00      0.00      0.00
04:30:05         eno1      0.00      0.00      0.00      0.00      0.00      0.00      0.00      0.00
04:30:05      wlp58s0      8.50      6.53      1.77      1.48      0.00      0.00      0.00      0.00
04:30:05    tailscale0      5.68      4.10      0.55      0.65      0.00      0.00      0.00      0.00
04:40:03           lo      0.00      0.00      0.00      0.00      0.00      0.00      0.00      0.00
04:40:03         eno1      0.00      0.00      0.00      0.00      0.00      0.00      0.00      0.00
04:40:03      wlp58s0      8.73      6.56      1.77      1.48      0.00      0.00      0.00      0.00
04:40:03    tailscale0      5.68      4.10      0.55      0.65      0.00      0.00      0.00      0.00
04:50:05           lo      0.01      0.01      0.00      0.00      0.00      0.00      0.00      0.00
04:50:05         eno1      0.00      0.00      0.00      0.00      0.00      0.00      0.00      0.00
04:50:05      wlp58s0      8.51      6.56      1.73      1.47      0.00      0.00      0.00      0.00
04:50:05    tailscale0      5.70      4.12      0.56      0.65      0.00      0.00      0.00      0.00
05:00:05           lo      0.00      0.00      0.00      0.00      0.00      0.00      0.00      0.00
05:00:05         eno1      0.00      0.00      0.00      0.00      0.00      0.00      0.00      0.00
05:00:05      wlp58s0      8.84      6.93      1.82      1.63      0.00      0.00      0.00      0.00
05:00:05    tailscale0      5.99      4.43      0.61      0.76      0.00      0.00      0.00      0.00
05:10:05           lo      0.00      0.00      0.00      0.00      0.00      0.00      0.00      0.00
05:10:05         eno1      0.00      0.00      0.00      0.00      0.00      0.00      0.00      0.00
05:10:05      wlp58s0      9.04      7.14      1.93      1.85      0.00      0.00      0.00      0.00
05:10:05    tailscale0      6.16      4.57      0.65      0.95      0.00      0.00      0.00      0.00
05:20:03           lo      0.01      0.01      0.00      0.00      0.00      0.00      0.00      0.00
05:20:03         eno1      0.00      0.00      0.00      0.00      0.00      0.00      0.00      0.00
05:20:03      wlp58s0      8.44      6.46      1.75      1.44      0.00      0.00      0.00      0.00
05:20:03    tailscale0      5.58      4.01      0.53      0.62      0.00      0.00      0.00      0.00
05:30:05           lo      0.00      0.00      0.00      0.00      0.00      0.00      0.00      0.00
05:30:05         eno1      0.00      0.00      0.00      0.00      0.00      0.00      0.00      0.00
05:30:05      wlp58s0      8.34      6.33      1.76      1.45      0.00      0.00      0.00      0.00
05:30:05    tailscale0      5.69      4.11      0.56      0.65      0.00      0.00      0.00      0.00
05:40:03           lo      0.00      0.00      0.00      0.00      0.00      0.00      0.00      0.00
05:40:03         eno1      0.00      0.00      0.00      0.00      0.00      0.00      0.00      0.00
05:40:03      wlp58s0      8.51      6.57      1.71      1.48      0.00      0.00      0.00      0.00
05:40:03    tailscale0      5.69      4.11      0.56      0.65      0.00      0.00      0.00      0.00
05:50:05           lo      0.00      0.00      0.00      0.00      0.00      0.00      0.00      0.00
05:50:05         eno1      0.00      0.00      0.00      0.00      0.00      0.00      0.00      0.00
05:50:05      wlp58s0      8.33      6.42      1.65      1.43      0.00      0.00      0.00      0.00
05:50:05    tailscale0      5.55      3.99      0.53      0.61      0.00      0.00      0.00      0.00
06:00:05           lo      0.00      0.00      0.00      0.00      0.00      0.00      0.00      0.00
06:00:05         eno1      0.00      0.00      0.00      0.00      0.00      0.00      0.00      0.00
06:00:05      wlp58s0      8.53      6.58      1.70      1.48      0.00      0.00      0.00      0.00
06:00:05    tailscale0      5.69      4.11      0.56      0.65      0.00      0.00      0.00      0.00
06:10:05           lo      0.00      0.00      0.00      0.00      0.00      0.00      0.00      0.00
06:10:05         eno1      0.00      0.00      0.00      0.00      0.00      0.00      0.00      0.00
06:10:05      wlp58s0      8.52      6.59      1.68      1.48      0.00      0.00      0.00      0.00
06:10:05    tailscale0      5.71      4.12      0.56      0.65      0.00      0.00      0.00      0.00
06:20:03           lo      0.00      0.00      0.00      0.00      0.00      0.00      0.00      0.00
06:20:03         eno1      0.00      0.00      0.00      0.00      0.00      0.00      0.00      0.00
06:20:03      wlp58s0      8.41      6.47      1.71      1.44      0.00      0.00      0.00      0.00
06:20:03    tailscale0      5.59      4.01      0.53      0.62      0.00      0.00      0.00      0.00
06:30:05           lo      0.00      0.00      0.00      0.00      0.00      0.00      0.00      0.00
06:30:05         eno1      0.00      0.00      0.00      0.00      0.00      0.00      0.00      0.00
06:30:05      wlp58s0      8.57      6.62      1.72      1.49      0.00      0.00      0.00      0.00
06:30:05    tailscale0      5.71      4.12      0.56      0.65      0.00      0.00      0.00      0.00
06:40:05           lo      0.00      0.00      0.00      0.00      0.00      0.00      0.00      0.00
06:40:05         eno1      0.00      0.00      0.00      0.00      0.00      0.00      0.00      0.00
06:40:05      wlp58s0      8.52      6.56      1.72      1.48      0.00      0.00      0.00      0.00
06:40:05    tailscale0      5.68      4.10      0.55      0.65      0.00      0.00      0.00      0.00
06:50:05           lo      0.00      0.00      0.00      0.00      0.00      0.00      0.00      0.00
06:50:05         eno1      0.00      0.00      0.00      0.00      0.00      0.00      0.00      0.00
06:50:05      wlp58s0      8.45      6.47      1.79      1.44      0.00      0.00      0.00      0.00
06:50:05    tailscale0      5.56      3.99      0.53      0.62      0.00      0.00      0.00      0.00
07:00:05           lo      0.00      0.00      0.00      0.00      0.00      0.00      0.00      0.00
07:00:05         eno1      0.00      0.00      0.00      0.00      0.00      0.00      0.00      0.00
07:00:05      wlp58s0      8.60      6.60      1.84      1.49      0.00      0.00      0.00      0.00
07:00:05    tailscale0      5.71      4.12      0.56      0.65      0.00      0.00      0.00      0.00
07:10:05           lo      0.00      0.00      0.00      0.00      0.00      0.00      0.00      0.00
07:10:05         eno1      0.00      0.00      0.00      0.00      0.00      0.00      0.00      0.00
07:10:05      wlp58s0      8.65      6.60      1.82      1.49      0.00      0.00      0.00      0.00
07:10:05    tailscale0      5.69      4.11      0.56      0.65      0.00      0.00      0.00      0.00
07:20:05           lo      0.00      0.00      0.00      0.00      0.00      0.00      0.00      0.00
07:20:05         eno1      0.00      0.00      0.00      0.00      0.00      0.00      0.00      0.00
07:20:05      wlp58s0      8.45      6.44      1.73      1.43      0.00      0.00      0.00      0.00
07:20:05    tailscale0      5.57      4.01      0.53      0.62      0.00      0.00      0.00      0.00
07:30:05           lo      0.00      0.00      0.00      0.00      0.00      0.00      0.00      0.00
07:30:05         eno1      0.00      0.00      0.00      0.00      0.00      0.00      0.00      0.00
07:30:05      wlp58s0      8.42      6.52      1.76      1.55      0.00      0.00      0.00      0.00
07:30:05    tailscale0      5.64      4.08      0.55      0.64      0.00      0.00      0.00      0.00
07:40:05           lo      0.00      0.00      0.00      0.00      0.00      0.00      0.00      0.00
07:40:05         eno1      0.00      0.00      0.00      0.00      0.00      0.00      0.00      0.00
07:40:05      wlp58s0      8.55      6.58      1.89      1.58      0.00      0.00      0.00      0.00
07:40:05    tailscale0      5.60      4.05      0.55      0.64      0.00      0.00      0.00      0.00
07:50:03           lo      0.00      0.00      0.00      0.00      0.00      0.00      0.00      0.00
07:50:03         eno1      0.00      0.00      0.00      0.00      0.00      0.00      0.00      0.00
07:50:03      wlp58s0      8.41      6.43      1.85      1.51      0.00      0.00      0.00      0.00
07:50:03    tailscale0      5.51      3.96      0.53      0.61      0.00      0.00      0.00      0.00
08:00:05           lo      0.00      0.00      0.00      0.00      0.00      0.00      0.00      0.00
08:00:05         eno1      0.00      0.00      0.00      0.00      0.00      0.00      0.00      0.00
08:00:05      wlp58s0      8.18      6.18      1.88      1.51      0.00      0.00      0.00      0.00
08:00:05    tailscale0      5.60      4.04      0.55      0.64      0.00      0.00      0.00      0.00
08:10:05           lo      0.00      0.00      0.00      0.00      0.00      0.00      0.00      0.00
08:10:05         eno1      0.00      0.00      0.00      0.00      0.00      0.00      0.00      0.00
08:10:05      wlp58s0      8.47      6.50      1.89      1.56      0.00      0.00      0.00      0.00
08:10:05    tailscale0      5.61      4.05      0.55      0.64      0.00      0.00      0.00      0.00
08:20:05           lo      0.00      0.00      0.00      0.00      0.00      0.00      0.00      0.00
08:20:05         eno1      0.00      0.00      0.00      0.00      0.00      0.00      0.00      0.00
08:20:05      wlp58s0      8.40      6.41      1.85      1.51      0.00      0.00      0.00      0.00
08:20:05    tailscale0      5.48      3.94      0.52      0.61      0.00      0.00      0.00      0.00
08:30:03           lo      0.00      0.00      0.00      0.00      0.00      0.00      0.00      0.00
08:30:03         eno1      0.00      0.00      0.00      0.00      0.00      0.00      0.00      0.00
08:30:03      wlp58s0      8.51      6.56      1.93      1.57      0.00      0.00      0.00      0.00
08:30:03    tailscale0      5.61      4.05      0.55      0.64      0.00      0.00      0.00      0.00
08:40:05           lo      0.00      0.00      0.00      0.00      0.00      0.00      0.00      0.00
08:40:05         eno1      0.00      0.00      0.00      0.00      0.00      0.00      0.00      0.00
08:40:05      wlp58s0      8.42      6.50      1.88      1.55      0.00      0.00      0.00      0.00
08:40:05    tailscale0      5.59      4.03      0.55      0.64      0.00      0.00      0.00      0.00
08:50:05           lo      0.00      0.00      0.00      0.00      0.00      0.00      0.00      0.00
08:50:05         eno1      0.00      0.00      0.00      0.00      0.00      0.00      0.00      0.00
08:50:05      wlp58s0      8.37      6.40      1.88      1.51      0.00      0.00      0.00      0.00
08:50:05    tailscale0      5.48      3.93      0.52      0.61      0.00      0.00      0.00      0.00
09:00:05           lo      0.00      0.00      0.00      0.00      0.00      0.00      0.00      0.00
09:00:05         eno1      0.00      0.00      0.00      0.00      0.00      0.00      0.00      0.00
09:00:05      wlp58s0      8.54      6.55      1.93      1.56      0.00      0.00      0.00      0.00
09:00:05    tailscale0      5.61      4.05      0.55      0.64      0.00      0.00      0.00      0.00
09:10:05           lo      0.00      0.00      0.00      0.00      0.00      0.00      0.00      0.00
09:10:05         eno1      0.00      0.00      0.00      0.00      0.00      0.00      0.00      0.00
09:10:05      wlp58s0      8.51      6.54      1.96      1.56      0.00      0.00      0.00      0.00
09:10:05    tailscale0      5.60      4.04      0.55      0.64      0.00      0.00      0.00      0.00
09:20:05           lo      0.00      0.00      0.00      0.00      0.00      0.00      0.00      0.00
09:20:05         eno1      0.00      0.00      0.00      0.00      0.00      0.00      0.00      0.00
09:20:05      wlp58s0      9.28      7.34      2.09      1.83      0.00      0.00      0.00      0.00
09:20:05    tailscale0      6.34      4.78      0.68      0.91      0.00      0.00      0.00      0.00
09:30:05           lo      0.00      0.00      0.00      0.00      0.00      0.00      0.00      0.00
09:30:05         eno1      0.00      0.00      0.00      0.00      0.00      0.00      0.00      0.00
09:30:05      wlp58s0      8.73      6.63      1.89      1.51      0.00      0.00      0.00      0.00
09:30:05    tailscale0      5.74      4.16      0.57      0.67      0.00      0.00      0.00      0.00
09:40:05           lo      0.00      0.00      0.00      0.00      0.00      0.00      0.00      0.00
09:40:05         eno1      0.00      0.00      0.00      0.00      0.00      0.00      0.00      0.00
09:40:05      wlp58s0      8.71      6.69      1.86      1.51      0.00      0.00      0.00      0.00
09:40:05    tailscale0      5.80      4.20      0.59      0.67      0.00      0.00      0.00      0.00
09:50:05           lo      0.00      0.00      0.00      0.00      0.00      0.00      0.00      0.00
09:50:05         eno1      0.00      0.00      0.00      0.00      0.00      0.00      0.00      0.00
09:50:05      wlp58s0      8.58      6.67      1.81      1.60      0.00      0.00      0.00      0.00
09:50:05    tailscale0      5.74      4.17      0.56      0.76      0.00      0.00      0.00      0.00
10:00:05           lo      0.00      0.00      0.00      0.00      0.00      0.00      0.00      0.00
10:00:05         eno1      0.00      0.00      0.00      0.00      0.00      0.00      0.00      0.00
10:00:05      wlp58s0      8.58      6.61      1.82      1.48      0.00      0.00      0.00      0.00
10:00:05    tailscale0      5.70      4.11      0.56      0.65      0.00      0.00      0.00      0.00
10:10:05           lo      0.00      0.00      0.00      0.00      0.00      0.00      0.00      0.00
10:10:05         eno1      0.00      0.00      0.00      0.00      0.00      0.00      0.00      0.00
10:10:05      wlp58s0      8.34      6.32      1.80      1.45      0.00      0.00      0.00      0.00
10:10:05    tailscale0      5.70      4.11      0.56      0.65      0.00      0.00      0.00      0.00
10:20:05           lo      0.00      0.00      0.00      0.00      0.00      0.00      0.00      0.00
10:20:05         eno1      0.00      0.00      0.00      0.00      0.00      0.00      0.00      0.00
10:20:05      wlp58s0      8.42      6.47      1.78      1.46      0.00      0.00      0.00      0.00
10:20:05    tailscale0      5.57      4.01      0.53      0.62      0.00      0.00      0.00      0.00
10:30:05           lo      0.00      0.00      0.00      0.00      0.00      0.00      0.00      0.00
10:30:05         eno1      0.00      0.00      0.00      0.00      0.00      0.00      0.00      0.00
10:30:05      wlp58s0      8.54      6.56      1.92      1.56      0.00      0.00      0.00      0.00
10:30:05    tailscale0      5.62      4.07      0.55      0.64      0.00      0.00      0.00      0.00
10:40:05           lo      0.00      0.00      0.00      0.00      0.00      0.00      0.00      0.00
10:40:05         eno1      0.00      0.00      0.00      0.00      0.00      0.00      0.00      0.00
10:40:05      wlp58s0      8.56      6.55      1.94      1.56      0.00      0.00      0.00      0.00
10:40:05    tailscale0      5.64      4.07      0.55      0.64      0.00      0.00      0.00      0.00
10:50:05           lo      0.00      0.00      0.00      0.00      0.00      0.00      0.00      0.00
10:50:05         eno1      0.00      0.00      0.00      0.00      0.00      0.00      0.00      0.00
10:50:05      wlp58s0      8.42      6.44      1.90      1.52      0.00      0.00      0.00      0.00
10:50:05    tailscale0      5.51      3.95      0.53      0.61      0.00      0.00      0.00      0.00
11:00:05           lo      0.00      0.00      0.00      0.00      0.00      0.00      0.00      0.00
11:00:05         eno1      0.00      0.00      0.00      0.00      0.00      0.00      0.00      0.00
11:00:05      wlp58s0      8.48      6.50      1.91      1.55      0.00      0.00      0.00      0.00
11:00:05    tailscale0      5.62      4.06      0.55      0.64      0.00      0.00      0.00      0.00
11:10:05           lo      0.00      0.00      0.00      0.00      0.00      0.00      0.00      0.00
11:10:05         eno1      0.00      0.00      0.00      0.00      0.00      0.00      0.00      0.00
11:10:05      wlp58s0      8.55      6.53      1.94      1.56      0.00      0.00      0.00      0.00
11:10:05    tailscale0      5.62      4.05      0.55      0.64      0.00      0.00      0.00      0.00
11:20:05           lo      0.00      0.00      0.00      0.00      0.00      0.00      0.00      0.00
11:20:05         eno1      0.00      0.00      0.00      0.00      0.00      0.00      0.00      0.00
11:20:05      wlp58s0      8.44      6.46      1.89      1.51      0.00      0.00      0.00      0.00
11:20:05    tailscale0      5.50      3.95      0.52      0.61      0.00      0.00      0.00      0.00
11:30:05           lo      0.00      0.00      0.00      0.00      0.00      0.00      0.00      0.00
11:30:05         eno1      0.00      0.00      0.00      0.00      0.00      0.00      0.00      0.00
11:30:05      wlp58s0      8.50      6.52      1.90      1.56      0.00      0.00      0.00      0.00
11:30:05    tailscale0      5.62      4.06      0.55      0.64      0.00      0.00      0.00      0.00
11:40:00           lo      0.00      0.00      0.00      0.00      0.00      0.00      0.00      0.00
11:40:00         eno1      0.00      0.00      0.00      0.00      0.00      0.00      0.00      0.00
11:40:00      wlp58s0      8.43      6.51      1.85      1.55      0.00      0.00      0.00      0.00
11:40:00    tailscale0      5.60      4.05      0.55      0.64      0.00      0.00      0.00      0.00
11:50:05           lo      0.00      0.00      0.00      0.00      0.00      0.00      0.00      0.00
11:50:05         eno1      0.00      0.00      0.00      0.00      0.00      0.00      0.00      0.00
11:50:05      wlp58s0      8.28      6.35      1.85      1.50      0.00      0.00      0.00      0.00
11:50:05    tailscale0      5.42      3.89      0.52      0.60      0.00      0.00      0.00      0.00
12:00:05           lo      0.00      0.00      0.00      0.00      0.00      0.00      0.00      0.00
12:00:05         eno1      0.00      0.00      0.00      0.00      0.00      0.00      0.00      0.00
12:00:05      wlp58s0      8.54      6.55      1.91      1.56      0.00      0.00      0.00      0.00
12:00:05    tailscale0      5.56      4.02      0.54      0.64      0.00      0.00      0.00      0.00
12:10:05           lo      0.00      0.00      0.00      0.00      0.00      0.00      0.00      0.00
12:10:05         eno1      0.00      0.00      0.00      0.00      0.00      0.00      0.00      0.00
12:10:05      wlp58s0      8.35      6.43      1.78      1.45      0.00      0.00      0.00      0.00
12:10:05    tailscale0      5.50      3.98      0.54      0.63      0.00      0.00      0.00      0.00
12:20:05           lo      0.00      0.00      0.00      0.00      0.00      0.00      0.00      0.00
12:20:05         eno1      0.00      0.00      0.00      0.00      0.00      0.00      0.00      0.00
12:20:05      wlp58s0      8.46      6.47      1.78      1.44      0.00      0.00      0.00      0.00
12:20:05    tailscale0      5.54      3.98      0.53      0.61      0.00      0.00      0.00      0.00
12:30:05           lo      0.00      0.00      0.00      0.00      0.00      0.00      0.00      0.00
12:30:05         eno1      0.00      0.00      0.00      0.00      0.00      0.00      0.00      0.00
12:30:05      wlp58s0      8.53      6.58      1.79      1.48      0.00      0.00      0.00      0.00
12:30:05    tailscale0      5.66      4.09      0.55      0.65      0.00      0.00      0.00      0.00
12:40:05           lo      0.00      0.00      0.00      0.00      0.00      0.00      0.00      0.00
12:40:05         eno1      0.00      0.00      0.00      0.00      0.00      0.00      0.00      0.00
12:40:05      wlp58s0      8.50      6.56      1.76      1.47      0.00      0.00      0.00      0.00
12:40:05    tailscale0      5.64      4.07      0.55      0.64      0.00      0.00      0.00      0.00
12:50:05           lo      0.00      0.00      0.00      0.00      0.00      0.00      0.00      0.00
12:50:05         eno1      0.00      0.00      0.00      0.00      0.00      0.00      0.00      0.00
12:50:05      wlp58s0      8.18      6.17      1.74      1.40      0.00      0.00      0.00      0.00
12:50:05    tailscale0      5.54      3.98      0.53      0.61      0.00      0.00      0.00      0.00
13:00:05           lo      0.00      0.00      0.00      0.00      0.00      0.00      0.00      0.00
13:00:05         eno1      0.00      0.00      0.00      0.00      0.00      0.00      0.00      0.00
13:00:05      wlp58s0      8.58      6.60      1.85      1.48      0.00      0.00      0.00      0.00
13:00:05    tailscale0      5.67      4.09      0.55      0.65      0.00      0.00      0.00      0.00
13:10:05           lo      0.00      0.00      0.00      0.00      0.00      0.00      0.00      0.00
13:10:05         eno1      0.00      0.00      0.00      0.00      0.00      0.00      0.00      0.00
13:10:05      wlp58s0      8.54      6.58      1.84      1.48      0.00      0.00      0.00      0.00
13:10:05    tailscale0      5.65      4.08      0.55      0.64      0.00      0.00      0.00      0.00
13:20:01           lo      0.00      0.00      0.00      0.00      0.00      0.00      0.00      0.00
13:20:01         eno1      0.00      0.00      0.00      0.00      0.00      0.00      0.00      0.00
13:20:01      wlp58s0      8.95      7.29      1.86      2.14      0.00      0.00      0.00      0.00
13:20:01    tailscale0      6.08      4.57      0.62      1.22      0.00      0.00      0.00      0.00
13:30:05           lo      0.00      0.00      0.00      0.00      0.00      0.00      0.00      0.00
13:30:05         eno1      0.00      0.00      0.00      0.00      0.00      0.00      0.00      0.00
13:30:05      wlp58s0      8.58      6.64      1.72      1.50      0.00      0.00      0.00      0.00
13:30:05    tailscale0      5.73      4.17      0.56      0.67      0.00      0.00      0.00      0.00
13:40:05           lo      0.00      0.00      0.00      0.00      0.00      0.00      0.00      0.00
13:40:05         eno1      0.00      0.00      0.00      0.00      0.00      0.00      0.00      0.00
13:40:05      wlp58s0      8.53      6.56      1.77      1.48      0.00      0.00      0.00      0.00
13:40:05    tailscale0      5.66      4.09      0.55      0.65      0.00      0.00      0.00      0.00
13:50:05           lo      0.00      0.00      0.00      0.00      0.00      0.00      0.00      0.00
13:50:05         eno1      0.00      0.00      0.00      0.00      0.00      0.00      0.00      0.00
13:50:05      wlp58s0      8.54      6.54      1.81      1.46      0.00      0.00      0.00      0.00
13:50:05    tailscale0      5.63      4.07      0.55      0.63      0.00      0.00      0.00      0.00
14:00:05           lo      0.00      0.00      0.00      0.00      0.00      0.00      0.00      0.00
14:00:05         eno1      0.00      0.00      0.00      0.00      0.00      0.00      0.00      0.00
14:00:05      wlp58s0      8.55      6.55      1.84      1.47      0.00      0.00      0.00      0.00
14:00:05    tailscale0      5.67      4.09      0.55      0.65      0.00      0.00      0.00      0.00
14:10:05           lo      0.00      0.00      0.00      0.00      0.00      0.00      0.00      0.00
14:10:05         eno1      0.00      0.00      0.00      0.00      0.00      0.00      0.00      0.00
14:10:05      wlp58s0      8.50      6.53      1.82      1.47      0.00      0.00      0.00      0.00
14:10:05    tailscale0      5.64      4.07      0.55      0.64      0.00      0.00      0.00      0.00
14:20:05           lo      0.00      0.00      0.00      0.00      0.00      0.00      0.00      0.00
14:20:05         eno1      0.00      0.00      0.00      0.00      0.00      0.00      0.00      0.00
14:20:05      wlp58s0      8.48      6.49      1.81      1.44      0.00      0.00      0.00      0.00
14:20:05    tailscale0      5.54      3.98      0.53      0.61      0.00      0.00      0.00      0.00
14:30:05           lo      0.00      0.00      0.00      0.00      0.00      0.00      0.00      0.00
14:30:05         eno1      0.00      0.00      0.00      0.00      0.00      0.00      0.00      0.00
14:30:05      wlp58s0      8.56      6.57      1.85      1.48      0.00      0.00      0.00      0.00
14:30:05    tailscale0      5.65      4.08      0.55      0.64      0.00      0.00      0.00      0.00
14:40:05           lo      0.00      0.00      0.00      0.00      0.00      0.00      0.00      0.00
14:40:05         eno1      0.00      0.00      0.00      0.00      0.00      0.00      0.00      0.00
14:40:05      wlp58s0      8.53      6.56      1.81      1.48      0.00      0.00      0.00      0.00
14:40:05    tailscale0      5.65      4.08      0.55      0.64      0.00      0.00      0.00      0.00
14:50:05           lo      0.00      0.00      0.00      0.00      0.00      0.00      0.00      0.00
14:50:05         eno1      0.00      0.00      0.00      0.00      0.00      0.00      0.00      0.00
14:50:05      wlp58s0      8.47      6.47      1.80      1.44      0.00      0.00      0.00      0.00
14:50:05    tailscale0      5.57      4.00      0.53      0.62      0.00      0.00      0.00      0.00
15:00:05           lo      0.00      0.00      0.00      0.00      0.00      0.00      0.00      0.00
15:00:05         eno1      0.00      0.00      0.00      0.00      0.00      0.00      0.00      0.00
15:00:05      wlp58s0      8.55      6.55      1.85      1.48      0.00      0.00      0.00      0.00
15:00:05    tailscale0      5.68      4.10      0.55      0.65      0.00      0.00      0.00      0.00
15:10:05           lo      0.00      0.00      0.00      0.00      0.00      0.00      0.00      0.00
15:10:05         eno1      0.00      0.00      0.00      0.00      0.00      0.00      0.00      0.00
15:10:05      wlp58s0      8.54      6.55      1.80      1.48      0.00      0.00      0.00      0.00
15:10:05    tailscale0      5.68      4.10      0.55      0.65      0.00      0.00      0.00      0.00
15:20:05           lo      0.00      0.00      0.00      0.00      0.00      0.00      0.00      0.00
15:20:05         eno1      0.00      0.00      0.00      0.00      0.00      0.00      0.00      0.00
15:20:05      wlp58s0      8.54      6.54      1.78      1.45      0.00      0.00      0.00      0.00
15:20:05    tailscale0      5.56      4.00      0.53      0.62      0.00      0.00      0.00      0.00
15:30:05           lo      0.00      0.00      0.00      0.00      0.00      0.00      0.00      0.00
15:30:05         eno1      0.00      0.00      0.00      0.00      0.00      0.00      0.00      0.00
15:30:05      wlp58s0      8.59      6.62      1.79      1.48      0.00      0.00      0.00      0.00
15:30:05    tailscale0      5.68      4.10      0.55      0.65      0.00      0.00      0.00      0.00
15:40:05           lo      0.00      0.00      0.00      0.00      0.00      0.00      0.00      0.00
15:40:05         eno1      0.00      0.00      0.00      0.00      0.00      0.00      0.00      0.00
15:40:05      wlp58s0      8.24      6.25      1.76      1.44      0.00      0.00      0.00      0.00
15:40:05    tailscale0      5.67      4.09      0.55      0.65      0.00      0.00      0.00      0.00
15:50:05           lo      0.00      0.00      0.00      0.00      0.00      0.00      0.00      0.00
15:50:05         eno1      0.00      0.00      0.00      0.00      0.00      0.00      0.00      0.00
15:50:05      wlp58s0      8.49      6.50      1.78      1.44      0.00      0.00      0.00      0.00
15:50:05    tailscale0      5.57      4.00      0.53      0.62      0.00      0.00      0.00      0.00
16:00:03           lo      0.00      0.00      0.00      0.00      0.00      0.00      0.00      0.00
16:00:03         eno1      0.00      0.00      0.00      0.00      0.00      0.00      0.00      0.00
16:00:03      wlp58s0      8.56      6.61      1.81      1.48      0.00      0.00      0.00      0.00
16:00:03    tailscale0      5.68      4.10      0.55      0.65      0.00      0.00      0.00      0.00
16:10:05           lo      0.00      0.00      0.00      0.00      0.00      0.00      0.00      0.00
16:10:05         eno1      0.00      0.00      0.00      0.00      0.00      0.00      0.00      0.00
16:10:05      wlp58s0      8.50      6.58      1.69      1.48      0.00      0.00      0.00      0.00
16:10:05    tailscale0      5.68      4.10      0.55      0.65      0.00      0.00      0.00      0.00
16:20:05           lo      0.00      0.00      0.00      0.00      0.00      0.00      0.00      0.00
16:20:05         eno1      0.00      0.00      0.00      0.00      0.00      0.00      0.00      0.00
16:20:05      wlp58s0      8.39      6.46      1.63      1.44      0.00      0.00      0.00      0.00
16:20:05    tailscale0      5.58      4.01      0.53      0.62      0.00      0.00      0.00      0.00
Average:           lo      0.00      0.00      0.00      0.00      0.00      0.00      0.00      0.00
Average:         eno1      0.00      0.00      0.00      0.00      0.00      0.00      0.00      0.00
Average:      wlp58s0      8.49      6.51      1.88      1.52      0.00      0.00      0.00      0.00
Average:    tailscale0      5.64      4.08      0.55      0.65      0.00      0.00      0.00      0.00
### SAR_CSW_SA01
Linux 6.8.0-138-generic (pgain-nuc) 	09/01/26 	_x86_64_	(4 CPU)

05:33:33     LINUX RESTART	(4 CPU)

05:40:12       proc/s   cswch/s
05:50:01         0.32    326.04
06:00:02         0.10    351.23
06:10:02         0.05    324.17
06:20:01         0.06    318.99
06:30:24         0.07    322.12
06:40:22         0.25    322.67
06:50:01         0.05    317.21
07:00:12         0.07    324.36
07:10:24         0.05    322.54
07:20:01         0.06    319.06
07:30:02         0.06    322.37
07:40:20         0.05    322.31
07:50:01         0.05    318.76
08:00:17         0.05    324.42
08:10:02         0.05    322.36
08:20:01         1.86    453.67
08:30:12         0.06    323.19
08:40:24         0.06    325.45
08:50:01         0.05    318.81
09:00:24         0.05    321.73
09:10:02         0.07    319.35
09:20:01         0.06    318.83
09:30:24         0.05    320.93
09:40:24         0.05    319.64
09:50:01         0.06    317.27
10:00:24         0.05    320.69
10:10:12         0.05    318.66
10:20:02         0.06    318.92
10:30:02         0.05    322.00
10:40:24         0.05    320.62
10:50:02         0.05    320.49
11:00:24         0.06    323.39
11:10:02         0.11    325.74
11:20:02         0.07    319.24
11:30:12         0.05    322.37
11:40:24         0.05    322.58
11:50:00         0.05    318.58
12:00:24         0.05    318.99
12:10:12         0.05    320.29
12:20:02         0.06    317.50
12:30:12         0.05    320.60
12:40:24         0.05    320.77
12:50:02         0.05    319.93
13:00:24         0.07    323.28
13:10:12         0.05    323.73
13:20:02         0.07    322.24
13:30:02         0.05    321.54
13:40:24         0.05    322.34
13:50:00         0.05    771.53
14:00:24         0.61   2124.46
14:10:22         0.19   2107.98
14:20:00         0.07   2111.65
14:30:12         0.05   2101.64
14:40:24         0.05   2098.23
14:50:00         0.06   2101.80
15:00:24         0.06   2099.44
15:10:12         0.11   2095.09
15:20:00         0.06   2094.97
15:30:22         0.05   2103.35
15:40:24         0.05   2097.56
15:50:00         0.87   2135.29
16:00:24         0.07   2101.63
16:10:12         0.05   2093.60
16:20:00         0.06   2094.34
16:30:22         0.06   2104.10
16:40:24         0.06   2102.57
16:50:00         0.05   2108.35
17:00:24         0.06   2102.00
17:10:22         0.05   2090.20
17:20:00         0.06   2096.50
17:30:12         0.05   2096.60
17:40:24         0.05   2110.52
17:50:00         0.05   2094.82
18:00:24         0.07   2097.16
18:10:24         0.05   2107.26
18:20:00         0.06   2098.26
Average:         0.11    962.09
### SAR_CSW_SA03
Linux 6.8.0-138-generic (pgain-nuc) 	09/03/26 	_x86_64_	(4 CPU)

09:37:18     LINUX RESTART	(4 CPU)

09:40:29       proc/s   cswch/s
09:50:19         0.06    324.74
10:00:05         0.06    317.58
10:10:29         0.05    315.20
10:20:29         0.06    317.24
10:30:20         5.38    677.80
10:40:29         0.05    315.39
10:50:02         0.06    319.64
11:00:20         0.06    314.36
11:10:29         0.05    316.80
11:20:07         0.07    322.45
11:30:24         0.05    317.59
11:40:04         0.05    316.94
11:50:07         0.05    318.88
12:00:19         0.05    320.17
12:10:29         0.05    317.44
12:20:07         0.06    319.78
12:30:11         0.05    320.83
12:40:19         0.05    320.16
12:50:08         0.05    320.99
13:00:20         0.07    318.13
13:10:29         0.05    315.61
13:20:08         0.06    319.93
13:30:29         0.05    319.21
13:40:11         0.05    313.77
13:50:29         0.06    319.74
14:00:29         0.06    323.02
14:10:29         0.05    320.23
14:20:08         0.06    323.13
14:30:07         0.05    321.07
14:40:29         0.10    315.75
14:50:29         0.07   1228.52
15:00:20         0.06   2098.16
15:10:29         0.05   2102.06
15:20:29         0.07   2112.60
15:30:20         0.05   2097.44
15:40:29         0.05   2102.64
15:50:29         0.06   2096.69
16:00:20         0.05   2101.23
16:10:09         0.06   2101.94
16:20:04         0.06   2099.56
16:30:05         0.05   2105.30
16:40:19         0.05   2097.14
16:50:09         0.06   2110.00
17:00:20         0.05   2086.64
17:10:29         0.05   2082.30
17:20:17         1.36   2189.30
17:30:09         0.33   2108.36
17:40:29         0.05   2098.19
17:50:09         0.16   2107.28
18:00:20         0.06   2097.61
18:10:29         0.05   2088.42
18:20:29         0.85   2138.15
18:30:09         0.06   2093.07
18:40:29         0.05   2093.21
18:50:29         0.05   2095.80
19:00:12         0.07   2094.42
19:10:09         0.05   2096.68
19:20:29         0.06   2089.15
19:30:20         0.05   2089.59
19:40:29         0.05   2087.79
19:50:09         0.05   2091.10
20:00:20         0.07   2085.15
20:10:19         0.05   2094.94
20:20:29         0.07   2105.84
20:30:09         0.05   2100.11
20:40:29         0.05   2092.84
20:50:19         0.05   2100.03
21:00:20         0.05   2088.72
21:10:09         0.07   2088.50
21:20:29         0.06   2093.20
21:30:09         0.05   2085.28
21:40:26         0.06   2091.53
21:50:19         0.06   2101.76
22:00:20         0.05   2086.80
22:10:09         0.06   2095.89
22:20:24         0.06   2095.29
22:30:19         0.05   2089.13
22:40:29         0.06   1572.71
22:50:09         0.05   2096.88
23:00:20         0.05   2096.81
23:10:19         0.06   2096.20
23:20:29         0.06   2082.31
23:30:09         0.06   2090.51
23:40:29         0.06   2089.52
23:50:09         0.06   2098.60
Average:         0.15   1457.44
### SAR_CSW_SA04
Linux 6.8.0-138-generic (pgain-nuc) 	09/04/26 	_x86_64_	(4 CPU)

00:00:20       proc/s   cswch/s
00:10:15         0.21   2082.04
00:20:29         0.06   2087.95
00:30:19         0.05   2090.45
00:40:17         0.05   2078.26
00:50:19         0.05   2089.25
01:00:20         0.12   2094.90
01:10:09         0.05   1011.08
01:20:09         0.07    323.18
Average:         0.08   1733.67
### SAR_CSW_SA27
Linux 6.8.0-138-generic (pgain-nuc) 	08/27/26 	_x86_64_	(4 CPU)

00:00:21       proc/s   cswch/s
00:10:21         0.22    177.55
00:20:21         0.07    321.41
00:30:16         0.07    323.32
00:40:21         0.08    323.51
00:50:06         0.07    317.23
01:00:21         0.07    325.18
01:10:21         0.08    322.74
01:20:16         0.07    314.52
01:30:21         0.07    324.18
01:40:07         0.07    324.86
01:50:07         0.07   1091.32
02:00:16         0.07   2107.26
02:10:21         0.07   2096.88
02:20:07         0.08   2098.13
02:30:21         0.07   2118.44
02:40:21         0.07   2084.47
02:50:07         0.07   2092.77
03:00:21         0.07   2095.08
03:10:21         0.08   2104.43
03:20:07         1.22   2110.42
03:30:21         0.07   2094.45
03:40:21         0.07   2095.70
03:50:07         0.07   2099.22
04:00:21         0.07   2079.62
04:10:21         0.07   2111.86
04:20:07         0.09   2111.53
04:30:21         0.07   2115.55
04:40:21         0.08   2118.94
Average:         0.12   1426.51

11:50:53     LINUX RESTART	(4 CPU)

12:00:04       proc/s   cswch/s
12:10:04         0.06    308.02
12:20:04         0.26    307.62
12:30:04         0.05    310.84
12:40:04         0.05    307.24
12:50:04         0.06    304.45
13:00:04         0.06    308.48
13:10:04         0.06    321.32
13:20:04         1.02    511.09
13:30:03         0.27    433.38
13:40:04         0.09    345.98
13:50:04         0.09    328.65
14:00:02         0.10    328.76
14:10:04         0.07    313.82
14:20:04         0.06    297.76
14:30:04         0.07    287.97
14:40:04         0.05    288.05
14:50:04         0.05    297.12
15:00:04         0.05    315.60
15:10:04         0.06    309.66
15:20:04         0.06    304.00
15:30:04         0.05    313.48
15:40:04         0.05    321.52
15:50:04         0.07    301.63
16:00:04         0.05    325.30
16:10:04         0.05    324.40
16:20:04         0.06    319.26
16:30:04         1.08    435.55
16:40:04         0.95    620.99
16:50:04         0.05    327.82
17:00:04         0.05    324.84
17:10:04         0.05    324.97
17:20:04         0.07    324.81
17:30:04         0.05    325.93
17:40:04         0.05    326.29
17:50:04         0.05    229.18
18:00:04         0.10    123.60
18:10:02         0.05    313.51
18:20:04         0.06    325.66
18:30:04         0.06    323.81
18:40:04         0.05    325.99
18:50:04         0.06    263.39
19:00:04         0.06    308.63
19:10:04         0.05    305.85
19:20:04         0.55    333.09
19:30:04         0.07    314.31
19:40:04         0.05    303.39
19:50:02         0.05    307.23
20:00:04         0.05    307.74
20:10:04         0.05    305.09
20:20:04         0.07    310.89
20:30:02         0.05    307.26
20:40:04         0.05    303.88
20:50:04         0.05    305.48
21:00:04         0.05    309.01
21:10:02         0.05    306.51
21:20:04         0.84    377.01
21:30:04         0.06    309.92
21:40:04         0.06    303.95
21:50:00         0.26    316.02
22:00:04         0.15    309.54
22:10:02         0.05    304.24
22:20:04         0.06    311.28
22:30:04         0.05    311.25
22:40:04         0.05    227.94
22:50:02         0.05    306.71
23:00:04         0.06    252.25
23:10:04         0.06    171.89
23:20:04         0.06    323.10
23:30:02         0.05    216.13
23:40:04         0.05    249.76
23:50:04         0.06    280.60
Average:         0.13    313.40
### SAR_CSW_SA28
Linux 6.8.0-138-generic (pgain-nuc) 	08/28/26 	_x86_64_	(4 CPU)

00:00:04       proc/s   cswch/s
00:10:02         0.09    196.16
00:20:04         0.07    208.33
00:30:04         0.05    221.76
00:40:04         0.05    250.67
00:50:02         0.10    217.82
01:00:04         0.72    352.79
01:10:04         0.41    235.45
01:20:04         0.06    196.97
01:30:02         0.05    255.24
01:40:04         0.05    189.73
01:50:02         0.07    198.38
02:00:04         0.05    325.63
02:10:04         0.05    318.93
02:20:04         0.06    319.91
02:30:02         0.05    321.39
02:40:04         0.06    320.43
02:50:04         0.05    327.66
03:00:04         0.05    320.03
03:10:02         0.06    321.83
03:20:04         0.67    341.22
03:30:04         0.06    318.11
03:40:04         0.05    308.15
03:50:04         0.06    313.87
04:00:04         0.05    310.25
04:10:04         0.05    318.31
04:20:04         0.07    312.64
04:30:04         0.05   1656.41
04:40:04         0.06   2061.75
04:50:04         0.05   2067.14
05:00:04         0.05   2076.54
05:10:04         0.05   2069.63
05:20:04         0.07   2064.06
05:30:04         0.06   2075.61
05:40:04         0.05   2072.83
05:50:04         0.05   2069.84
06:00:04         0.55   2075.99
06:10:04         2.71   2244.60
06:20:04         0.07   2073.44
06:30:04         0.07   2095.78
06:40:04         0.05   2064.31
06:50:04         0.05   2083.84
07:00:04         0.05   2071.89
07:10:04         0.05   2088.40
07:20:04         0.06   2083.97
07:30:04         0.05   2091.00
07:40:04         0.05    572.84
07:50:04         0.50    467.08
08:00:04         0.34   2096.65
08:10:04         0.05   2074.36
08:20:04         0.06   2075.04
08:30:02         0.06   2079.60
08:40:04         0.05   2063.62
08:50:04         0.05   2090.87
09:00:04         0.07   2088.26
09:10:02         0.06   2080.16
09:20:04         1.09   2096.10
09:30:04         0.05   2066.16
09:40:03         0.05   2067.15
09:50:02         0.05   2094.08
10:00:04         0.06   2078.34
10:10:04         0.07   2069.92
10:20:04         0.06   2086.84
10:30:04         0.05   2071.12
10:40:04         0.05   2076.82
10:50:04         0.05   2095.31
11:00:04         0.06   2102.50
11:10:04         0.06   2074.65
11:20:04         0.06   2101.73
11:30:04         0.79   2122.32
11:40:04         0.33   2115.53
11:50:04         0.15   2082.92
12:00:04         0.07   2078.88
12:10:04         0.07   2077.36
12:20:04         0.06   2069.00
12:30:04         0.05   2071.86
12:40:04         0.05   2079.12
12:50:04         0.11   2099.14
13:00:04         0.06   2104.71
13:10:04         0.06   2079.96
13:20:04         0.07   2073.32
13:30:04         0.05   2089.55
13:40:04         0.78   2122.32
13:50:04         0.05   2113.68
14:00:04         0.51   2131.69
14:10:04         0.05    690.87
14:20:02         0.06    305.36
14:30:04         0.05    305.66
14:40:04         0.06    316.23
14:50:04         0.05    567.48
15:00:04         0.06   2079.71
15:10:04         0.05   2071.70
15:20:04         0.06   2076.98
15:30:04         0.07   2090.10
15:40:04         0.05   2090.41
15:50:04         0.06   2098.14
16:00:04         0.05   2065.95
16:10:04         0.07   2090.01
16:20:04         1.27   2131.25
16:30:04         0.16   2101.58
16:40:02         0.05   2087.20
16:50:04         0.05   2067.47
17:00:04         0.05   2094.04
17:10:04         0.06   2068.41
17:20:04         0.06   2072.39
17:30:02         0.06   2086.66
17:40:04         0.05   2090.33
17:50:04         0.07   2069.24
18:00:04         0.05   2092.18
18:10:02         1.55   2122.76
18:20:04         0.06   2086.34
18:30:04         0.05   2075.67
18:40:04         0.05   2081.36
18:50:02         0.06   2093.13
19:00:04         0.05   2103.65
19:10:04         0.05   2066.54
19:20:04         0.06   2068.08
19:30:02         0.06   2062.43
19:40:04         0.05   2066.66
19:50:04         0.07   2079.08
20:00:04         0.05   2089.49
20:10:02         1.00   2169.17
20:20:04         0.26   2113.82
20:30:02         0.05   2084.59
20:40:04         0.07   2090.34
20:50:04         0.05   2077.09
21:00:04         0.05   2089.84
21:10:02         0.06   2096.43
21:20:04         0.06   2089.18
21:30:04         0.06   2087.11
21:40:04         0.05   2089.20
21:50:02         0.64   2114.54
22:00:04         0.05   2090.31
22:10:04         0.06   2087.05
22:20:04         0.06   2090.70
22:30:02         0.07   2091.91
22:40:04         0.05   2092.86
22:50:04         0.05   2089.48
23:00:04         0.05   2071.23
23:10:04         0.05   2078.77
23:20:04         0.06   2061.74
23:30:04         0.06   2072.69
23:40:04         0.07   2094.90
23:50:04         0.74   2113.71
Average:         0.16   1676.44
### SAR_CSW_SA29
Linux 6.8.0-138-generic (pgain-nuc) 	08/29/26 	_x86_64_	(4 CPU)

00:00:04       proc/s   cswch/s
00:10:02         1.19   2107.44
00:20:04         1.06   2125.44
00:30:03         0.97   2094.12
00:40:04         1.13   2101.62
00:50:02         0.05   2057.74
01:00:04         0.06   2087.06
01:10:04         0.05   2086.07
01:20:04         0.06   2074.62
01:30:04         0.05   2063.58
01:40:04         0.06   2083.86
01:50:04         0.05   2073.00
02:00:04         0.12   2082.87
02:10:04         0.05   2094.60
Average:         0.38   2087.09
### SAR_CSW_SA30
Linux 6.8.0-138-generic (pgain-nuc) 	08/30/26 	_x86_64_	(4 CPU)

00:32:34     LINUX RESTART	(4 CPU)

00:40:05       proc/s   cswch/s
00:50:05         0.06    322.55
01:00:05         0.51    334.78
01:10:05         0.05    322.66
01:20:05         0.06    320.85
01:30:05         0.05    323.39
01:40:05         0.05    317.00
01:50:05         0.11    317.47
02:00:05         0.07    322.09
02:10:05         0.05    317.13
02:20:03         0.07    319.54
02:30:05         1.69    377.13
02:40:03         1.22    359.51
02:50:01         1.04    356.44
03:00:05         1.05    355.10
03:10:01         1.06    348.91
03:20:05         1.06    359.78
03:30:00         1.16    356.57
03:40:05         0.94    344.78
03:50:05         1.05    354.61
04:00:05         1.05    355.81
04:10:00         1.06   1378.61
04:20:05         0.95   2133.13
04:30:05         1.16    402.69
04:40:05         1.04    350.25
04:50:05         1.05    356.08
05:00:05         1.05    357.77
05:10:05         0.95    347.68
05:20:05         1.05    355.39
05:30:05         1.15    355.83
05:40:05         1.05    353.48
05:50:00         1.43    376.29
06:00:05         1.54    464.39
06:10:00         1.39    496.09
06:20:05         2.20    821.11
06:30:05         1.51    435.95
06:40:05         1.15    354.73
06:50:05         0.96    352.15
07:00:05         1.05    355.46
07:10:05         1.05    353.00
07:20:05         1.05    361.90
07:30:05         1.16    356.84
07:40:05         0.95    350.32
07:50:05         1.05    357.92
08:00:05         1.06    359.47
08:10:05         1.05    354.19
08:20:05         1.06    356.50
08:30:03         0.45    225.59
08:40:05         0.38    210.05
08:50:05         1.05    337.05
09:00:00         0.96    333.89
09:10:04         0.25    191.34
09:20:05         0.46    226.68
09:30:05         0.76    263.80
09:40:05         1.06    362.03
09:50:05         1.04    340.47
10:00:03         0.96    337.73
10:10:03         3.89    501.33
10:20:05         1.23    542.58
10:30:05         1.28    477.91
10:40:05         0.07    428.74
10:50:03         0.05    306.23
11:00:05         0.05    252.29
11:10:05         0.05    190.01
11:20:05         0.06    259.03
11:30:03         0.05    824.72
11:40:05         0.05    320.88
11:50:05         0.07    323.88
12:00:05         0.05    325.71
12:10:03         0.05    324.17
12:20:05         0.06    325.85
12:30:03         0.05    324.07
12:40:05         0.06    320.75
12:50:05         0.05    324.51
13:00:05         0.05    328.63
13:10:03         0.05    321.26
13:20:05         0.08    325.51
13:30:05         0.44    545.39
13:40:05         0.50    697.16
13:50:03         0.05    323.08
14:00:05         0.05    325.16
14:10:01         0.05    326.21
14:20:05         0.06    320.57
14:30:03         0.05    329.49
14:40:05         0.05    327.06
14:50:05         0.37    330.16
15:00:05         0.93    439.82
15:10:03         0.85    864.89
15:20:00         1.11    445.34
15:30:05         0.32    340.83
15:40:05         0.11    330.38
15:50:05         0.06    323.44
16:00:05         0.06    324.92
16:10:03         0.06    323.92
16:20:05         0.07    320.15
16:30:05         0.05    325.94
16:40:03         0.05    324.23
16:50:03         0.05    321.32
17:00:05         0.05    325.28
17:10:05         0.05    324.89
17:20:05         0.06    320.42
17:30:03         0.07    326.53
17:40:05         0.05    324.67
17:50:05         0.05    320.55
18:00:05         0.05    326.77
18:10:05         0.06    323.92
18:20:05         0.06    324.14
18:30:05         0.05    324.08
18:40:02         0.05    324.14
18:50:05         0.05    316.19
19:00:05         0.05    324.51
19:10:05         0.07    323.54
19:20:05         0.06    320.22
19:30:05         0.05    323.94
19:40:05         0.05    324.81
19:50:05         0.05    324.27
20:00:05         1.14    359.34
20:10:05         0.60    354.60
20:20:05         0.24    327.65
20:30:05         0.06    324.50
20:40:05         0.05    325.92
20:50:05         0.07    324.22
21:00:05         0.05    327.27
21:10:05         0.05    329.70
21:20:05         0.06    321.03
21:30:05         0.05    323.89
21:40:05         0.06    321.89
21:50:05         0.05    320.04
22:00:05         0.07    326.20
22:10:05         0.05    325.69
22:20:05         0.06    322.05
22:30:05         0.05    328.92
22:40:05         0.05    325.60
22:50:05         0.05    322.49
23:00:05         0.07    325.78
23:10:05         0.05    326.49
23:20:05         0.06    320.34
23:30:05         0.06    323.22
23:40:05         0.05    327.27
23:50:05         0.07    321.44
Average:         0.48    372.32
### SAR_CSW_SA31
Linux 6.8.0-138-generic (pgain-nuc) 	08/31/26 	_x86_64_	(4 CPU)

00:00:05       proc/s   cswch/s
00:10:05         0.94    356.60
00:20:05         0.44    333.01
00:30:04         0.06    327.05
00:40:05         0.26    423.05
00:50:05         0.06    324.81
01:00:03         0.05    324.87
01:10:05         0.05    327.53
01:20:05         0.06    320.62
01:30:05         0.05    324.06
01:40:03         0.05    325.54
01:50:05         0.05    320.93
02:00:05         0.07    328.67
02:10:05         0.05    322.20
02:20:05         0.06    320.61
02:30:05         0.07    323.85
02:40:03         0.05    324.32
02:50:05         0.05    322.48
03:00:05         0.05    322.41
03:10:01         0.06    324.35
03:20:03         0.06    322.31
03:30:05         0.05    324.23
03:40:05         0.05    322.05
03:50:05         0.05    322.09
04:00:03         0.85    347.54
04:10:05         0.05    324.75
04:20:02         0.06    323.20
04:30:05         0.06    328.05
04:40:03         0.05    329.95
04:50:05         0.47    330.14
05:00:05         0.82    349.85
05:10:05         0.89    362.52
05:20:03         0.10    325.11
05:30:05         0.05    325.01
05:40:03         0.05    327.63
05:50:05         0.05    320.50
06:00:05         0.07    328.01
06:10:05         0.05    325.91
06:20:03         0.06    324.36
06:30:05         0.26    330.89
06:40:05         0.05    326.68
06:50:05         0.05    323.68
07:00:05         0.07    328.42
07:10:05         0.06    329.79
07:20:05         0.06    324.74
07:30:05         0.05    325.53
07:40:05         0.05    329.88
07:50:03         0.06    326.62
08:00:05         0.05    320.82
08:10:05         0.06    327.71
08:20:05         0.06    320.16
08:30:03         0.05    327.73
08:40:05         0.05    324.04
08:50:05         0.06    321.36
09:00:05         0.05    327.51
09:10:05         0.07    327.85
09:20:05         4.58    406.86
09:30:05         0.17    341.04
09:40:05         0.24    334.05
09:50:05         0.33    335.14
10:00:05         0.05    326.96
10:10:05         0.05    323.20
10:20:05         0.06    323.36
10:30:05         0.20    330.55
10:40:05         0.05    326.53
10:50:05         0.08    327.09
11:00:05         0.05    326.47
11:10:05         0.05    328.51
11:20:05         0.06    323.34
11:30:05         0.05    325.90
11:40:00         0.05    327.33
11:50:05         0.07    321.33
12:00:05         0.05    328.22
12:10:05         0.06    320.49
12:20:05         0.06    322.23
12:30:05         0.06    326.07
12:40:05         0.05    322.68
12:50:05         0.06    320.85
13:00:05         0.06    331.59
13:10:05         0.05    327.74
13:20:01         1.01    369.02
13:30:05         0.24    426.62
13:40:05         0.07    325.99
13:50:05         0.23    331.04
14:00:05         0.05    327.78
14:10:05         0.05    324.37
14:20:05         0.06    324.16
14:30:05         0.05    326.22
14:40:05         0.06    324.32
14:50:05         0.06    325.34
15:00:05         0.05    324.51
15:10:05         0.06    325.65
15:20:05         0.06    324.06
15:30:05         0.06    325.73
15:40:05         0.05    321.17
15:50:05         0.05    322.75
16:00:03         0.05    326.91
16:10:05         0.05    325.73
16:20:05         0.06    323.71
Average:         0.17    330.17
