### SAR_R_SA23
Linux 6.8.0-138-generic (pgain-nuc) 	08/23/26 	_x86_64_	(4 CPU)

14:02:07     LINUX RESTART	(4 CPU)

14:10:03    kbmemfree   kbavail kbmemused  %memused kbbuffers  kbcached  kbcommit   %commit  kbactive   kbinact   kbdirty
14:20:03      3943776  17393308  14878140     45.43     43624  13756544  16900208     45.74  14921780  13518308        72
14:30:03      3943776  17393520  14877920     45.43     43848  13756552  16900208     45.74  14921780  13518516         0
14:40:03      3946244  17405544  14865672     45.39     44600  13765156  16909288     45.77  14930576  13520136         0
14:50:03     10989368  17415948  14855940     45.36     22096   6755624  16909396     45.77  12726740   8691972         0
15:00:03     10742200  21485196  10776504     32.90     19296  11065900  16946180     45.87    868276  20777032         0
15:10:03     10714520  21477952  10779204     32.91     22048  11079240  16909552     45.77    873324  20785276         0
15:20:03     10724972  21506248  10750764     32.83     22876  11096068  16909552     45.77    886312  20789964         0
15:30:03     31961976  32050288    226856      0.69     36736    409004    515196      1.39    217216    273120         0
15:40:03     13350752  29509428   2633672      8.04     61128  16050860   4542352     12.29   2375120  15874912    139024
15:50:03      6845428  26817356   5306012     16.20     46308  19773468   5304956     14.36   4918064  19661236        24
16:00:03     13600796  26616404   5507232     16.82     46588  12987296   5767836     15.61   5424388  12875460         0
16:10:03     13699736  27075740   5047704     15.41     47000  13352400   5311876     14.38   4968776  13240728         0
16:20:01     13726316  27075028   5048412     15.41     47232  13325532   5311876     14.38   4968776  13214100         0
16:30:01     13980908  27075256   5048216     15.41     47464  13077336   5313504     14.38   4970004  12966152         0
16:40:03     14276900  27076680   5046660     15.41     47684  12789652   5311920     14.38   4968844  12678656        72
16:50:03     14757820  27076604   5046760     15.41     47900  12319964   5314992     14.39   4971804  12209176         0
17:00:03     15212964  26975944   5147492     15.72     48156  11777324   5413296     14.65   5070108  11666808         0
17:10:03     15580604  26879076   5244336     16.01     48340  11323860   5519940     14.94   5168592  11213528         0
17:20:03     16045448  26766240   5357236     16.36     48588  10759668   5631424     15.24   5281628  10649608        76
17:30:03     21485764  31853376    270212      0.83     49236  10414428    521564      1.41    208740  10304892         0
17:40:03     21484252  31852120    271484      0.83     49476  10414436    521576      1.41    208696  10305148         4
17:50:03     21482560  31853516    270136      0.82     50428  10416564    521836      1.41    209644  10307644         0
18:00:03     21614968  31781132    342520      1.05     50668  10216636    521988      1.41    209816  10107956         0
18:10:03       354564   6609688  25523492     77.93     37208   6380904  25814496     69.87   7004484  24720460        80
18:20:01       464564    349004  31892652     97.38      3296    178836  33365636     90.31  20283688  11579728         4
18:30:03       734300    572284  31715980     96.84      3496     85536  33675008     91.15  23023540   8537676         0
18:40:03       733800    572036  31715984     96.84      3728     85796  33674968     91.15  23023692   8537976         0
18:50:03       733296    571640  31716252     96.84      3928     85828  33674968     91.15  23023712   8538172         0
19:00:03       732540    571044  31716740     96.84      4176     85868  33674968     91.15  23023744   8538460         0
19:10:03       732792    571408  31716256     96.84      4400     85880  33674968     91.15  23023744   8538688         0
19:20:03       732792    571540  31715996     96.84      4640     85892  33674968     91.15  23023744   8538948         0
19:30:03       723484    566620  31716496     96.84      4860     94460  33674968     91.15  23031812   8539656         0
19:40:03       722728    565996  31717016     96.84      5068     94504  33674968     91.15  23031848   8539884         0
19:50:01       722724    566100  31716792     96.84      5276     94512  33674968     91.15  23031848   8540100         0
20:00:03       721648    565152  31717560     96.84      5524     94540  33674968     91.15  23031868   8540340         4
20:10:03       721648    565292  31717328     96.84      5756     94576  33674968     91.15  23031888   8540596         0
20:20:03       686700    538672  31735580     96.90      9688    107344  33674968     91.15  23035484   8553676         0
20:30:03       686952    539208  31734700     96.90      9928    107680  33675096     91.15  23035836   8553912        76
20:40:03       689468    541840  31731976     96.89     10144    107700  33674968     91.15  23035612   8554156         4
20:50:03       689276    541832  31731816     96.89     10352    107840  33674968     91.15  23035960   8554400         0
21:00:03       689372    542072  31731476     96.89     10560    107924  33675096     91.15  23036040   8554612         0
21:10:03       324172    491580  31732732     96.89     13968    462820  33673996     91.14  23058532   8892072         0
21:20:02       263076    109776  32169472     98.22      4988    104624  35477528     96.03  22355584   9703792       336
21:30:03     32333972  32138952    185144      0.57     10288     72204    515956      1.40     60452     34192         4
21:40:03       806832    669364  31597352     96.48     11988    185360  33508520     90.70   1688092  29862076        12
21:50:01       727824   4365208  27862052     85.07     12456   3998964  28201140     76.33  27734332   3909932        16
22:00:00       358068   3504212  28756452     87.80      6272   3481724  30960964     83.80  28635148   3374408        16
22:10:03       353600   1368708  30891824     94.32      6680   1350284  32253576     87.30  30768852   1240220         0
22:20:03      2330276   3026428  29234060     89.26      9992   1027956  30591484     82.80  29116380    913844         0
22:30:03     21884984  26953544   5306920     16.20     10276   5400068   5340992     14.46   4858200   5286216         8
22:40:03     11853692  18069020  14191416     43.33     11236   6545864  14571976     39.44  14126688   6432888         0
22:50:01     11850168  18065712  14194708     43.34     11452   6545876  14571976     39.44  14126688   6433104         0
23:00:03     11849664  18065360  14194992     43.34     11660   6545884  14571976     39.44  14126688   6433252         4
23:10:03     11862012  18078108  14182288     43.30     11876   6546024  14571976     39.44  14126844   6433520         0
23:20:03     11859748  18076064  14184336     43.31     12076   6546032  14571976     39.44  14126844   6433736         4
23:30:03     11858992  18075568  14184840     43.31     12308   6546048  14571976     39.44  14126624   6433996         0
23:40:03     11869696  18086752  14173700     43.28     12692   6546144  14565292     39.42  14126100   6431868         4
23:50:03     11859760  18077124  14183392     43.31     12940   6546188  14565292     39.42  14126032   6432164         0
Average:      8459159  14233704  17996360     54.95     22698   5986572  19393052     52.49  13643545  10117811      2411
### SAR_W_SA23
Linux 6.8.0-138-generic (pgain-nuc) 	08/23/26 	_x86_64_	(4 CPU)

14:02:07     LINUX RESTART	(4 CPU)

14:10:03     pswpin/s pswpout/s
14:20:03         0.00      0.00
14:30:03         0.00      0.00
14:40:03         0.00      0.00
14:50:03         0.00      0.00
15:00:03         0.02   1705.90
15:10:03         0.08      0.00
15:20:03         0.00      0.00
15:30:03         5.16      0.00
15:40:03         0.00      0.00
15:50:03         0.00      0.00
16:00:03         0.00      0.00
16:10:03         0.00      0.00
16:20:01         0.00      0.00
16:30:01         0.00      0.00
16:40:03         0.00      0.00
16:50:03         0.00      0.00
17:00:03         0.00      0.00
17:10:03         0.00      0.00
17:20:03         0.00      0.00
17:30:03         0.00      0.00
17:40:03         0.00      0.00
17:50:03         0.00      0.00
18:00:03         0.00      0.00
18:10:03         0.00      1.83
18:20:01        43.84    506.43
18:30:03       191.58    439.00
18:40:03         0.00      0.00
18:50:03         0.00      0.00
19:00:03         0.00      0.00
19:10:03         0.00      0.00
19:20:03         0.00      0.00
19:30:03         0.00      0.00
19:40:03         0.00      0.00
19:50:01         0.00      0.00
20:00:03         0.00      0.00
20:10:03         0.00      0.00
20:20:03         0.00      0.00
20:30:03         0.01      0.00
20:40:03         0.00      0.00
20:50:03         0.00      0.00
21:00:03         0.00      0.00
21:10:03         0.16      0.00
21:20:02       469.32   1022.12
21:30:03       808.21   1283.36
21:40:03         7.12    677.97
21:50:01        33.19    604.87
22:00:00         0.00      0.92
22:10:03         0.12      0.00
22:20:03         0.74      0.00
22:30:03         4.67     49.90
22:40:03         0.00      0.00
22:50:01         0.00      0.00
23:00:03         0.00      0.00
23:10:03         0.01      0.00
23:20:03         0.00      0.00
23:30:03         0.00      0.00
23:40:03         0.22      0.00
23:50:03         0.00      0.00
Average:        26.99    108.45
### SAR_R_SA24
Linux 6.8.0-138-generic (pgain-nuc) 	08/24/26 	_x86_64_	(4 CPU)

00:00:03    kbmemfree   kbavail kbmemused  %memused kbbuffers  kbcached  kbcommit   %commit  kbactive   kbinact   kbdirty
00:10:03       384028   5405012  26855280     82.00     16116   5346516  27198952     73.62  26934156   5049432       108
00:20:01       365704   1511508  30748700     93.88     16396   1471100  31193224     84.43  30803752   1174228        16
00:30:00       414936    683980  31576380     96.41     16628    594064  32474104     87.90   1095704  30877120         0
00:40:03       462324    718132  31542200     96.31     16936    580528  32579792     88.18   1397412  30506728         0
00:50:03       753212   1025036  31235272     95.37     17176    596336  32250532     87.29   1078184  30522740         0
01:00:03       751448   1023840  31236508     95.37     17432    596616  32250532     87.29   1078452  30523044         4
01:10:03       681576   1037360  31222492     95.33     45912    651080  32250532     87.29   1144700  30539756         0
01:20:03       678092   1034100  31225684     95.34     46152    651092  32250532     87.29   1144700  30539984         0
01:30:03       677588   1033860  31225880     95.34     46384    651108  32250532     87.29   1144700  30540240         0
01:40:03       677100   1033716  31226064     95.34     46584    651244  32250532     87.29   1144828  30540456         0
01:50:03       676344   1033212  31226528     95.34     46824    651252  32250532     87.29   1144828  30540704         0
02:00:03       675336   1032416  31227320     95.35     47016    651268  32250532     87.29   1144828  30540912         0
02:10:03       674328   1031608  31228120     95.35     47208    651276  32250528     87.29   1144828  30541112         0
02:20:03       673572   1031136  31228608     95.35     47464    651288  32250532     87.29   1144828  30541388         0
02:30:03       672816   1030588  31229152     95.35     47664    651296  32250532     87.29   1144828  30541596         0
02:40:00       672060   1030080  31229632     95.35     47912    651308  32250532     87.29   1144828  30541840         4
02:50:03       671052   1029280  31230440     95.36     48104    651316  32250532     87.29   1144828  30542048         0
03:00:03       669792   1028256  31231436     95.36     48336    651332  32250532     87.29   1144828  30542280         0
03:10:01       668280   1026928  31232732     95.36     48544    651340  32250532     87.29   1144828  30542460         0
03:20:03       668028   1026960  31232724     95.36     48784    651352  32250532     87.29   1144832  30542740         0
03:30:03       667272   1026424  31233268     95.36     48984    651360  32250532     87.29   1144832  30542956         0
03:40:03       665256   1024684  31235064     95.37     49224    651376  32250532     87.29   1144832  30543236         0
03:50:03       664752   1024380  31235328     95.37     49448    651388  32250532     87.29   1144832  30543436         0
04:00:03       664524   1024440  31235288     95.37     49696    651400  32250532     87.29   1144836  30543720         0
04:10:03       664020   1024164  31235524     95.37     49912    651412  32250532     87.29   1144836  30543944        12
04:20:03       663796   1024176  31235520     95.37     50120    651420  32250532     87.29   1144836  30544176         0
04:30:03       663796   1024536  31235124     95.37     50344    651556  32250532     87.29   1144744  30544408         0
04:40:03       663292   1024276  31235376     95.37     50568    651572  32250532     87.29   1144964  30544648         0
04:50:03       661780   1022968  31236668     95.37     50760    651580  32250532     87.29   1144964  30544848         0
05:00:03       662032   1023460  31236168     95.37     50992    651592  32250532     87.29   1144964  30545084         0
05:10:03       661424   1023060  31236548     95.37     51192    651604  32250532     87.29   1144964  30545292         0
05:20:03       661520   1023388  31236188     95.37     51432    651620  32250532     87.29   1144964  30545520         0
05:30:03       659756   1021888  31237716     95.38     51656    651624  32250532     87.29   1144964  30545780         0
05:40:03       635752    998156  31261400     95.45     51896    651660  32254788     87.30   1147576  30546036        72
05:50:03       641792   1004492  31255012     95.43     52168    651672  32254788     87.30   1147576  30546328         0
06:00:03       640812   1003736  31255736     95.43     52376    651684  32254788     87.30   1147576  30546548         0
06:10:03       647620   1010772  31248688     95.41     52592    651692  32254788     87.30   1147576  30546772         0
06:20:03       646864   1010228  31249232     95.41     52792    651704  32254788     87.30   1147576  30546980         0
06:30:03       645856   1009444  31250048     95.42     52984    651736  32254788     87.30   1147576  30547204        88
06:40:03       645100   1008916  31250580     95.42     53192    651748  32254788     87.30   1147576  30547428         0
06:50:03       569264    974672  31275780     95.49     66044    673076  32113308     86.92   1137640  30599148         0
07:00:02       581412    993696  31256904     95.44     67680    678292  32107212     86.90   1135368  30605680         0
07:10:03       582100    994652  31256020     95.43     67912    678320  32107212     86.90   1135368  30605948         0
07:20:03       582352    995132  31255548     95.43     68136    678332  32107212     86.90   1135368  30606184         0
07:30:03       582852    995864  31254852     95.43     68360    678340  32107212     86.90   1135372  30606416         0
07:40:03       587176   1000392  31250264     95.42     68592    678360  32107216     86.90   1135376  30606620         0
07:50:03       585664    999168  31251544     95.42     68816    678368  32107216     86.90   1135376  30606908         0
08:00:03       560968    979648  31267496     95.47     70568    678520  32107216     86.90   1135504  30608644        12
08:10:03       426308    646932  31600216     96.48     62856    488204  32723436     88.57   1673736  30248288         0
08:20:03       421284    642752  31604264     96.50     63288    488620  32723576     88.57   1664420  30240684        16
08:30:03       371400    593536  31653520     96.65     63696    488884  32988196     89.29   1969456  30002784         4
08:40:03       366112    588420  31658624     96.66     63904    488896  32988196     89.29   1969412  30003000         0
08:50:03       369156    592024  31655040     96.65     64136    489204  32988196     89.29   1969732  30003244         0
09:00:03       366556    589648  31657428     96.66     64336    489216  32988196     89.29   1969760  30003444         0
09:10:03       365800    589132  31657952     96.66     64568    489224  32988196     89.29   1969764  30003680         0
09:20:03       365044    588616  31658484     96.66     64776    489240  32988196     89.29   1969764  30003920         0
09:30:03       362524    586320  31660768     96.67     65000    489252  32988196     89.29   1969764  30004144         0
09:40:03       361516    585624  31661456     96.67     65216    489356  32988196     89.29   1970060  30004372         0
09:50:03       361012    585360  31661696     96.67     65440    489364  32988196     89.29   1970060  30004612         0
10:00:03       360004    584584  31662488     96.67     65656    489380  32988196     89.29   1970060  30004844         0
10:10:03       359248    584032  31663028     96.68     65864    489384  32988196     89.29   1970060  30005048         4
10:20:03       358240    583248  31663804     96.68     66088    489392  32988196     89.29   1970060  30005272        84
10:30:00       373856    614364  31632596     96.58     66388    504568  32988196     89.29   1971408  30019484       624
10:40:03      1310296   8631316  23615448     72.10     66860   7584644  23834544     64.51  23621880   7447264      1216
10:50:03       351756    605044  31641500     96.61     67192    516588  34514320     93.42  18078804  13908072         4
11:00:03       359668    621128  31625488     96.56     67520    524444  34941292     94.57   6957472  25025520        12
11:10:03       352996    614660  31631940     96.58     67736    524448  34941292     94.57   6957244  25025732         4
11:20:03       345908    607776  31638808     96.60     67936    524464  34941292     94.57   6957436  25025964         0
11:30:03       343564    605720  31640888     96.61     68184    524480  34941292     94.57   6957476  25026212         4
11:40:03       342808    605156  31641448     96.61     68376    524480  34941292     94.57   6957480  25026404         0
11:50:01       348416    611032  31635528     96.59     68624    524496  34941292     94.57   6957476  25026676        12
12:00:03       342476    605472  31641100     96.61     68856    524632  34941292     94.57   6957608  25026924         0
12:10:03       341720    604952  31641612     96.61     69088    524644  34941292     94.57   6957608  25027160         4
12:20:00       340964    604448  31642124     96.61     69328    524656  34941292     94.57   6957608  25027412         0
12:30:03       340208    603936  31642640     96.61     69560    524664  34941292     94.57   6957612  25027652         0
12:40:01       338472    602412  31644112     96.62     69760    524672  34941292     94.57   6957608  25027868         0
12:50:03       324400    577572  31668480     96.69     70752    512780  35001820     94.74   8380716  23632508         4
13:00:03       474692    603424  31642456     96.61     51904    407000  34944624     94.58   8330716  23503612       184
13:10:03       503916    636708  31609152     96.51     52540    410412  34944624     94.58   8330988  23507436         4
13:20:03       495280    628216  31617620     96.54     52796    410284  34944624     94.58   8330988  23507564        12
13:30:03       487132    620280  31625520     96.56     53036    410292  34944624     94.58   8330968  23507796         4
13:40:03       480688    614072  31631744     96.58     53244    410304  34944624     94.58   8330976  23508024         0
13:50:03       471872    605524  31640328     96.61     53492    410320  34944624     94.58   8330976  23508292         4
14:00:03       464532    598404  31647464     96.63     53684    410328  34944624     94.58   8330988  23508500         0
14:10:03       455716    594624  31651380     96.64     56080    412692  34944624     94.58   8331668  23512596         8
14:20:03       454528    595124  31650792     96.64     57508    412944  34944624     94.58   8331756  23514144         0
14:30:03       454840    595732  31650228     96.64     57744    412960  34944624     94.58   8331760  23514436         0
14:40:03       451440    592572  31653396     96.65     57968    412968  34944624     94.58   8331768  23514668         0
14:50:03       451556    592856  31653048     96.65     58180    412984  34944624     94.58   8331724  23514880         0
15:00:03       450348    591960  31654004     96.65     58424    412996  34944624     94.58   8331764  23515152         0
15:10:03       450096    591884  31654048     96.65     58624    413004  34944624     94.58   8331764  23515328         4
15:20:03       449844    591912  31654048     96.65     58868    413012  34944624     94.58   8331764  23515608         4
15:30:03       452908    595112  31650756     96.64     59064    413028  34944624     94.58   8331724  23515784         0
15:40:03       452656    595108  31650840     96.64     59272    413036  34944624     94.58   8331764  23515992        28
15:50:03       320984    585100  31659532     96.67     61256    531512  34965148     94.64   8469736  23508156         8
16:00:03       333076    598796  31645808     96.62     62016    532332  35632980     96.45  28143324   3864308         4
16:10:03       546904    637328  31609888     96.51     22892    398660  35700092     96.63  30575772   1187036     23444
16:20:03       670724    672472  31575508     96.41     24012    309444  35633092     96.45  30552028   1092316        12
16:30:03       670220    672224  31575800     96.41     24240    309460  35633092     96.45  30552028   1092572        88
16:40:03       669720    671896  31576132     96.41     24436    309468  35633092     96.45  30552028   1092744         0
16:50:03       669468    671920  31576188     96.41     24684    309480  35633092     96.45  30552028   1093020         4
17:00:03       669468    672176  31575964     96.41     24904    309488  35633092     96.45  30552028   1093276         0
17:10:03       669468    672548  31575588     96.41     25148    309624  35633092     96.45  30552156   1093520         4
17:20:03       669220    672516  31575612     96.41     25356    309640  35633092     96.45  30552156   1093736         0
17:30:03       668464    671996  31576132     96.41     25584    309648  35633092     96.45  30552160   1093972         4
17:40:03       668464    672196  31575916     96.41     25788    309660  35633092     96.45  30552160   1094172         0
17:50:03       668464    672396  31575712     96.41     25980    309672  35633092     96.45  30552160   1094372         0
18:00:03       651504    657904  31590204     96.45     26268    311840  35779556     96.84  30543784   1104976        12
18:10:03       651624    658296  31589860     96.45     26496    311876  35779560     96.84  30543908   1105248         0
18:20:03       650616    657500  31590644     96.46     26720    311888  35779560     96.84  30543924   1105460         0
18:30:03       650112    657264  31590916     96.46     26940    311900  35779560     96.84  30543924   1105728         0
18:40:03       649104    656472  31591684     96.46     27176    311908  35779560     96.84  30543924   1105944         0
18:50:03       649204    656800  31591348     96.46     27400    311920  35779560     96.84  30543704   1106172         0
19:00:03       648196    656036  31592136     96.46     27612    311928  35779560     96.84  30543924   1106416         0
19:10:03       647692    655800  31592372     96.46     27864    311944  35779560     96.84  30543924   1106684         0
19:20:03       647096    655408  31592728     96.46     28084    311956  35779560     96.84  30543924   1106888         0
19:30:03       647176    655736  31592444     96.46     28284    311960  35779560     96.84  30543924   1107136         0
19:40:03       647296    656088  31592084     96.46     28512    311972  35779560     96.84  30543924   1107368         0
19:50:03       647044    656052  31592100     96.46     28732    311988  35779560     96.84  30543924   1107584         0
20:00:03       647484    656732  31591440     96.46     28948    311992  35779560     96.84  30543924   1107824         0
20:10:03       647456    656972  31591208     96.46     29192    312008  35779560     96.84  30543924   1108092         0
20:20:03       647672    657408  31590764     96.46     29412    312016  35779560     96.84  30543924   1108312        92
20:30:03       647304    657272  31590888     96.46     29652    312020  35779560     96.84  30543924   1108544         4
20:40:03       646552    656752  31591392     96.46     29872    312036  35779560     96.84  30543924   1108776         0
20:50:03       646804    657252  31590924     96.46     30084    312056  35779560     96.84  30543924   1109024         0
21:00:03       631376    649040  31599136     96.48     31700    317652  35779560     96.84  30544800   1115280         0
21:10:03       634344    652208  31595932     96.47     31920    317660  35779560     96.84  30544888   1115480         4
21:20:03       634136    652408  31595768     96.47     32164    317800  35779560     96.84  30545016   1115760         0
21:30:03       650260    668712  31579460     96.42     32388    317800  35775304     96.83  30543004   1115152         0
21:40:02       650400    669128  31579092     96.42     32608    317808  35775304     96.83  30543224   1115428         0
21:50:03       650036    669008  31579204     96.42     32844    317824  35775304     96.83  30543224   1115672        24
22:00:03       649928    669108  31579096     96.42     33048    317836  35775304     96.83  30543224   1115880         0
22:10:03       650132    669536  31578660     96.42     33272    317844  35775304     96.83  30543224   1116104         0
22:20:03       650348    670004  31578188     96.42     33516    317856  35775304     96.83  30543224   1116356         0
22:30:03       650848    670780  31577440     96.41     33752    317868  35775304     96.83  30543004   1116632         0
22:40:02       650596    670716  31577464     96.41     33976    317872  35775304     96.83  30543224   1116820         4
22:50:03       650092    670440  31577772     96.42     34156    317888  35775304     96.83  30543224   1117048         0
23:00:03       657000    677596  31570652     96.39     34400    317900  35775304     96.83  30543224   1117312         0
23:10:03       656968    677772  31570476     96.39     34592    317916  35775304     96.83  30543224   1117520         0
23:20:03       656632    677688  31570552     96.39     34844    317924  35775304     96.83  30543224   1117772         0
23:30:03       656904    678192  31570056     96.39     35056    317936  35775304     96.83  30543224   1118004         0
23:40:03       656400    677904  31570328     96.39     35280    317944  35775304     96.83  30543224   1118220         0
23:50:03       656148    677876  31570348     96.39     35500    317956  35775304     96.83  30543224   1118444         0
Average:       565436    847622  31403300     95.88     47021    569127  33972345     91.95  13146119  18615643       184
### SAR_W_SA24
Linux 6.8.0-138-generic (pgain-nuc) 	08/24/26 	_x86_64_	(4 CPU)

00:00:03     pswpin/s pswpout/s
00:10:03         0.12      0.00
00:20:01         0.00      0.00
00:30:00         0.41    185.58
00:40:03         4.89    108.33
00:50:03         0.47      0.00
01:00:03         0.00      0.00
01:10:03         0.00      0.00
01:20:03         0.00      0.00
01:30:03         0.00      0.00
01:40:03         0.00      0.00
01:50:03         0.00      0.00
02:00:03         0.00      0.00
02:10:03         0.00      0.00
02:20:03         0.00      0.00
02:30:03         0.00      0.00
02:40:00         0.00      0.00
02:50:03         0.00      0.00
03:00:03         0.00      0.00
03:10:01         0.00      0.00
03:20:03         0.00      0.00
03:30:03         0.00      0.00
03:40:03         0.00      0.00
03:50:03         0.00      0.00
04:00:03         0.00      0.00
04:10:03         0.00      0.00
04:20:03         0.00      0.00
04:30:03         0.00      0.00
04:40:03         0.00      0.00
04:50:03         0.00      0.00
05:00:03         0.00      0.00
05:10:03         0.00      0.00
05:20:03         0.00      0.00
05:30:03         0.00      0.00
05:40:03         0.00      0.00
05:50:03         0.00      0.00
06:00:03         0.00      0.00
06:10:03         0.00      0.00
06:20:03         0.00      0.00
06:30:03         0.00      0.00
06:40:03         0.00      0.00
06:50:03         1.18      0.11
07:00:02         0.01      0.00
07:10:03         0.00      0.00
07:20:03         0.00      0.00
07:30:03         0.00      0.00
07:40:03         0.00      0.00
07:50:03         0.00      0.00
08:00:03         0.00      0.00
08:10:03         0.61     89.51
08:20:03         0.00      3.32
08:30:03         1.43     99.49
08:40:03         0.00      0.00
08:50:03         0.00      0.00
09:00:03         0.00      0.00
09:10:03         0.00      0.00
09:20:03         0.00      0.00
09:30:03         0.00      0.00
09:40:03         0.08      0.00
09:50:03         0.00      0.00
10:00:03         0.00      0.00
10:10:03         0.00      0.00
10:20:03         0.00      0.00
10:30:00         0.03      0.00
10:40:03       175.09   1148.04
10:50:03       526.54   1653.48
11:00:03        63.89    245.16
11:10:03         0.00      0.00
11:20:03         0.00      0.00
11:30:03         0.00      0.00
11:40:03         0.00      0.00
11:50:01         0.00      0.00
12:00:03         0.00      0.00
12:10:03         0.00      0.00
12:20:00         0.00      0.00
12:30:03         0.00      0.00
12:40:01         0.00      0.00
12:50:03        16.14     19.01
13:00:03         0.00      0.11
13:10:03         0.00      0.00
13:20:03         0.00      0.00
13:30:03         0.00      0.00
13:40:03         0.00      0.00
13:50:03         0.00      0.00
14:00:03         0.00      0.00
14:10:03         0.00      0.00
14:20:03         0.00      0.00
14:30:03         0.00      0.00
14:40:03         0.00      0.00
14:50:03         0.00      0.00
15:00:03         0.00      0.00
15:10:03         0.00      0.00
15:20:03         0.00      0.00
15:30:03         0.00      0.00
15:40:03         0.00      0.00
15:50:03         0.00      0.05
16:00:03       303.22    575.17
16:10:03         0.52     42.95
16:20:03         0.00      0.00
16:30:03         0.00      0.00
16:40:03         0.00      0.00
16:50:03         0.00      0.00
17:00:03         0.00      0.00
17:10:03         0.00      0.00
17:20:03         0.00      0.00
17:30:03         0.00      0.00
17:40:03         0.00      0.00
17:50:03         0.00      0.00
18:00:03         0.00      0.00
18:10:03         0.00      0.00
18:20:03         0.00      0.00
18:30:03         0.00      0.00
18:40:03         0.00      0.00
18:50:03         0.00      0.00
19:00:03         0.00      0.00
19:10:03         0.00      0.00
19:20:03         0.00      0.00
19:30:03         0.00      0.00
19:40:03         0.00      0.00
19:50:03         0.00      0.00
20:00:03         0.00      0.00
20:10:03         0.00      0.00
20:20:03         0.00      0.00
20:30:03         0.00      0.00
20:40:03         0.00      0.00
20:50:03         0.00      0.00
21:00:03         0.00      0.00
21:10:03         0.00      0.00
21:20:03         0.00      0.00
21:30:03         0.00      0.00
21:40:02         0.00      0.00
21:50:03         0.00      0.00
22:00:03         0.00      0.00
22:10:03         0.00      0.00
22:20:03         0.00      0.00
22:30:03         0.00      0.00
22:40:02         0.00      0.00
22:50:03         0.00      0.00
23:00:03         0.00      0.00
23:10:03         0.00      0.00
23:20:03         0.00      0.00
23:30:03         0.00      0.00
23:40:03         0.00      0.00
23:50:03         0.00      0.00
Average:         7.66     29.20
### SAR_R_SA25
Linux 6.8.0-138-generic (pgain-nuc) 	08/25/26 	_x86_64_	(4 CPU)

00:00:03    kbmemfree   kbavail kbmemused  %memused kbbuffers  kbcached  kbcommit   %commit  kbactive   kbinact   kbdirty
00:10:03       656940    684996  31563176     96.37     36396    323424  35775300     96.83  30546960   1121532         8
00:20:03       669348    697684  31550408     96.33     36644    323448  35775428     96.83  30547104   1121764         0
00:30:03       668848    697420  31550632     96.33     36832    323456  35775428     96.83  30547116   1122000         4
Average:       665045    693367  31554739     96.35     36624    323443  35775385     96.83  30547060   1121765         4

00:37:34     LINUX RESTART	(4 CPU)

00:47:30     LINUX RESTART	(4 CPU)

00:50:01    kbmemfree   kbavail kbmemused  %memused kbbuffers  kbcached  kbcommit   %commit  kbactive   kbinact   kbdirty
01:00:06     22530824  27323060   4961612     15.15     50196   5104180   5077384     13.74   4954520   4948272         0
01:10:01     22532432  27325416   4959128     15.14     50848   5104192   5077384     13.74   4954520   4948924         0
01:20:11     22532208  27325460   4959096     15.14     51088   5104228   5077384     13.74   4954532   4949176         4
01:30:11     22531736  27325232   4959256     15.14     51300   5104240   5077384     13.74   4954532   4949416         0
01:40:01     22531736  27325464   4959060     15.14     51492   5104252   5077384     13.74   4954536   4949644        12
01:50:00     22531512  27325524   4958960     15.14     51640   5104384   5077384     13.74   4954668   4949796         0
02:00:05     22505748  27334816   4948396     15.11     52760   5137896   5152800     13.95   4994920   4952896         0
02:10:10     22505748  27335000   4948196     15.11     52952   5137908   5152800     13.95   4994924   4953076         0
02:20:11     22503984  27333476   4949680     15.11     53164   5137920   5152800     13.95   4994924   4953316         0
02:30:11     22504156  27333836   4949284     15.11     53324   5137928   5152800     13.95   4994924   4953492         0
02:40:11     22514492  27344328   4938760     15.08     53480   5137936   5152800     13.95   4994932   4953648       112
02:50:00     22514268  27344268   4938800     15.08     53636   5137940   5152800     13.95   4994932   4953808         4
03:00:05     22514268  27344376   4938604     15.08     53788   5137944   5152800     13.95   4994932   4953916         4
03:10:01     22513796  27344112   4938932     15.08     53944   5137952   5152800     13.95   4995152   4954120         4
03:20:11     22513556  27344040   4938960     15.08     54116   5137960   5152800     13.95   4994932   4954284         4
03:30:11     22167656  27308700   4971616     15.18     54756   5445768   5153200     13.95   4999856   5257904         4
03:40:11     22156448  27302852   4977076     15.20     55720   5449760   5152800     13.95   5000532   5262208         4
03:50:00     22156448  27303040   4976820     15.20     55888   5449768   5152800     13.95   5000532   5262384         0
04:00:05     22155976  27302708   4977092     15.20     56024   5449772   5153024     13.95   5000536   5262516         0
04:10:10     22155976  27302884   4976916     15.20     56180   5449776   5153024     13.95   5000536   5262688         0
04:20:11     22156568  27303664   4976156     15.19     56352   5449788   5153024     13.95   5000516   5262876         0
04:30:11     22156820  27304060   4975760     15.19     56504   5449792   5153024     13.95   5000536   5263016         0
04:40:11     22156820  27304244   4975556     15.19     56668   5449800   5153024     13.95   5000536   5263196         0
04:50:00     22156596  27304172   4975600     15.19     56840   5449804   5153024     13.95   5000316   5263348         4
05:00:05     22156344  27304128   4975656     15.19     57020   5449812   5153024     13.95   5000548   5263552         0
05:10:10     22163432  27311364   4968348     15.17     57192   5449816   5153024     13.95   5000556   5263696         4
05:20:11     22163432  27311564   4968140     15.17     57380   5449824   5153024     13.95   5000556   5263892         4
05:30:11     22163432  27311768   4967936     15.17     57532   5449824   5153024     13.95   5000556   5264092         0
05:40:11     22163432  27311952   4967748     15.17     57708   5449836   5153024     13.95   5000556   5264272         4
05:50:11     22163432  27312108   4967632     15.17     57856   5449840   5153024     13.95   5000556   5264424         4
06:00:04     22163208  27312012   4967692     15.17     58000   5449844   5153024     13.95   5000556   5264548         0
06:10:09     22163208  27312212   4967500     15.17     58156   5449848   5153024     13.95   5000556   5264740         0
06:20:11     22163208  27312412   4967240     15.17     58364   5449860   5153024     13.95   5000556   5264936         0
06:30:11     22163208  27312800   4966844     15.17     58540   5450088   5153024     13.95   5000740   5265140         0
06:40:11     22163208  27312984   4966680     15.16     58692   5450092   5153024     13.95   5000740   5265324         0
06:50:11     22167640  27317824   4961804     15.15     58924   5450268   5153024     13.95   5000852   5265596         0
07:00:04     22166784  27317164   4962488     15.15     59080   5450276   5153024     13.95   5000852   5265788         0
07:10:09     22166532  27317072   4962576     15.15     59232   5450276   5153024     13.95   5000852   5265948         0
07:20:11     22166532  27317240   4962372     15.15     59404   5450284   5153024     13.95   5000852   5266112         0
07:30:11     22169196  27320192   4959348     15.14     59588   5450420   5153024     13.95   5000980   5266268         4
07:40:11     22169196  27320416   4959140     15.14     59768   5450428   5153024     13.95   5000980   5266492         4
07:50:11     22168972  27320332   4959232     15.14     59912   5450428   5153024     13.95   5000980   5266628         4
08:00:04     22168720  27320252   4959328     15.14     60068   5450436   5153024     13.95   5000980   5266800         0
08:10:09     22168720  27320540   4958992     15.14     60236   5450572   5153024     13.95   5001108   5266960         0
08:20:11     22168244  27320272   4959276     15.14     60404   5450576   5153024     13.95   5001108   5267164         0
08:30:11     22168244  27320388   4959136     15.14     60552   5450580   5153024     13.95   5001112   5267276         0
08:40:11     22168496  27320824   4958704     15.14     60708   5450588   5153024     13.95   5001112   5267460         0
08:50:11     22168496  27320972   4958532     15.14     60856   5450592   5153024     13.95   5001112   5267608         0
09:00:04     22167740  27320432   4959012     15.14     61036   5450600   5153024     13.95   5001112   5267820         0
09:10:09     22167740  27320580   4958828     15.14     61192   5450604   5153024     13.95   5001112   5267960         0
09:20:11     22167740  27320772   4958664     15.14     61372   5450616   5153024     13.95   5001112   5268152         0
09:30:11     22167740  27320952   4958476     15.14     61528   5450620   5153024     13.95   5001112   5268328         0
09:40:11     22157596  27321656   4951660     15.12     64592   5452880   5153024     13.95   5001720   5273032       208
09:50:11     22157880  27322088   4951192     15.12     64752   5452880   5153024     13.95   5001720   5273176       188
10:00:03     22157880  27322268   4951028     15.12     64900   5452892   5153024     13.95   5001720   5273360        16
10:10:00     22168696  27333216   4940112     15.08     65036   5452880   5153024     13.95   5001728   5273492         0
10:20:07     22167440  27332104   4941172     15.09     65180   5452892   5153024     13.95   5001728   5273632         4
10:30:11     22167188  27332012   4941240     15.09     65328   5452888   5153024     13.95   5001728   5273776         0
10:40:11     22167188  27332320   4940956     15.09     65460   5453044   5153024     13.95   5001856   5273952         0
10:50:11     22166712  27331972   4941288     15.09     65596   5453044   5153024     13.95   5001856   5274080         0
11:00:03     22165956  27331360   4941836     15.09     65752   5453052   5153024     13.95   5001856   5274220         0
11:10:08     22165956  27331544   4941680     15.09     65908   5453056   5153024     13.95   5001856   5274396         4
11:20:11     22165732  27331492   4941720     15.09     66072   5453064   5153024     13.95   5001856   5274568         0
11:30:11     22165732  27331672   4941540     15.09     66228   5453072   5153024     13.95   5001792   5274744         4
11:40:11     22165480  27331560   4941624     15.09     66384   5453076   5153024     13.95   5001856   5274880         0
11:50:11     22158756  27325020   4948084     15.11     66552   5453080   5153024     13.95   5001860   5275064         4
12:00:03     22158756  27325164   4947888     15.11     66696   5453088   5153024     13.95   5001860   5275208         0
12:10:08     22158504  27325088   4947936     15.11     66852   5453096   5153024     13.95   5001640   5275376         0
12:20:11     22158504  27325236   4947784     15.11     66988   5453096   5153024     13.95   5001860   5275524         0
12:30:11     22158504  27325392   4947660     15.11     67136   5453104   5153024     13.95   5001860   5275680         0
12:40:11     22158504  27325572   4947492     15.11     67296   5453116   5153024     13.95   5001792   5275856         0
12:50:11     22156740  27323940   4949088     15.11     67440   5453116   5153024     13.95   5001812   5275988         0
Average:     22237413  27321763   4956939     15.13     59349   5383030   5146689     13.93   4996466   5202429         8

12:57:41     LINUX RESTART	(4 CPU)

13:00:21    kbmemfree   kbavail kbmemused  %memused kbbuffers  kbcached  kbcommit   %commit  kbactive   kbinact   kbdirty
13:10:21     22506572  27307640   4975828     15.19     50316   5112736   5077004     13.74   4957104   4953856         0
13:20:21     22507488  27309432   4973896     15.19     51036   5112776   5077004     13.74   4957136   4954612         0
13:30:21     22507740  27309928   4973376     15.19     51248   5112788   5077004     13.74   4957144   4954836         0
13:40:06     22508748  27311184   4972108     15.18     51496   5112792   5077380     13.74   4957456   4955080        12
13:50:21     22473772  27322108   4959188     15.14     54112   5155008   5156512     13.96   5004348   4964900         0
14:00:21     22454100  27303556   4977728     15.20     54412   5155804   5156512     13.96   5004560   4965784         4
14:10:21     22454100  27303796   4977476     15.20     54628   5155816   5156512     13.96   5004416   4966016         0
14:20:15     22452336  27303340   4977884     15.20     54904   5156840   5156516     13.96   5005500   4966368         0
14:30:06     22463296  27314644   4966744     15.16     55156   5156756   5156340     13.96   5005388   4966644         0
14:40:21     22490168  27345032   4935960     15.07     55520   5159852   5169020     13.99   5011136   4967124         0
14:50:21     22488912  27343992   4937012     15.07     55764   5159868   5169020     13.99   5011156   4967336         0
15:00:21     22487932  27343304   4937704     15.08     55992   5159880   5169020     13.99   5011160   4967608         0
15:10:06     22482720  27349816   4930884     15.06     56812   5170732   5169020     13.99   5021952   4968412      4636
15:20:08     22456784  27336220   4944180     15.10     57808   5181832   5169020     13.99   5033060   4969460      5844
15:30:21     22441876  27337812   4942032     15.09     58800   5197220   5173292     14.00   5050760   4970460      2952
15:40:18     22435840  27344424   4935260     15.07     59764   5208624   5173292     14.00   5062068   4971488       652
15:50:06     15513752  21610028  10666068     32.57     60868   6391960  10839188     29.34  10841324   6080212      4640
16:00:15     15507464  21615792  10660052     32.55     61844   6402876  10839188     29.34  10852204   6081200      4976
16:10:06     15495116  21619284  10656340     32.54     62792   6417588  10839188     29.34  10866876   6082188      1460
16:20:08       375592   7838648  24433088     74.60     63292   7752648  24582468     66.54  24628864   7397320       588
16:30:21       364580   1128472  31142428     95.09     64276   1051628  31285284     84.68  31350940    679068      2648
16:40:21       355792   1133648  31137012     95.07     65252   1064440  31285284     84.68  31363532    680036      4764
16:50:06       336068   1129876  31140484     95.08     66196   1079312  31285284     84.68  31378548    680992      6592
17:00:21       323980   1131316  31138884     95.08     67184   1091580  31285284     84.68  31390888    682000      3884
17:10:21       303132   1130876  31138960     95.08     68232   1110628  31285284     84.68  31409940    683060      1636
17:20:08       288428   1129560  31139996     95.08     69180   1122928  31285284     84.68  31422224    684000      3648
17:30:06       271424   1126776  31142600     95.09     70148   1136000  31285284     84.68  31435176    684988      4976
17:40:21       259756   1129172  31139956     95.08     71136   1148916  31285284     84.68  31448188    685960      4636
17:50:08       242332   1128516  31140272     95.08     72164   1164416  31285284     84.68  31463652    687048      1004
18:00:21       264456   1147716  31120856     95.02     70368   1163168  31285284     84.68  31484588    663048       720
18:10:00       249896    774928  31494160     96.16     62144    813740  31619312     85.58  31648952    471096         0
18:20:08       278908    738808  31530080     96.27     63104    747548  31677044     85.74  31730228    386320       588
18:30:16       265856    746896  31521624     96.24     64192    767324  31677044     85.74  31750824    386356       396
18:40:21       451148    737008  31531704     96.27     40508    595960  31823564     86.14  18156148  13786024      4668
18:50:06       436152    736156  31532436     96.28     41452    609120  31823564     86.14  18169184  13787044      5188
19:00:21       424616    739124  31529312     96.27     42440    622420  31823564     86.14  18182260  13788088      1288
19:10:16       409568    741892  31526256     96.26     43464    638972  31823568     86.14  18199288  13789008      2840
19:20:08       394700    742072  31525920     96.26     44448    652852  31823568     86.14  18213180  13790000      3400
19:30:06       380096    742184  31525516     96.26     45416    666440  31823568     86.14  18226740  13790956      5512
19:40:21       366488    742936  31524596     96.25     46400    679612  31823568     86.14  18239896  13791984      6788
19:50:05       345348    739564  31527624     96.26     47420    696136  31823568     86.14  18256392  13793008      3004
20:00:21       332752    741080  31525828     96.26     48408    709140  31823568     86.14  18269312  13794024      3780
20:10:16       319396    741740  31525028     96.25     49360    721952  31823568     86.14  18282180  13794996      5144
20:20:08       293688    729952  31536616     96.29     50304    734748  31823568     86.14  18294952  13795964      1468
20:30:06       278944    732252  31533908     96.28     51332    750536  31823568     86.14  18310840  13796868      2896
20:40:21       263068    731492  31534516     96.28     52336    764416  31823568     86.14  18324712  13797936       864
20:50:08       249372    732368  31533356     96.28     53272    777872  31823568     86.14  18338156  13798872      2060
21:00:21       234256    731832  31533660     96.28     54260    791252  31823568     86.14  18351524  13799892      3300
21:10:06       255400    744004  31521172     96.24     53724    782692  31823568     86.14  18351080  13791160      3432
21:20:08       255448    758120  31506988     96.20     54684    795544  31815032     86.11  18363856  13787088      1480
21:30:16       272268    755308  31509544     96.21     51864    778548  31815032     86.11  18347708  13783316      5312
21:40:21       258932    756824  31507824     96.20     52864    792292  31815032     86.11  18361444  13784388      6536
21:50:08       269632    748040  31516604     96.23     28884    796656  31815032     86.11  18365812  13760496      3696
22:00:21       255908    748348  31516176     96.23     29888    809636  31815032     86.11  18378844  13761424      3780
22:10:16       238572    747448  31516784     96.23     30844    824992  31815032     86.11  18394164  13762348      6032
22:20:08       384732    805612  31458624     96.05     10920    756944  31815032     86.11  18390544  13625332      3452
22:30:21       360728    803780  31460444     96.06     11988    778032  31815032     86.11  18411208  13626812      2236
22:40:21       316840    787416  31476392     96.11     17248    799916  31815032     86.11  18425368  13639808      6016
22:50:08       303748    790300  31473272     96.10     18200    814768  31815032     86.11  18440184  13640772      5380
23:00:21       294676    794464  31468908     96.08     19200    826804  31815032     86.11  18452020  13641772      7876
23:10:21       276784    794580  31468524     96.08     20248    843524  31815032     86.11  18468904  13642880      1980
23:20:08       263428    795204  31467676     96.08     21212    856340  31815032     86.11  18481944  13643848      5548
23:30:21       246544    794956  31467676     96.08     22204    871816  31815032     86.11  18496924  13644872      5692
23:40:21       251532    812720  31449844     96.02     23104    883288  31815032     86.11  18509820  13635544      3556
23:50:08       351756    932788  31329100     95.66     24148    901856  31815032     86.11  18528176  13513192      4996
Average:      6466853   8428894  23841876     72.80     49264   2264940  24083482     65.19  17438524   8503148      2930
### SAR_W_SA25
Linux 6.8.0-138-generic (pgain-nuc) 	08/25/26 	_x86_64_	(4 CPU)

00:00:03     pswpin/s pswpout/s
00:10:03         0.19      0.00
00:20:03         0.00      0.00
00:30:03         0.00      0.00
Average:         0.06      0.00

00:37:34     LINUX RESTART	(4 CPU)

00:47:30     LINUX RESTART	(4 CPU)

00:50:01     pswpin/s pswpout/s
01:00:06         0.00      0.00
01:10:01         0.00      0.00
01:20:11         0.00      0.00
01:30:11         0.00      0.00
01:40:01         0.00      0.00
01:50:00         0.00      0.00
02:00:05         0.00      0.00
02:10:10         0.00      0.00
02:20:11         0.00      0.00
02:30:11         0.00      0.00
02:40:11         0.00      0.00
02:50:00         0.00      0.00
03:00:05         0.00      0.00
03:10:01         0.00      0.00
03:20:11         0.00      0.00
03:30:11         0.00      0.00
03:40:11         0.00      0.00
03:50:00         0.00      0.00
04:00:05         0.00      0.00
04:10:10         0.00      0.00
04:20:11         0.00      0.00
04:30:11         0.00      0.00
04:40:11         0.00      0.00
04:50:00         0.00      0.00
05:00:05         0.00      0.00
05:10:10         0.00      0.00
05:20:11         0.00      0.00
05:30:11         0.00      0.00
05:40:11         0.00      0.00
05:50:11         0.00      0.00
06:00:04         0.00      0.00
06:10:09         0.00      0.00
06:20:11         0.00      0.00
06:30:11         0.00      0.00
06:40:11         0.00      0.00
06:50:11         0.00      0.00
07:00:04         0.00      0.00
07:10:09         0.00      0.00
07:20:11         0.00      0.00
07:30:11         0.00      0.00
07:40:11         0.00      0.00
07:50:11         0.00      0.00
08:00:04         0.00      0.00
08:10:09         0.00      0.00
08:20:11         0.00      0.00
08:30:11         0.00      0.00
08:40:11         0.00      0.00
08:50:11         0.00      0.00
09:00:04         0.00      0.00
09:10:09         0.00      0.00
09:20:11         0.00      0.00
09:30:11         0.00      0.00
09:40:11         0.00      0.00
09:50:11         0.00      0.00
10:00:03         0.00      0.00
10:10:00         0.00      0.00
10:20:07         0.00      0.00
10:30:11         0.00      0.00
10:40:11         0.00      0.00
10:50:11         0.00      0.00
11:00:03         0.00      0.00
11:10:08         0.00      0.00
11:20:11         0.00      0.00
11:30:11         0.00      0.00
11:40:11         0.00      0.00
11:50:11         0.00      0.00
12:00:03         0.00      0.00
12:10:08         0.00      0.00
12:20:11         0.00      0.00
12:30:11         0.00      0.00
12:40:11         0.00      0.00
12:50:11         0.00      0.00
Average:         0.00      0.00

12:57:41     LINUX RESTART	(4 CPU)

13:00:21     pswpin/s pswpout/s
13:10:21         0.00      0.00
13:20:21         0.00      0.00
13:30:21         0.00      0.00
13:40:06         0.00      0.00
13:50:21         0.00      0.00
14:00:21         0.00      0.00
14:10:21         0.00      0.00
14:20:15         0.00      0.00
14:30:06         0.00      0.00
14:40:21         0.00      0.00
14:50:21         0.00      0.00
15:00:21         0.00      0.00
15:10:06         0.00      0.00
15:20:08         0.00      0.00
15:30:21         0.00      0.00
15:40:18         0.00      0.00
15:50:06         0.00      0.00
16:00:15         0.00      0.00
16:10:06         0.00      0.00
16:20:08         0.00      0.00
16:30:21         0.00      0.00
16:40:21         0.00      0.00
16:50:06         0.00      0.00
17:00:21         0.00      0.00
17:10:21         0.00      0.00
17:20:08         0.00      0.00
17:30:06         0.00      0.00
17:40:21         0.00      0.00
17:50:08         0.00      0.00
18:00:21         0.00      0.00
18:10:00         0.00      0.00
18:20:08         0.00      0.00
18:30:16         0.00      0.00
18:40:21         0.00      0.00
18:50:06         0.00      0.00
19:00:21         0.00      0.00
19:10:16         0.00      0.00
19:20:08         0.00      0.00
19:30:06         0.00      0.00
19:40:21         0.00      0.00
19:50:05         0.00      0.00
20:00:21         0.00      0.00
20:10:16         0.00      0.00
20:20:08         0.00      0.00
20:30:06         0.00      0.00
20:40:21         0.00      0.00
20:50:08         0.00      0.00
21:00:21         0.00      0.00
21:10:06         0.00      0.00
21:20:08         0.00      0.00
21:30:16         0.00      0.00
21:40:21         0.00      0.00
21:50:08         0.00      0.00
22:00:21         0.00      0.00
22:10:16         0.00      0.00
22:20:08         0.00     22.39
22:30:21         0.00      0.00
22:40:21         0.00      0.00
22:50:08         0.00      0.00
23:00:21         0.00      0.00
23:10:21         0.00      0.00
23:20:08         0.00      0.00
23:30:21         0.00      0.00
23:40:21         0.00      3.70
23:50:08         0.00     52.69
Average:         0.00      1.19
### SAR_R_SA26
Linux 6.8.0-138-generic (pgain-nuc) 	08/26/26 	_x86_64_	(4 CPU)

00:00:21    kbmemfree   kbavail kbmemused  %memused kbbuffers  kbcached  kbcommit   %commit  kbactive   kbinact   kbdirty
00:10:21       314808    928748  31332572     95.67     27240    931196  31815032     86.11  18555760  13518272      3252
00:20:08       300960    928380  31332724     95.67     28200    943492  31815032     86.11  18568076  13519248      6728
00:30:16       278784    926540  31334196     95.67     29256    962592  31815032     86.11  18587108  13520304      2620
00:40:21       264180    923204  31337376     95.68     30240    972640  31815032     86.11  18597188  13521320      1832
00:50:08       249060    924048  31336272     95.68     31196    987480  31815032     86.11  18611996  13522280      4576
01:00:21       354760   1031980  31228052     95.35     28420    992204  31819296     86.12  18576124  13444612      1024
01:10:16       334348   1031556  31228204     95.35     29480   1010848  31819296     86.12  18594988  13445720      4028
01:20:08       327316   1035624  31223888     95.33     30440   1020844  31819296     86.12  18604928  13446688      5120
01:30:21       313456   1038588  31220720     95.33     31428   1036456  31819296     86.12  18620528  13447724        88
01:40:21       298336   1037848  31221264     95.33     32404   1049656  31819296     86.12  18633732  13448716       608
01:50:08       284740   1043912  31214824     95.31     33444   1068084  31819296     86.12  18651672  13450188      4680
02:00:21       283320   1031360  31228116     95.35     17360   1071288  34466824     93.29  23352620   8718284      1220
02:10:21       253612   1019472  31239936     95.38     18332   1088056  34466824     93.29  23369184   8719676      5380
02:20:08       247312   1025160  31234072     95.37     19268   1098952  34466824     93.29  23380096   8720592      7164
02:30:21       233200   1031564  31227324     95.35     20336   1118112  34466824     93.29  23400056   8720884      3336
02:40:20       301436   1108672  31150040     95.11     20648   1126532  34466824     93.29  23450412   8605696      5564
02:50:08       286568   1109624  31148884     95.11     21592   1141244  34466824     93.29  23465104   8606660       340
03:00:21       275760   1111608  31146660     95.10     22576   1152904  34466824     93.29  23476776   8607616      6672
03:10:21       256860   1110332  31147756     95.10     23620   1169212  34466824     93.29  23493204   8608588      2760
03:20:10       281832   1106896  31151024     95.11      3104   1161120  34603688     93.66  22497960   9597784       132
03:30:21       303728   1175320  31077408     94.89      7700   1198404  34809712     94.22  23878444   8190236      5512
03:40:21       287600   1173552  31079172     94.89      8676   1211792  34809712     94.22  23891764   8191276      7144
03:50:08       266936   1172772  31080020     94.90      9688   1230556  34809712     94.22  23910576   8192312      1876
04:00:08       251816   1172764  31079772     94.89     10660   1244580  34809712     94.22  23924568   8193272      5232
04:10:21       233168   1168508  31083872     94.91     11644   1257764  34811340     94.22  23938884   8194280       596
04:20:08       340276   1288408  30963852     94.54     12508   1269664  34809712     94.22  24088128   7937656      4888
04:30:21       317848   1283048  30968892     94.56     13572   1285440  34809712     94.22  24104036   7938364      4056
04:40:06       304996   1284956  30966880     94.55     14520   1299060  34809712     94.22  24117904   7939332      4544
04:50:08       291640   1285596  30966060     94.55     15496   1311884  34809712     94.22  24130720   7940348      5964
05:00:21       384684   1733100  30514424     93.17     17096   1661612  34809848     94.22  24749072   7182396      6812
05:10:21       375360   1743652  30503504     93.14     18132   1680256  34809848     94.22  24768228   7182860      3896
05:20:06       358492   1742416  30504628     93.14     19084   1694684  34809848     94.22  24782808   7183912      3128
05:30:21       343888   1741204  30505564     93.14     20068   1706976  34809848     94.22  24795056   7184876      4852
05:40:21       330280   1743272  30503316     93.13     21028   1721440  34809848     94.22  24809540   7185876      4744
05:50:08       312960   1742264  30503948     93.14     22032   1736552  34809848     94.22  24824628   7186644       272
06:00:06       299984   1744128  30501924     93.13     23004   1750212  34809848     94.22  24838376   7187788      2612
06:10:21       270772   1734368  30511364     93.16     24116   1768408  34809848     94.22  24850952   7194444       360
06:20:06       261712   1741316  30504224     93.14     25052   1783252  34809848     94.22  24865796   7195420      2284
06:30:21       502288   1859956  30379308     92.76     36852   1645884  34660688     93.81  25183372   6622008      3332
06:40:21       500504   1873180  30366080     92.72     37820   1659900  34660688     93.81  25197640   6623004      2032
06:50:07       484628   1871920  30367140     92.72     38756   1673476  34660688     93.81  25211144   6623964      3952
07:00:21       473548   1875992  30362956     92.71     39740   1687428  34660688     93.81  25225100   6624976      5624
07:10:21       446608   1879308  30359224     92.69     40884   1716244  34660688     93.81  25249468   6630356      1408
07:20:07       396740   1844852  30393572     92.80     41824   1730504  34660688     93.81  25263760   6631496      4060
07:30:21       394724   1857892  30380240     92.76     42808   1744468  34660688     93.81  25277724   6632460      6760
07:40:21       389936   1867876  30370116     92.73     43768   1758036  34660688     93.81  25291296   6633484      1516
07:50:07       373812   1869804  30367856     92.72     44784   1774860  34660688     93.81  25308384   6634232      1804
08:00:16       366340   1876544  30360808     92.70     45760   1787932  34660692     93.81  25321416   6635224      1628
08:10:21       351344   1878012  30359156     92.69     46728   1803180  34660828     93.81  25336700   6636220       360
08:20:07       338192   1877436  30359484     92.70     47664   1814696  34660828     93.81  25348140   6637188      6824
08:30:21       321640   1879188  30357436     92.69     48728   1831644  34660828     93.81  25365644   6637744      3196
08:40:16       308788   1880812  30355580     92.68     49684   1844980  34660828     93.81  25378948   6638712      6096
08:50:07       290140   1878252  30357900     92.69     50628   1859948  34660828     93.81  25393896   6639660        84
09:00:16       279304   1876060  30359984     92.70     51308   1867768  34660828     93.81  25401732   6640360         0
09:10:21       276784   1873736  30362276     92.70     51516   1867780  34660828     93.81  25401732   6640556         0
09:20:21       274516   1871760  30364280     92.71     51756   1867792  34660828     93.81  25401732   6640840         0
09:30:21       273760   1871204  30364848     92.71     51964   1867800  34660828     93.81  25401732   6641040        20
09:40:10       262924   1870672  30365180     92.71     52756   1877164  34660828     93.81  25411064   6641860      4096
09:50:07       245360   1872456  30363124     92.71     53796   1895212  34660828     93.81  25428908   6643128      1004
10:00:21       254388   1878552  30356760     92.69     53360   1892560  34660828     93.81  25524068   6544624      3700
10:10:21       362748   1899848  30335584     92.62     54188   1804688  34660828     93.81  25872476   6096968      1504
10:20:07       343348   1896340  30339096     92.63     55208   1819632  34660828     93.81  25888048   6097316      2476
10:30:21       328984   1897544  30337868     92.63     56200   1834156  34660828     93.81  25902580   6098320      1500
10:40:21       316132   1899184  30336160     92.62     57164   1847736  34660828     93.81  25915892   6099272      5168
10:50:01       302524   1899488  30335884     92.62     58092   1860660  34660828     93.81  25929056   6100224      5852
11:00:21       278080   1893300  30342076     92.64     59164   1877800  34662456     93.82  25947472   6100920       624
11:10:21       262708   1892112  30343204     92.65     60128   1890936  34660820     93.81  25959580   6101924       916
11:20:07       248848   1893864  30341248     92.64     61072   1905424  34660820     93.81  25974176   6102888      1912
11:30:21       233224   1892136  30342692     92.64     62056   1918204  34660820     93.81  25986948   6103820      4132
11:40:21       348984   1892280  30343020     92.65     63036   1801916  34660820     93.81  25867188   6108308      2644
11:50:07       333612   1891076  30344196     92.65     63988   1815112  34660820     93.81  25880356   6109284      1044
12:00:21       396796   1887092  30322872     92.58     86228   1702616  34660820     93.81  26260816   5638560      6056
12:10:21       353040   1859180  30350640     92.67     87240   1717476  34666800     93.83  26278340   5640484      6044
12:20:07       342828   1872236  30336716     92.63     88504   1738624  34660804     93.81  26294712   5643040      1492
12:30:21       399664   1770880  30382064     92.76     69852   1648248  34959724     94.62  26187412   5661304       104
12:40:16       402664   1789592  30363420     92.71     70820   1662980  34959724     94.62  26202176   5662280       492
12:50:07       354304   1754860  30396256     92.81     72124   1675264  34959724     94.62  26215784   5663812      4580
13:00:21       342884   1775256  30386520     92.78     74268   1693788  34959580     94.62  26225344   5675216      1880
13:10:21       306904   1771636  30389796     92.79     75528   1724552  34959580     94.62  26238196   5694456      6020
13:20:07       310612   1793948  30366228     92.72     77132   1742152  34969304     94.65  26254600   5701212      1172
13:30:00       308952   1801576  30358356     92.69     78164   1750416  34969404     94.65  26262880   5702268      3364
13:40:21       298188   1800796  30358964     92.69     79244   1759280  34969404     94.65  26271768   5703396      2152
13:50:07       267504   1800640  30358552     92.69     93140   1775564  34969404     94.65  26288576   5716852       576
14:00:16       268344   1771280  30360764     92.70     34380   1666208  34980740     94.68   5155688  26688748     31368
14:10:21       252228   1698920  30420092     92.88    376712   1036204  35071528     94.93   5625336  25977120    122228
14:20:07       269428   1727352  30370828     92.73    400052    644360  34969404     94.65   5513832  25667116      1148
14:30:06       261916   1731292  30366712     92.72    401136    654832  34969404     94.65   5523900  25668680       708
14:40:21       263064   1742380  30355540     92.68    402204    663828  34969404     94.65   5532512  25670140       656
14:50:07       370564   1743728  30354032     92.68    294504    669168  34969404     94.65   5542472  25558100       728
15:00:06       246596   1742092  30355472     92.68    365056    717944  34969404     94.65   5423696  25795992      3440
15:10:06       297908   1728336  30369100     92.72    366252    650684  34969404     94.65   5452392  25701248      5668
15:20:07       283172   1732816  30364576     92.71    368272    667888  34969404     94.65   5468760  25704872      2244
15:30:21       364708   1723400  30373996     92.74    172404    775836  34969404     94.65   5425456  25660520      3020
15:40:21       372432   1739056  30358132     92.69    173452    782788  34969404     94.65   5431960  25662020       936
15:50:07       363312   1742564  30354628     92.68    174508    794392  34969404     94.65   5443060  25663340      4348
16:00:21       354620   1738920  30358248     92.69    175504    798528  34969404     94.65   5447060  25664724        16
16:10:06       242648   1692356  30398496     92.81    213212    748756  35087620     94.97   5534700  25594212      7536
16:20:21       405160   1718088  30362128     92.70    244520    398452  35036164     94.83   5893988  24890300        16
16:30:21       380376   1705924  30374124     92.74    246624    408936  35036164     94.83   5901972  24894988        88
16:40:21       381640   1708532  30371388     92.73    247524    409496  35036164     94.83   5902712  24896280        12
16:50:06       381984   1710064  30369716     92.73    248380    409904  35036164     94.83   5902976  24897380        12
17:00:21       372132   1704928  30374740     92.74    249316    413784  35036164     94.83   5906920  24899020        16
17:10:21       382796   1716936  30362664     92.71    250204    414332  35036164     94.83   5906972  24900336        28
17:20:10       322680   1366588  30719332     93.79     24424    384152  35229752     95.35  25556568   5331336         0
17:30:06       322148   1367576  30718204     93.79     25340    384880  35226544     95.35  25555620   5332784        12
17:40:21       322948   1369712  30715960     93.78     26276    385372  35226544     95.35  25555852   5334120        20
17:50:16       326736   1374576  30711100     93.77     27164    385600  35226544     95.35  25555888   5335200        12
18:00:21       333304   1382472  30703116     93.74     28060    386084  35226544     95.35  25556040   5336528       100
18:10:06       329188   1383124  30702380     93.74     28952    390052  35226544     95.35  25559112   5338336        16
18:20:21       324688   1379816  30705608     93.75     29872    390388  35230840     95.36  25560456   5339528        16
18:30:16       327216   1383680  30701700     93.74     30776    390884  35226544     95.35  25559256   5340864        12
18:40:21       324128   1381960  30703332     93.75     31680    391436  35226544     95.35  25559364   5342232        16
18:50:01       356240   1302760  30783780     93.99     12220    339448  35402412     95.82  27143708   3773248        16
19:00:21       320116   1276076  30810416     94.07     13760    347396  35402412     95.82  27145540   3780668        12
19:10:06       388828   1306472  30780084     93.98     12360    317492  35549108     96.22  27544956   3301904         0
19:20:21     21194576  27069088   5017476     15.32     14292   5274692   5695436     15.42   4989340   5075716        12
19:30:21     21225208  27100984   4985384     15.22     15236   5275088   5693800     15.41   4993908   5076968        12
19:40:21     21234564  27111668   4974540     15.19     16124   5275640   5693800     15.41   4993992   5078296         8
19:50:06     21243956  27122364   4963732     15.16     16956   5276168   5693800     15.41   4994328   5079448        84
20:00:21     21246008  27125588   4960500     15.15     17844   5276488   5693800     15.41   4994392   5080612         8
20:10:16     21249312  27130244   4955760     15.13     18740   5277004   5693800     15.41   4994576   5081916        28
20:20:19     21252620  27134908   4951052     15.12     19636   5277500   5693800     15.41   4994636   5083268        12
20:30:06     21166836  27112216   4973624     15.19     20864   5339352   5693800     15.41   5055288   5085780         4
20:40:21     21177120  27123888   4961996     15.15     21760   5339888   5693800     15.41   5055124   5087160        20
20:50:16     21178028  27127972   4957936     15.14     22628   5342220   5693804     15.41   5057544   5088456        12
21:00:07       269240   4554676  27532824     84.06     14380   3685608  28199716     76.33  27432576   3589916        84
21:10:06       331152   2721644  29368704     89.67      3640   1830012  30039296     81.31  29197872   1795476        12
21:20:21       326616   2718856  29371508     89.68      4564   1830920  30039296     81.31  29198372   1796932         8
21:30:16       326492   2720120  29370140     89.67      5452   1831452  30039296     81.31  29198720   1798088        12
21:40:21       319128   2714196  29376012     89.69      6340   1832084  30039296     81.31  29198944   1799424        12
21:50:13       313124   2709560  29380544     89.71      7252   1832620  30039296     81.31  29199036   1800788        20
22:00:21       316712   2714460  29375620     89.69      8164   1833040  30039296     81.31  29199172   1801996         0
22:10:02       320980   2720540  29369408     89.67      9036   1834096  30039296     81.31  29199828   1803292       100
22:20:21       314788   2715748  29374240     89.69      9988   1834540  30039296     81.31  29200084   1804512         4
22:30:16       318140   2720696  29369264     89.67     10788   1835388  30039296     81.31  29201080   1805524        12
22:40:21       307308   2712788  29377524     89.70     11276   1837808  30039296     81.31  29202628   1805996         0
22:50:06       302628   2709136  29381084     89.71     11860   1838336  30039296     81.31  29202944   1806784        16
23:00:21       299832   2707700  29382460     89.71     12772   1838872  30039296     81.31  29203064   1808168         0
23:10:16       304920   2714120  29376000     89.69     13668   1839368  30039296     81.31  29203364   1809500        32
23:20:07       306452   2716964  29373104     89.68     14540   1839868  30039296     81.31  29203528   1810672        80
23:30:06       239656   2385620  29704260     90.69     14812   1575116  30353952     82.16  29645016   1414572        16
23:40:21       292740   2204092  29885844     91.25     15740   1339612  30552812     82.70  29845512   1182664        20
23:50:10       290984   2203672  29886272     91.25     16604   1340132  30552812     82.70  29845980   1183780         0
Average:      1781182   3511912  28662480     87.51     66351   1630450  31957681     86.50  21053668   9077378      3078
### SAR_W_SA26
Linux 6.8.0-138-generic (pgain-nuc) 	08/26/26 	_x86_64_	(4 CPU)

00:00:21     pswpin/s pswpout/s
00:10:21         0.00      0.00
00:20:08         0.00      0.00
00:30:16         0.00      0.00
00:40:21         0.00      0.00
00:50:08         0.00      0.00
01:00:21         0.00     48.27
01:10:16         0.00      0.00
01:20:08         0.00      0.00
01:30:21         0.00      0.00
01:40:21         0.00      0.00
01:50:08         0.00      0.00
02:00:21        89.26   1180.31
02:10:21         0.00      0.00
02:20:08         0.00      0.00
02:30:21         0.00      0.00
02:40:20         0.00     30.67
02:50:08         0.00      0.00
03:00:21         0.00      0.00
03:10:21         0.00      0.00
03:20:10        27.62     74.69
03:30:21       123.08    237.32
03:40:21         0.00      0.00
03:50:08         0.00      0.00
04:00:08         0.00      0.00
04:10:21         0.00      0.00
04:20:08         0.00     50.75
04:30:21         0.00      0.00
04:40:06         0.01      0.00
04:50:08         0.00      0.00
05:00:21         0.05    200.39
05:10:21         0.00      0.00
05:20:06         0.08      0.00
05:30:21         0.00      0.00
05:40:21         0.00      0.00
05:50:08         0.00      0.00
06:00:06         0.00      0.00
06:10:21         0.00      0.00
06:20:06         0.00      0.00
06:30:21         3.67     57.47
06:40:21         0.00      0.00
06:50:07         0.00      0.00
07:00:21         0.00      0.00
07:10:21         0.01      0.00
07:20:07         0.00      0.00
07:30:21         0.00      0.00
07:40:21         0.00      0.00
07:50:07         0.00      0.00
08:00:16         0.00      0.00
08:10:21         0.00      0.00
08:20:07         0.00      0.00
08:30:21         0.00      0.00
08:40:16         0.00      0.00
08:50:07         0.00      0.00
09:00:16         0.00      0.00
09:10:21         0.00      0.00
09:20:21         0.00      0.00
09:30:21         0.00      0.00
09:40:10         0.00      0.00
09:50:07         0.00      0.00
10:00:21         0.00      0.00
10:10:21         0.00      5.18
10:20:07         0.00      0.00
10:30:21         0.00      0.00
10:40:21         0.00      0.00
10:50:01         0.00      0.00
11:00:21         0.00      0.00
11:10:21         0.00      0.00
11:20:07         0.00      0.00
11:30:21         0.00      0.00
11:40:21         0.00      0.00
11:50:07         0.00      0.00
12:00:21         0.00      0.00
12:10:21         0.01      0.00
12:20:07         0.01      0.00
12:30:21         0.14      0.15
12:40:16         0.00      0.00
12:50:07         0.01      0.00
13:00:21         0.00      0.00
13:10:21         0.00      0.00
13:20:07         0.00      0.00
13:30:00         0.00      0.00
13:40:21         0.00      0.00
13:50:07         0.00      0.00
14:00:16         0.00      0.00
14:10:21         0.00      0.00
14:20:07         0.00      0.00
14:30:06         0.00      0.00
14:40:21         0.00      0.00
14:50:07         0.00      0.00
15:00:06         0.00      0.00
15:10:06         0.00      0.00
15:20:07         0.00      0.00
15:30:21         0.00      0.00
15:40:21         0.00      0.00
15:50:07         0.00      0.00
16:00:21         0.00      0.00
16:10:06         0.00      0.00
16:20:21         0.00      0.00
16:30:21         0.00      0.00
16:40:21         0.00      0.00
16:50:06         0.00      0.00
17:00:21         0.00      0.00
17:10:21         0.00      0.00
17:20:10       118.51     60.03
17:30:06         0.03      0.00
17:40:21         0.00      0.00
17:50:16         0.00      0.00
18:00:21         0.00      0.00
18:10:06         0.01      0.00
18:20:21         0.00      0.00
18:30:16         0.00      0.00
18:40:21         0.00      0.00
18:50:01       105.76    144.56
19:00:21         0.00      0.00
19:10:06         0.00     20.58
19:20:21         4.74      0.00
19:30:21         0.00      0.00
19:40:21         0.00      0.00
19:50:06         0.00      0.00
20:00:21         0.00      0.00
20:10:16         0.00      0.00
20:20:19         0.00      0.00
20:30:06         0.04      0.00
20:40:21         0.00      0.00
20:50:16         0.00      0.00
21:00:07         0.02      0.91
21:10:06         0.48      3.37
21:20:21         0.00      0.00
21:30:16         0.00      0.00
21:40:21         0.00      0.00
21:50:13         0.01      0.00
22:00:21         0.00      0.00
22:10:02         0.02      0.00
22:20:21         0.00      0.00
22:30:16         0.00      0.00
22:40:21         0.00      0.00
22:50:06         0.01      0.00
23:00:21         0.01      0.00
23:10:16         0.00      0.00
23:20:07         0.00      0.00
23:30:06         0.00      0.18
23:40:21         0.00      0.00
23:50:10         0.00      0.00
Average:         3.30     14.99
### SAR_R_SA27
Linux 6.8.0-138-generic (pgain-nuc) 	08/27/26 	_x86_64_	(4 CPU)

00:00:21    kbmemfree   kbavail kbmemused  %memused kbbuffers  kbcached  kbcommit   %commit  kbactive   kbinact   kbdirty
00:10:21       276036   2196668  29893252     91.27     19332   1345340  30552812     82.70  29847616   1190172       108
00:20:21       262216   2184116  29905776     91.31     20228   1345736  30552812     82.70  29847784   1191356        16
00:30:16       267832   2191060  29898840     91.29     21124   1346224  30552812     82.70  29847884   1192684         0
00:40:21       264052   2188680  29901148     91.30     22044   1346748  30552812     82.70  29847948   1194084        24
00:50:06       254308   2180044  29909764     91.32     22908   1347032  30552812     82.70  29847976   1195192       104
01:00:21       254320   2181404  29908344     91.32     23820   1347540  30552812     82.70  29848056   1196540        16
01:10:21       257552   2185972  29903648     91.30     24732   1348048  30552812     82.70  29848120   1197884        12
01:20:16       256436   2186060  29903532     91.30     25628   1348396  30552812     82.70  29848188   1199080        12
01:30:21       256524   2187492  29902008     91.30     26524   1348948  30552812     82.70  29848304   1200408        16
01:40:07       252372   2184708  29904740     91.31     27420   1349448  30552812     82.70  29848352   1201768        12
01:50:07       271628   2208652  29880784     91.23     28372   1353236  30552812     82.70  29851608   1202996       680
02:00:16       249872   2197860  29891580     91.27     29436   1363192  30552812     82.70  29861512   1204336      6188
02:10:21       353860   2191224  29898212     91.29     30040   1251976  30554440     82.70  29884676   1071672      1448
02:20:07       346808   2195064  29894432     91.28     30988   1261908  30547900     82.68  29892916   1071724      5348
02:30:21       341408   2204532  29884912     91.25     31996   1275800  30552712     82.70  29908628   1073372      5400
02:40:21       325492   2199160  29890192     91.26     33052   1285376  30552812     82.70  29918108   1074732      4328
02:50:07       309152   2199380  29889972     91.26     34188   1300832  30552812     82.70  29933096   1076136      4388
03:00:21       297300   2200148  29889100     91.26     35216   1312444  30552812     82.70  29944828   1077420       832
03:10:21       285460   2200400  29888844     91.26     36200   1323560  30552812     82.70  29955612   1078624      1356
03:20:07       399600   2160276  29904116     91.31     41496   1188328  30552248     82.69  29970336    933196      1916
03:30:21       389048   2159516  29904896     91.31     42552   1196848  30552248     82.69  29978936    934544      2840
03:40:21       388560   2168856  29895500     91.28     43584   1205492  30552248     82.69  29986896    936052      2248
03:50:07       374696   2171652  29892692     91.27     44696   1220620  30552248     82.69  30001796    937396      2860
04:00:21       365712   2176404  29887856     91.26     45708   1233072  30552248     82.69  30013908    938760      1516
04:10:21       351664   2177024  29887208     91.25     46760   1246516  30552248     82.69  30027288    940000      6204
04:20:07       339152   2175304  29888884     91.26     47776   1255992  30552248     82.69  30036480    941420      3592
04:30:21       329268   2174336  29889880     91.26     48848   1263596  30552248     82.69  30043976    942760      1888
04:40:21       313028   2172468  29891624     91.27     49992   1276564  30552248     82.69  30056616    944320      2036
Average:       308334   2185659  29895776     91.28     33381   1296029  30552510     82.69  29919552   1083522      1978

11:50:53     LINUX RESTART	(4 CPU)

12:00:04    kbmemfree   kbavail kbmemused  %memused kbbuffers  kbcached  kbcommit   %commit  kbactive   kbinact   kbdirty
12:10:04     22409372  27286960   4975292     15.19     54584   5197836   5459360     14.78   5076212   4959232        48
12:20:04     22332576  27273472   4988372     15.23     55572   5259992   5459500     14.78   5134168   4964828         4
12:30:04     22339392  27281868   4979728     15.20     56452   5260832   5459500     14.78   5134776   4966248        16
12:40:04     22351288  27295328   4966092     15.16     57356   5261628   5459500     14.78   5134964   4967796        12
12:50:04     22352832  27297972   4963320     15.15     58236   5261948   5459500     14.78   5135076   4968876        12
13:00:04     22364404  27310916   4950228     15.11     59124   5262528   5459500     14.78   5135372   4970208         4
13:10:04     22365652  27313476   4947472     15.11     59996   5263084   5459500     14.78   5135620   4971492        68
13:20:04      3992828  11390240  20856360     63.68     72932   7687120  21307096     57.67  21225068   7198664         4
13:30:03       256468   2766056  29480512     90.01     48924   2823596  29872076     80.85  29435668   2668804       108
13:40:04       393716   1788364  30458028     93.00     49844   1707820  30861332     83.53  30405484   1573700       104
13:50:04       395668   1080972  31165296     95.16     50596    997784  31565284     85.44  31109808    864300       160
14:00:02       388388    683624  31562448     96.37     51488    606928  31954084     86.49  31498808    474004       120
14:10:04       421304    612424  31633592     96.59     52408    501996  32046812     86.74  31594672    369684        12
14:20:04       419928    612088  31633908     96.59     53304    502240  32046812     86.74  31594716    370768        80
14:30:04       412724    606316  31639520     96.60     54168    502964  32046812     86.74  31594984    372084        36
14:40:04       415228    610152  31635488     96.59     55072    503516  32046812     86.74  31595200    373400       116
14:50:04       413220    609284  31636320     96.59     55960    503828  32046812     86.74  31595296    374528        12
15:00:04       412716    610192  31635204     96.59     56856    504508  32046812     86.74  31595492    375928        12
15:10:04       408432    607180  31638088     96.60     57752    504988  32046812     86.74  31595636    377184       124
15:20:04       406060    605956  31639212     96.60     58648    505316  32046812     86.74  31595732    378316        88
15:30:04       411712    612936  31632064     96.58     59528    505892  32046812     86.74  31595876    379628        20
15:40:04       411256    613820  31631016     96.58     60416    506452  32046812     86.74  31596000    380952        56
15:50:04       408176    611968  31632728     96.58     61280    506848  32046812     86.74  31596156    382164         8
16:00:04       414672    619768  31624800     96.56     62208    507296  32046812     86.74  31596264    383444        36
16:10:04       408228    614616  31629740     96.57     63104    507776  32046812     86.74  31596404    384716        92
16:20:04       409736    617316  31627008     96.57     64008    508116  32046812     86.74  31596492    385888        76
16:30:04       260604    595860  31649004     96.63      9868    691160  32172588     87.08  10561800  21563416       400
16:40:04       265740   1505660  30751164     93.89      2748   1591716  32173268     87.08  16314752  15816412        80
16:50:04       248756   1500600  30756260     93.91      3672   1602656  32173268     87.08  16326496  15817836        16
17:00:04       247708   1501444  30755048     93.90      4584   1604008  32173268     87.08  16327572  15819136        24
17:10:04       248608   1504216  30751932     93.89      5476   1605324  32173268     87.08  16328540  15820532       100
17:20:04       237576   1495080  30760820     93.92      6404   1606476  32173268     87.08  16329120  15822200       272
17:30:04       234828   1493888  30761756     93.92      7312   1607472  32173268     87.08  16329800  15823524        16
17:40:04       242692   1503120  30752164     93.89      8200   1608276  32173268     87.08  16330448  15824832       112
17:50:04       237700   1499948  30755168     93.90      9080   1609392  32173268     87.08  16332408  15825948       180
18:00:04       340520   1483316  30771672     93.95     14104   1484884  32173268     87.08  16326260  15712272         0
18:10:02       333152   1477444  30777064     93.97     14936   1485996  32173268     87.08  16327456  15713652        84
18:20:04       334428   1480172  30773944     93.96     15848   1486836  32173268     87.08  16327976  15714996        12
18:30:04       332968   1480268  30773644     93.96     16744   1487684  32173268     87.08  16328176  15716536        36
18:40:04       335996   1485268  30768240     93.94     17664   1489096  32173268     87.08  16329440  15717816        80
18:50:04       333056   1483672  30769600     93.95     18564   1489748  32173268     87.08  16330344  15719140        36
19:00:04       335932   1487900  30765068     93.93     19468   1490464  32173268     87.08  16330716  15720476        12
19:10:04       330376   1483468  30769296     93.95     20332   1490876  32173268     87.08  16330876  15721580        12
19:20:04       379164   1324400  30927768     94.43     19516   1283992  32330028     87.51  16528136  15486876       496
19:30:04       450336   1332440  30918944     94.40     20220   1220148  32477012     87.90  16539028  15367912        12
19:40:04       452380   1335672  30915752     94.39     21124   1220432  32477012     87.90  16539084  15369060        88
19:50:02       467032   1351624  30899684     94.34     22020   1220916  32477012     87.90  16539196  15370320        24
20:00:04       466936   1352876  30898308     94.34     22932   1221432  32477012     87.90  16539300  15371648         0
20:10:04       467192   1354420  30896736     94.34     23820   1221848  32477012     87.90  16539356  15372920         8
20:20:04       471176   1361004  30890064     94.32     24724   1223596  32477000     87.90  16541132  15374220         0
20:30:02       473420   1364536  30886444     94.30     25612   1224056  32477000     87.90  16541196  15375492         0
20:40:04       468912   1361216  30889776     94.31     26500   1224356  32477000     87.90  16541220  15376664        12
20:50:04       470008   1363544  30887348     94.31     27372   1224772  32477000     87.90  16541272  15377880        92
21:00:04       471960   1366804  30883956     94.30     28260   1225252  32477000     87.90  16541348  15379160        12
21:10:02       466924   1362948  30887764     94.31     29148   1225580  32477000     87.90  16541404  15380328        12
21:20:04       471372   1588536  30658256     93.61     32756   1440032  32477120     87.90  16290328  15587516        12
21:30:04       479984   1598496  30648200     93.58     33644   1440548  32477320     87.90  16290384  15588848        12
21:40:04       482516   1602168  30644492     93.57     34548   1440820  32477320     87.90  16290444  15589956        28
21:50:00       475896   1597108  30649356     93.58     35596   1441360  32480524     87.91  16292092  15591412        32
22:00:04       491008   1615360  30631000     93.52     36488   1443676  32477320     87.90  16292496  15592724       100
22:10:02       489784   1615400  30630940     93.52     37376   1444076  32477320     87.90  16292656  15593848         8
22:20:04       491012   1617840  30628488     93.52     38248   1444400  32477320     87.90  16292700  15595044        12
22:30:04       484260   1612432  30633776     93.53     39144   1444904  32477320     87.90  16292784  15596372       112
22:40:04       487036   1616140  30630000     93.52     39832   1445168  32477320     87.90  16292136  15597284         8
22:50:02       488452   1618812  30627236     93.51     40712   1445608  32477320     87.90  16292516  15598524        12
23:00:04       487232   1618692  30627260     93.51     41600   1445832  32477320     87.90  16292632  15599604        24
23:10:04       487248   1619380  30626504     93.51     42096   1446048  32477320     87.90  16292724  15600272        20
23:20:04       484120   1617600  30628200     93.52     42992   1446536  32477320     87.90  16292896  15601540        88
23:30:02       484160   1618744  30626988     93.51     43824   1446820  32477320     87.90  16292960  15602624        84
23:40:04       477400   1613144  30632504     93.53     44712   1447116  32477320     87.90  16293036  15603732         8
23:50:04       473036   1611612  30633996     93.53     45608   1449100  32477320     87.90  16295084  15605048        80
Average:      2617698   3997289  28253006     86.26     36694   1703427  29416813     79.62  19054390  10716253        61
### SAR_W_SA27
Linux 6.8.0-138-generic (pgain-nuc) 	08/27/26 	_x86_64_	(4 CPU)

00:00:21     pswpin/s pswpout/s
00:10:21         0.01      0.00
00:20:21         0.00      0.00
00:30:16         0.00      0.00
00:40:21         0.00      0.00
00:50:06         0.01      0.00
01:00:21         0.00      0.00
01:10:21         0.00      0.00
01:20:16         0.00      0.00
01:30:21         0.00      0.00
01:40:07         0.00      0.00
01:50:07         0.00      0.00
02:00:16         0.00      0.00
02:10:21         0.00      0.00
02:20:07         0.06      0.00
02:30:21         0.00      0.00
02:40:21         0.00      0.00
02:50:07         0.00      0.00
03:00:21         0.00      0.00
03:10:21         0.00      0.00
03:20:07         0.00      0.00
03:30:21         0.00      0.00
03:40:21         0.01      0.00
03:50:07         0.00      0.00
04:00:21         0.00      0.00
04:10:21         0.00      0.00
04:20:07         0.01      0.00
04:30:21         0.00      0.00
04:40:21         0.00      0.00
Average:         0.00      0.00

11:50:53     LINUX RESTART	(4 CPU)

12:00:04     pswpin/s pswpout/s
12:10:04         0.00      0.00
12:20:04         0.00      0.00
12:30:04         0.00      0.00
12:40:04         0.00      0.00
12:50:04         0.00      0.00
13:00:04         0.00      0.00
13:10:04         0.00      0.00
13:20:04         0.00      0.00
13:30:03         0.00      0.00
13:40:04         0.00      0.00
13:50:04         0.00      0.00
14:00:02         0.00      0.00
14:10:04         0.00      0.00
14:20:04         0.00      0.00
14:30:04         0.00      0.00
14:40:04         0.00      0.00
14:50:04         0.00      0.00
15:00:04         0.00      0.00
15:10:04         0.00      0.00
15:20:04         0.00      0.00
15:30:04         0.00      0.00
15:40:04         0.00      0.00
15:50:04         0.00      0.00
16:00:04         0.00      0.00
16:10:04         0.00      0.00
16:20:04         0.00      0.00
16:30:04         0.04     40.31
16:40:04        13.78    393.55
16:50:04         0.48      0.00
17:00:04         0.17      0.00
17:10:04         0.15      0.00
17:20:04         0.12      0.00
17:30:04         0.13      0.00
17:40:04         0.21      0.00
17:50:04         0.39      0.00
18:00:04         0.06      0.00
18:10:02         0.23      0.00
18:20:04         0.13      0.00
18:30:04         0.07      0.00
18:40:04         0.19      0.00
18:50:04         0.14      0.00
19:00:04         0.09      0.00
19:10:04         0.05      0.00
19:20:04         5.71      0.00
19:30:04         0.80     19.38
19:40:04         0.01      0.00
19:50:02         0.01      0.00
20:00:04         0.01      0.00
20:10:04         0.00      0.00
20:20:04         0.12      0.00
20:30:02         0.00      0.00
20:40:04         0.00      0.00
20:50:04         0.00      0.00
21:00:04         0.00      0.00
21:10:02         0.00      0.00
21:20:04         0.10    109.03
21:30:04         0.00      0.00
21:40:04         0.01      0.00
21:50:00         0.01      0.00
22:00:04         0.00      0.00
22:10:02         0.00      0.00
22:20:04         0.01      0.00
22:30:04         0.00      0.00
22:40:04         0.00      0.00
22:50:02         0.00      0.00
23:00:04         0.00      0.00
23:10:04         0.01      0.00
23:20:04         0.02      0.00
23:30:02         0.01      0.00
23:40:04         0.00      0.00
23:50:04         0.12      0.00
Average:         0.33      7.92
### SAR_R_SA28
Linux 6.8.0-138-generic (pgain-nuc) 	08/28/26 	_x86_64_	(4 CPU)

00:00:04    kbmemfree   kbavail kbmemused  %memused kbbuffers  kbcached  kbcommit   %commit  kbactive   kbinact   kbdirty
00:10:02       467604   1610988  30634488     93.54     47404   1452148  32477320     87.90  16296268  15609012        32
00:20:04       464956   1609360  30635992     93.54     48292   1452308  32477320     87.90  16296352  15610020        24
00:30:04       467772   1613172  30632172     93.53     48972   1452632  32477320     87.90  16296492  15610992        12
00:40:04       469164   1615748  30629500     93.52     49660   1453172  32477320     87.90  16296716  15612036       108
00:50:02       450272   1603212  30641984     93.56     50788   1458388  32477320     87.90  16296892  15618236        84
01:00:04       427044   1581320  30663636     93.62     51692   1458832  32509168     87.99  16324384  15619500       292
01:10:04       440244   1595612  30649324     93.58     52412   1459200  32477320     87.90  16297580  15620432         4
01:20:04       437756   1593912  30650996     93.59     53004   1459408  32477320     87.90  16297356  15621208        88
01:30:02       440784   1598160  30646692     93.57     53764   1459892  32477320     87.90  16297516  15622284         0
01:40:04       438624   1596768  30648044     93.58     54348   1460092  32477320     87.90  16297104  15623044        12
01:50:02       440120   1599200  30645512     93.57     54932   1460540  32477320     87.90  16297668  15623968        24
02:00:04       438144   1598484  30646116     93.57     55820   1460964  32477320     87.90  16297732  15625212        12
02:10:04       441168   1602688  30641820     93.56     56728   1461268  32477320     87.90  16297796  15626368        20
02:20:04       440052   1602872  30641572     93.56     57624   1461704  32477320     87.90  16297848  15627636        92
02:30:02       439592   1603656  30640704     93.55     58528   1462088  32477320     87.90  16297900  15628876        24
02:40:04       433780   1598996  30645296     93.57     59424   1462344  32477320     87.90  16297936  15630012         4
02:50:04       436300   1602864  30641276     93.56     60336   1462864  32477320     87.90  16298036  15631344         8
03:00:04       438360   1606152  30637944     93.55     61208   1463244  32477320     87.90  16298080  15632556         8
03:10:02       437456   1606412  30637632     93.54     62096   1463512  32477320     87.90  16298100  15633696       192
03:20:04       419728   1605412  30638404     93.55     63068   1479232  32477320     87.90  16313444  15635060        12
03:30:04       417472   1604428  30639372     93.55     63956   1479628  32477320     87.90  16313548  15636248        12
03:40:04       414932   1603072  30640652     93.55     64868   1479916  32477320     87.90  16313592  15637408         0
03:50:04       416676   1606044  30637608     93.54     65748   1480296  32477320     87.90  16313648  15638620       152
04:00:04       418516   1609300  30634212     93.53     66668   1480880  32477320     87.90  16313752  15640020         4
04:10:04       416884   1608808  30634668     93.54     67564   1481116  32477320     87.90  16314020  15641144       176
04:20:04       385480   1593356  30644896     93.57     75896   1483736  32477320     87.90  16314676  15651432        32
04:30:04       388256   1603788  30634352     93.53     76896   1490324  32477320     87.90  16320880  15652820      1124
04:40:04       384952   1611000  30626936     93.51     77940   1499732  32477320     87.90  16330024  15654128      1920
04:50:04       379256   1612904  30624820     93.51     78980   1506228  32477320     87.90  16336132  15655556      2500
05:00:04       365596   1611624  30625920     93.51     80040   1517432  32477320     87.90  16347056  15656948      3608
05:10:04       357828   1612628  30624732     93.51     81088   1525096  32477320     87.90  16354432  15658228      5656
05:20:04       348960   1612376  30624756     93.51     82128   1532552  32477320     87.90  16361592  15659612       432
05:30:04       333096   1612864  30623952     93.50     83340   1547456  32485512     87.93  16376240  15661208       340
05:40:04       320892   1611316  30625348     93.51     84408   1556952  32485512     87.93  16385468  15662528      1996
05:50:04       312700   1610772  30625732     93.51     85448   1563476  32485512     87.93  16391428  15663904      3460
06:00:04       287632   1597196  30639000     93.55     86508   1573788  32485672     87.93  16401560  15665404      3768
06:10:04       355612   1802416  30426584     92.90     98056   1693780  32330260     87.51  16461440  15498960      5368
06:20:04       363484   1819524  30409132     92.85     99096   1702024  32330264     87.51  16469104  15500388      2988
06:30:04       367756   1836504  30391932     92.79    100212   1713620  32338456     87.53  16480576  15501944       880
06:40:04       356056   1835032  30393072     92.80    101272   1722752  32346648     87.55  16489536  15503184      2624
06:50:04       345788   1833632  30394080     92.80    102296   1730624  32346648     87.55  16497048  15504616      4048
07:00:04       347044   1844368  30382936     92.77    103324   1739108  32346648     87.55  16505148  15506032      1528
07:10:04       332788   1840932  30386252     92.78    104364   1748828  32346648     87.55  16514676  15507280      3848
07:20:04       318284   1835820  30391076     92.79    105412   1757208  32346648     87.55  16522724  15508620      4792
07:30:04       302744   1829768  30396844     92.81    106444   1765640  32346648     87.55  16530824  15510032      3140
07:40:04       303292   1832360  30394180     92.80    107364   1766768  32346648     87.55  16531752  15511140        32
07:50:04       286820   1832304  30393728     92.80    108468   1782056  32346648     87.55  16543048  15516556      7540
08:00:04       287892   1842484  30383232     92.77    109516   1790160  32346648     87.55  16550812  15517932      3516
08:10:04       271904   1837004  30388492     92.78    110552   1799552  32346648     87.55  16559972  15519208      3508
08:20:04       263420   1836172  30389068     92.79    111592   1806196  32346648     87.55  16566320  15520612      4692
08:30:02       250024   1835268  30389556     92.79    112648   1817644  32346648     87.55  16577436  15522008      3108
08:40:04       241060   1835432  30389204     92.79    113672   1825696  32346648     87.55  16585292  15523220      2404
08:50:04       234180   1836720  30387688     92.78    114736   1832784  32346648     87.55  16592104  15524588      4884
09:00:04       351340   1838036  30386376     92.78    115840   1716176  32346648     87.55  16600276  15400696      2884
09:10:02       341356   1838696  30385484     92.77    116860   1725728  32346648     87.55  16609776  15402000      1472
09:20:04       312984   1818260  30405580     92.84    117936   1732604  32346648     87.55  16616212  15403596      3616
09:30:04       311352   1827776  30395696     92.81    118976   1742768  32346648     87.55  16625840  15405144      4316
09:40:03       308820   1834496  30388764     92.78    120008   1750884  32346648     87.55  16633596  15406544      1740
09:50:02       302212   1837428  30385540     92.78    121056   1759368  32346648     87.55  16641704  15408012      4396
10:00:04       287864   1839988  30382516     92.77    122184   1775040  32346648     87.55  16657004  15409496      2412
10:10:04       277164   1839768  30382508     92.77    123236   1784412  32346648     87.55  16666080  15410860       252
10:20:04       268564   1840276  30381736     92.76    124276   1792464  32346648     87.55  16673712  15412296      3300
10:30:04       257796   1839008  30382816     92.77    125304   1800904  32346648     87.55  16681792  15413716      4576
10:40:04       243272   1835180  30386336     92.78    126328   1810500  32346648     87.55  16691136  15414976      1756
10:50:04       368768   1837392  30384332     92.77    127200   1686808  32346648     87.55  16744044  15239020      4364
11:00:04       361740   1839764  30381956     92.76    128232   1695240  32346648     87.55  16752296  15240468       768
11:10:04       348412   1839012  30382600     92.77    129364   1706780  32346648     87.55  16763568  15241892      1340
11:20:04       336724   1837988  30383448     92.77    130408   1716460  32346648     87.55  16772828  15243324      4384
11:30:04       310632   1820048  30401172     92.82    131488   1723532  32360132     87.59  16789464  15244904      1000
11:40:04       307912   1830176  30390796     92.79    132544   1735228  32346648     87.55  16790832  15246284       788
11:50:04       288084   1819684  30401112     92.82    133600   1743432  32346648     87.55  16798676  15247692       972
12:00:04       289412   1830520  30390036     92.79    134952   1751532  32346648     87.55  16805172  15250668      4076
12:10:04       267812   1826292  30393936     92.80    136184   1767500  32346648     87.55  16820688  15252340      1016
12:20:04       264864   1834092  30385800     92.78    137248   1777124  32346648     87.55  16829652  15253988      1132
12:30:04       258132   1835120  30384632     92.77    138296   1783784  32346648     87.55  16835956  15255472      2736
12:40:04       246176   1834368  30385184     92.77    139344   1793828  32346648     87.55  16845724  15256824      4032
12:50:04       352372   1897072  30322756     92.58    140400   1749876  32346648     87.55  16884964  15099380      4200
13:00:04       361204   1915396  30304260     92.53    141456   1758284  32346648     87.55  16892988  15100804      4296
13:10:04       337644   1904696  30314804     92.56    142580   1769836  32346648     87.55  16904568  15101696      1644
13:20:04       328984   1906508  30313196     92.55    143640   1779200  32346648     87.55  16913716  15103176       656
13:30:04       314536   1900980  30318500     92.57    144696   1787048  32346648     87.55  16921104  15104672      1072
13:40:04       294624   1891148  30328124     92.60    146040   1795664  32359644     87.59  16939300  15106288      1848
13:50:04       287060   1894696  30324308     92.59    147096   1805684  32359644     87.59  16948860  15107768      3452
14:00:04       373528   2003572  30206160     92.23    181492   1785608  32346648     87.55  16913408  15045080      2676
14:10:04       370636   2003096  30206656     92.23    182448   1787136  32346648     87.55  16914936  15046264        84
14:20:02       368604   2002280  30207468     92.23    183320   1787572  32346648     87.55  16915012  15047516        12
14:30:04       366000   2000892  30208808     92.24    184324   1787876  32346648     87.55  16915120  15048744       140
14:40:04       360676   1996916  30212704     92.25    185188   1788400  32346648     87.55  16915252  15049956        28
14:50:04       362220   2000520  30209020     92.24    186116   1789576  32346648     87.55  16916052  15051248      1564
15:00:04       342504   1997904  30211272     92.24    187316   1805332  32346648     87.55  16931252  15053064      2092
15:10:04       332608   1999356  30209664     92.24    188360   1815556  32346648     87.55  16941160  15054356      2344
15:20:04       318036   1992600  30216164     92.26    189400   1822212  32346648     87.55  16947480  15055776      2712
15:30:04       310096   1994648  30213868     92.25    190444   1831124  32346648     87.55  16956016  15057188       412
15:40:04       300388   1995520  30212784     92.25    191508   1840540  32346648     87.55  16965036  15058472      3008
15:50:04       297004   2001516  30206584     92.23    192564   1848816  32346648     87.55  16973116  15059912      2896
16:00:04       288892   2002780  30205124     92.22    193620   1857056  32346648     87.55  16981008  15061348      2668
16:10:04       275976   2002592  30205048     92.22    194756   1868532  32346648     87.55  16992136  15062864      1836
16:20:04       392240   1997712  30209616     92.24    194768   1747356  32355948     87.58  17013252  14928104       480
16:30:04       359616   1972972  30234140     92.31    195880   1754092  32355948     87.58  17019600  14929616      2516
16:40:02       342728   1968816  30238184     92.33    196960   1765616  32355948     87.58  17030912  14930936      2128
16:50:04       334340   1969620  30237200     92.32    198060   1773616  32355948     87.58  17038532  14932440      2804
17:00:04       335308   1978832  30227556     92.29    199132   1780736  32355948     87.58  17045280  14933904        92
17:10:04       317580   1978228  30228084     92.29    200320   1796460  32355948     87.58  17060496  14935424      1672
17:20:04       318100   1989256  30216732     92.26    201400   1805872  32355948     87.58  17069780  14936860      2336
17:30:02       313940   1992912  30212900     92.25    202472   1812552  32355948     87.58  17076100  14938292      1900
17:40:04       294340   1984336  30221324     92.27    203544   1822392  32355948     87.58  17085740  14939584      2384
17:50:04       285340   1984684  30220848     92.27    204616   1830544  32355948     87.58  17093564  14941028      2580
18:00:04       282928   1991792  30213516     92.25    205656   1838956  32355948     87.58  17101572  14942488       544
18:10:02       320680   2120932  30083672     91.85    207916   1927696  32356104     87.58  17189600  14812668      1508
18:20:04       311556   2121888  30082432     91.85    208652   1936968  32356104     87.58  17198504  14813780      1932
18:30:04       304636   2123340  30080792     91.84    209396   1944528  32356104     87.58  17205532  14814856      1988
18:40:04       293784   2121592  30082404     91.85    210060   1952876  32356104     87.58  17213884  14815780      2252
18:50:02       279792   2118144  30085696     91.86    210788   1962632  32356104     87.58  17223244  14816896      1804
19:00:04       266484   2114200  30089360     91.87    211496   1971236  32356104     87.58  17231404  14818084      2168
19:10:04       260320   2116936  30086456     91.86    212228   1979328  32356104     87.58  17239152  14819184       324
19:20:04       249768   2117420  30085764     91.86    212932   1989524  32356104     87.58  17248920  14820100      1684
19:30:02       239296   2116932  30086048     91.86    213620   1998744  32356104     87.58  17258048  14821140      1420
19:40:04       368672   2252080  29950632     91.45    213088   2004840  32356104     87.58  17264376  14689012      2008
19:50:04       465560   2363268  29838844     91.11    214372   2017560  32503192     87.97  17254224  14580960      2448
20:00:04       462552   2367700  29834380     91.09    215024   2024260  32503192     87.97  17260616  14581944      2648
20:10:02       306072   2370516  29830492     91.08    215680   2182244  32510436     87.99  17422716  14583048        12
20:20:04       293904   2366316  29834616     91.09    216436   2189324  32503176     87.97  17424948  14584032       396
20:30:02       295568   2378064  29822648     91.06    217152   2198660  32503176     87.97  17434364  14585164       932
20:40:04       287624   2378652  29821996     91.05    217784   2206492  32503180     87.97  17442008  14586160       428
20:50:04       275116   2375092  29825400     91.06    218484   2214664  32504204     87.98  17449976  14587084       112
21:00:04       262320   2372820  29827408     91.07    219260   2224316  32504204     87.98  17459112  14588176       312
21:10:02       257600   2377372  29822720     91.06    219944   2232812  32504204     87.98  17467436  14589256      2508
21:20:04       243784   2372516  29827408     91.07    220644   2240996  32504204     87.98  17475204  14590184       268
21:30:04       234460   2371636  29828084     91.07    221404   2248556  32504196     87.98  17482664  14591260       520
21:40:04       355080   2451276  29748560     90.83    205212   2223968  32504196     87.98  17097340  14856808        40
21:50:02       322940   2430248  29769560     90.89    206048   2234288  32504196     87.98  17107508  14857888      4256
22:00:04       318148   2437576  29762044     90.87    206740   2245684  32504196     87.98  17118620  14858936         0
22:10:04       310308   2437748  29761808     90.87    207424   2252884  32504196     87.98  17125508  14859972        16
22:20:04       301692   2437764  29761608     90.87    208132   2260756  32504196     87.98  17133008  14861068      6192
22:30:02       300928   2445124  29753904     90.85    208852   2267972  32504196     87.98  17139900  14862136       312
22:40:04       303516   2458056  29740808     90.81    209552   2277560  32504196     87.98  17149164  14863156      3916
22:50:04       290340   2452132  29746584     90.82    210220   2284036  32504196     87.98  17155472  14864028       200
23:00:04       276608   2448980  29749592     90.83    210888   2293904  32504196     87.98  17165012  14865044      3580
23:10:04       275332   2456604  29741776     90.81    211584   2302056  32504196     87.98  17172868  14866056      3972
23:20:04       260156   2450004  29748116     90.83    212300   2309836  32504196     87.98  17180448  14866976      1248
23:30:04       252288   2450180  29747724     90.83    213040   2316972  32504196     87.98  17187264  14868064      1548
23:40:04       248188   2456480  29741196     90.81    213708   2326640  32504196     87.98  17196584  14869092      3796
23:50:04       314156   2461120  29736772     90.79    203712   2275416  32504196     87.98  17797120  14207180      2072
Average:       334873   1929441  30290393     92.48    142201   1795653  32408915     87.72  16789456  15214914      1821
### SAR_W_SA28
Linux 6.8.0-138-generic (pgain-nuc) 	08/28/26 	_x86_64_	(4 CPU)

00:00:04     pswpin/s pswpout/s
00:10:02         0.00      0.00
00:20:04         0.01      0.00
00:30:04         0.00      0.00
00:40:04         0.01      0.00
00:50:02         0.01      0.00
01:00:04         0.01      0.00
01:10:04         0.04      0.00
01:20:04         0.00      0.00
01:30:02         0.01      0.00
01:40:04         0.00      0.00
01:50:02         0.00      0.00
02:00:04         0.00      0.00
02:10:04         0.01      0.00
02:20:04         0.00      0.00
02:30:02         0.00      0.00
02:40:04         0.01      0.00
02:50:04         0.00      0.00
03:00:04         0.01      0.00
03:10:02         0.01      0.00
03:20:04         0.01      0.00
03:30:04         0.00      0.00
03:40:04         0.00      0.00
03:50:04         0.00      0.00
04:00:04         0.00      0.00
04:10:04         0.00      0.00
04:20:04         0.00      0.00
04:30:04         0.00      0.00
04:40:04         0.01      0.00
04:50:04         0.00      0.00
05:00:04         0.05      0.00
05:10:04         0.00      0.00
05:20:04         0.00      0.00
05:30:04         0.03      0.00
05:40:04         0.00      0.00
05:50:04         0.00      0.00
06:00:04         0.01      0.00
06:10:04         3.52    104.47
06:20:04         0.00      0.00
06:30:04         0.00      0.00
06:40:04         0.00      0.00
06:50:04         0.00      0.00
07:00:04         0.00      0.00
07:10:04         0.00      0.00
07:20:04         0.00      0.00
07:30:04         0.00      0.00
07:40:04         0.00      0.00
07:50:04         0.01      0.00
08:00:04         0.00      0.00
08:10:04         0.00      0.00
08:20:04         0.03      0.00
08:30:02         0.00      0.00
08:40:04         0.00      0.00
08:50:04         0.00      0.00
09:00:04         0.00      0.00
09:10:02         0.00      0.00
09:20:04         0.00      0.00
09:30:04         0.00      0.00
09:40:03         0.00      0.00
09:50:02         0.00      0.00
10:00:04         0.00      0.00
10:10:04         0.00      0.00
10:20:04         0.00      0.00
10:30:04         0.00      0.00
10:40:04         0.00      0.00
10:50:04         0.00      0.00
11:00:04         0.00      0.00
11:10:04         0.00      0.00
11:20:04         0.00      0.00
11:30:04         0.00      0.00
11:40:04         0.00      0.00
11:50:04         0.00      0.00
12:00:04         0.01      0.00
12:10:04         0.00      0.00
12:20:04         0.00      0.00
12:30:04         0.00      0.00
12:40:04         0.00      0.00
12:50:04         0.00     31.43
13:00:04         0.00      0.00
13:10:04         0.00      0.00
13:20:04         0.00      0.00
13:30:04         0.00      0.00
13:40:04         0.00      0.00
13:50:04         0.00      0.00
14:00:04         0.00     42.65
14:10:04         0.00      0.00
14:20:02         0.00      0.00
14:30:04         0.00      0.00
14:40:04         0.00      0.00
14:50:04         0.00      0.00
15:00:04         0.00      0.00
15:10:04         0.00      0.00
15:20:04         0.00      0.00
15:30:04         0.00      0.00
15:40:04         0.00      0.00
15:50:04         0.00      0.00
16:00:04         0.00      0.00
16:10:04         0.01      0.00
16:20:04         0.00      0.46
16:30:04         0.00      0.00
16:40:02         0.00      0.00
16:50:04         0.00      0.00
17:00:04         0.00      0.00
17:10:04         0.00      0.00
17:20:04         0.00      0.00
17:30:02         0.00      0.00
17:40:04         0.00      0.00
17:50:04         0.00      0.00
18:00:04         0.00      0.00
18:10:02         0.03     55.56
18:20:04         0.00      0.00
18:30:04         0.00      0.00
18:40:04         0.00      0.00
18:50:02         0.00      0.00
19:00:04         0.00      0.00
19:10:04         0.00      0.00
19:20:04         0.00      0.00
19:30:02         0.00      0.00
19:40:04         0.00     54.71
19:50:04         0.00     55.05
20:00:04         0.00      0.00
20:10:02         0.00      0.00
20:20:04         0.00      0.00
20:30:02         0.00      0.00
20:40:04         0.00      0.00
20:50:04         0.00      0.00
21:00:04         0.00      0.00
21:10:02         0.00      0.00
21:20:04         0.00      0.00
21:30:04         0.00      0.00
21:40:04         0.00     32.53
21:50:02         0.02      0.00
22:00:04         0.00      0.00
22:10:04         0.00      0.00
22:20:04         0.00      0.00
22:30:02         0.00      0.00
22:40:04         0.00      0.00
22:50:04         0.00      0.00
23:00:04         0.00      0.00
23:10:04         0.00      0.00
23:20:04         0.00      0.00
23:30:04         0.00      0.00
23:40:04         0.00      0.00
23:50:04         0.00      0.00
Average:         0.03      2.64
### SAR_R_SA29
Linux 6.8.0-138-generic (pgain-nuc) 	08/29/26 	_x86_64_	(4 CPU)

00:00:04    kbmemfree   kbavail kbmemused  %memused kbbuffers  kbcached  kbcommit   %commit  kbactive   kbinact   kbdirty
00:10:02       301828   2443400  29754364     90.85    195128   2278672  32504196     87.98  18179156  13819852      4456
00:20:04       310812   2461804  29735804     90.79    195868   2287336  32493872     87.95  18178716  13821188      4120
00:30:03       267928   2426288  29771184     90.90    196508   2294016  32497076     87.96  18186636  13822212      3160
00:40:04       309752   2466920  29730304     90.77    193312   2295952  32493872     87.95  19113840  12889428      1456
00:50:02       300044   2467060  29730108     90.77    193996   2305056  32493872     87.95  19122844  12890364      2816
01:00:04       290268   2464724  29732264     90.78    194688   2311716  32493872     87.95  19129364  12891420      2284
01:10:04       281060   2466548  29730344     90.77    195384   2321956  32493872     87.95  19139252  12892476      3048
01:20:04       265492   2459688  29737032     90.80    196160   2329768  32493872     87.95  19146860  12893460      1952
01:30:04       256768   2459752  29736812     90.79    196800   2337808  32493872     87.95  19154564  12894444      1232
01:40:04       246372   2459508  29736620     90.79    197552   2347060  32493872     87.95  19170200  12888808      1388
01:50:04       235424   2458552  29737512     90.80    198216   2356304  32493872     87.95  19179112  12889816      1204
02:00:04       279396   2508780  29687088     90.64    200848   2359900  32493872     87.95  20295956  11736684      2860
02:10:04       266656   2505416  29690368     90.65    201636   2368352  32493872     87.95  20304072  11737852      2336
Average:       277831   2465265  29731523     90.78    196623   2322607  32494913     87.95  19100044  12928308      2486
### SAR_W_SA29
Linux 6.8.0-138-generic (pgain-nuc) 	08/29/26 	_x86_64_	(4 CPU)

00:00:04     pswpin/s pswpout/s
00:10:02         0.00      0.00
00:20:04         0.00      0.00
00:30:03         0.00      0.00
00:40:04         0.00      1.36
00:50:02         0.00      0.00
01:00:04         0.00      0.00
01:10:04         0.00      0.00
01:20:04         0.00      0.00
01:30:04         0.00      0.00
01:40:04         0.00      0.00
01:50:04         0.00      0.00
02:00:04         0.00     17.66
02:10:04         0.00      0.00
Average:         0.00      1.46
